kannada_source|lambani_target|lambani_predicted
ಹುಡುಗನಿಗೆ ಏನಾದರೂ ಬೇಕು .|ಛೋರಾನ ಕಾ೦ಯೀತೊಯೀ ಚಾಯೆ .|ಛೋರಾನ ಕಾಂಯಿ ತೊಯೀ ಚಾವಚ .
ನಾವೆಲ್ಲರೂ ಒಂದಾಗೋಣ .|ಅಪಣಸೆ ಏಕ್ ವೇಮಾ .|ಅಪಣ ಸೆ ಏಕ್ ಜಾಮಾ .
ಆದರೆ ಅವನು ತುಂಬಾ ಸಿಹಿ .|ಪಣ ಉ ಘಣ ಮಿಟೋ ಛ .|ಪಣ ವು ಘಣ್ ಮಿಠಾಯಿ ಚ .
ಅವಳು ನನ್ನ ಚಿಕ್ಕಮ್ಮ .|ಉ ಮಾರ್ ಮಾಶಿ ಛ .|ವು ಮಾರ್ ಯಾಡಿ ಚ .
ಯಶಸ್ಸು ನಿಮ್ಮದೇ .|ಸಫಲತಾ ತಮಾರ್ ಚ .|ಯಶಸ್ ತಾರ್ ಚ .
ನಾನು ಅದನ್ನು ಕಂಡುಹಿಡಿಯಬೇಕು .|ಮ ವೊನ ಧುನ್ದಣು .|ಮನ್ ವು ಕಂಡನು .
ನನಗೆ ತುಂಬಾ ದುಃಖವಾಗಿದೆ .|ಮ ಘಣ ದುಃಖಿ ಚು .|ಮನ್ ಘಣ ದುಃಖ್ ವೇಗಿಚ್ .
ನಾನು ಇದನ್ನು ನೋಡಿದ್ದೇನೆ .|ಮ ಏನ್ ದಿಟಿಚು .|ಮ ಏನ್ ದೇಕಮಲೋಚು .
ನಾನು ಹೋಗಲಿದ್ದೇನೆ .|ಮ ಜಾಯೆವಾಳೋಚು .|ಮ ಜಾರೊಚು .
ಇದು ತುಂಬಾ ದೊಡ್ಡದು .|ಈ ಘಣ ಮೊಟಚ .|ಈ ಘಣ ಮೋಟೋ ಛ .
ಅದನ್ನು ಸರ್ಕಾರ ನಿರ್ಧರಿಸಬೇಕು .|ಓನ್ ಸರ್ಕಾರ್ ನಿರ್ಧಾರ್ ಕರಣು .|ಓನ್ ಸರ್ಕಾರ್ ನಿರ್ಧಾರ್ ಕರಣು .
ಅವರ ಆರೋಗ್ಯ ಸರಿಯಿಲ್ಲ .|ವನೂರ್ ಆರೋಗ್ಯ ಠೀಕ್ ಛೆನೀ .|ವೊರ್ ಆರೋಗ್ಯ ಠೀಕ್ ಛೆನಿ .
ನೀವು ಅಲ್ಲಿಗೆ ಹೋಗಲು ಸಾಧ್ಯವಿಲ್ಲ .|ತಮೆನ್ ವತ್ತ ಜಾಯೇನ್ ವೆನಿ .|ತಮ್ ವತ್ತ ಜಾಯೆನ್ ಸಾಧ್ಯ ಛೆನೀ .
ನಮಗೆ ಅನೇಕ ಅವಕಾಶಗಳಿವೆ .|ಹಮೆನ್ ಕತ್ರಾಕೋ ಅವಕಾಶ ಚ .|ಹಮೆನ್ ಘಣ ಅವಕಾಶ ಛ .
ಇದು ಯಾವಾಗಲೂ ಕೆಲಸ ಮಾಡುತ್ತದೆ .|ಈ ಕನ್ನಾಯಿಭಿ ಕಾಮ್ ಕರಚ್ .|ಈ ಕನ್ನಾಯಿಭಿ ಕಾಮ್ ಕರಚ .
ಇದನ್ನು ಎಲ್ಲರೂ ಪ್ರತಿಭಟಿಸಬೇಕು .|ಏನ್ ಸೆ ಪ್ರತಿಭಟನೆ ಕರಣು .|ಏನ್ ಸೆ ಪ್ರತಿಭಟನೆ ಕರಣು .
ಮೂರನೇ ವರ್ಗವಿಲ್ಲ .|ತಿನೇ ವರ್ಗ ಛೆನೀ .|ತೀನ್ ನೆ ವರ್ಗ ಛೆನೀ .
ಇನ್ನು ಕೆಲವರು ಮುಂದೆ ಹೋಗುತ್ತಾರೆ .|ಅಜಿ ದಸೆಕ್ ಆಂಗ್ ಜಾವಚ .|ಅಬ್ ದಸೆಕ್ ಆಂಗ್ ಜಾವಚ .
ನನಗೆ ನಿಖರವಾಗಿ ಗೊತ್ತಿಲ್ಲ .|ಮನ್ ಠೀಕ್ ಮಾಲಮ್ ಛೆನಿ .|ಮನ್ ಖರೆ ಮಾಲಮ್ ಛೆನಿ .
ನಾನು ಅದನ್ನು ಸಂತೋಷದಿಂದ ಮಾಡುತ್ತೇನೆ .|ಮ ಓನ್ ಖುಶೀತಿ ಕರುಚು .|ಮ ಖುಶೀತಿ ಓನ್ ಕರುಚು .
ನಾನು ವೈದ್ಯನಾಗಬಹುದೇ ?|ಮ ಡಾಕ್ಟರ್ ವು ಕಾ೦ಯೀ ?|ಮ ಡಾಕ್ಟರ್ ವೇಣು ಕ ?
ಆದರೆ ಮಾತು ಮಾತ್ರ ಇತ್ತು .|ಪಣ ಬರೆ ವಾತೆ ವೇತ್ತಿ .|ಪಣ ವಾತೇ ಅತ್ರಾಜ್ ವೇತ್ತಿ .
ನಮಗೆ ಎಷ್ಟು ಸಮಯವಿದೆ ?|ಹಮೆನ್ ಕತ್ರಾ ಟೈಮ್ ಛ .|ಅಪಣ ಕತ್ರಾ ಸಮಯ ಚ ?
ನಾನು ನಿನಗಾಗಿ ಮಾಡಿದ್ದೇನೆ .|ಮ ತಾರ್ ಸಾರು ಕಿದಿಚು .|ಮ ತಾರ ವಾಸ ಕಿದೋಚು .
ದಯವಿಟ್ಟು ಅವನನ್ನು ಕರೆಯುತ್ತೀರಾ .|ಕೃಪಯಾ ವೊನ ಬಲಾವೊಚೊ ?|ಕೃಪಯಾ ವೊನ ಬಲಾವೊಚೊ ?
ಆ ಕೆಲಸ ಸುಲಭವಾಗಿತ್ತು .|ಉ ಕಾಮ್ ಸರಳ ವೇತ್ತಿ .|ಉ ಕಾಮ್ ಸರಳ್ ವೇತ್ತಿ .
ನಾನು ಬೇಗ ಮದುವೆಯಾಗಬೇಕು .|ಮ ಜಲ್ದಿ ವಾಯಾ ಕರನು .|ಮ ಜಲ್ದಿ ವಾಯಾ ಕರನು .
ನಾನು ಚೆನ್ನಾಗಿ ಮಾತನಾಡುವುದಿಲ್ಲ .|ಮ ಠೀಕ್ ವಾತೆ ಕರುನಿ .|ಮ ಠೀಕ್ ವಾತೆ ಕರುನಿ .
ಅವರು ನಮಗೆ ಸುಳ್ಳು ಹೇಳಿದರು .|ವೊ ಹಮೇನ್ ಲಬಾಡಿ ಕೆ .|ವೊ ಹಮೆನ್ ಲಬಾಡಿ ಕೆ .
ಸೀತೆ ನನ್ನ ಮಗಳು .|ಸೀತಾ ಮಾರ್ ಬೇಟಿ ಚ .|ಸೀತಾ ಮಾರ್ ಬೇಟಿ ಚ .
ನೀವು ಏನು ಕುಡಿಯುತ್ತೀರಿ ?|ತು ಕಾಂಯಿ ಪಿಯೆಚಿ ?|ತು ಕಾಂಯಿ ಪಿರೋಚಿ ?
ಈ ಸಮಸ್ಯೆ ಸರಳವಾಗಿದೆ .|ಇ ಸಮಸ್ಯೆ ಸರಳ್ ಚ .|ಈ ಸಮಸ್ಯೆ ಸರಳ್ ಛ .
ಇದು ಎಲ್ಲರಿಗೂ ಕೆಲಸ ಮಾಡಬೇಕು .|ಈ ಸೇರಿ ಸಾರು ಕಾಮೆನ್ ಆಣು .|ಈ ಸೇರಿ ಸಾರು ಕಾಮ್ ಕರಣು .
ಅವರು ಅದರಲ್ಲಿ ಒಳ್ಳೆಯವರು .|ಓ ಓರ್ಮಾಯಿ ಘಣ ಆಚೆ ಛ .|ಓ ಓರ್ಮಾಯಿ ಆಚೊ ಛ .
ನೀನು ಬಹಳ ಶ್ರೀಮಂತ .|ತು ಘನ್ ಸಾವ್ಕಾರ್ ಛಿ .|ತು ಘಣ ಸಾವಕಾರ ಚಿ .
ಹಣ್ಣುಗಳು ಆರೋಗ್ಯಕ್ಕೆ ಒಳ್ಳೆಯದು .|ಫಳ ಜೀವೆನ್ ಘಣೋ ಆಚೋಚ .|ಫಳ್ ನೋ ಜೀವೆನ ಆಚೊ ರಚ .
ನನಗೆ ಪ್ರಯಾಣ ಇಷ್ಟವಿಲ್ಲ .|ಮನ್ ಯಾತ್ರಾ ಕರೆರ್ ಪಸಂದ್ ಛೆನಿ .|ಮನ್ ಯಾತ್ರಾ ಇಷ್ಟಾ ಛೆನೀ .
ನಿಮ್ಮ ಆರೋಗ್ಯ ಸುಧಾರಿಸುತ್ತದೆ .|ತಮಾರ್ ಆರೋಗ್ಯ ಸುಧಾರಣಿ ವಚ .|ತಮಾರ್ ಆರೋಗ್ಯ ಸುಧಾರ್ ವಚ .
ಆಹ್ವಾನವನ್ನು ಸ್ವೀಕರಿಸಲಾಯಿತು .|ಆಹವಾನ್ ಸ್ವೀಕಾರ್ ಕಿದೆಚ್ .|ತಮಾರ್ ಬಲಾಯೇ .
ಇದು ಪ್ರಮುಖ ಸಾಧನೆಗಳು .|ಇ ಏಕ್ ಪ್ರಮುಖ ಸಾಧನೆ ಚ .|ಈ ಏಕ್ ಪ್ರಮುಖ ಸಾಧನೆ ಛ .
ನಿನಗೆ ಅವಳು ಗೊತ್ತಾ ?|ತೋನ ವು ಛೋರಿ ಮಾಲಮ ಚ ಕ ?|ತೋನ ವು ಮಾಲಮ್ ಚ ಕ ?
ಚೀನಾ ದೊಡ್ಡ ದೇಶ .|ಚೀನಾ ಏಕ್ ಮೋಟೋ ದೇಶ ಚ .|ಚೀನಾ ಮೋಟೋ ದೇಶ್ ಛ .
ಹೊಸ ರಾಜನಿಲ್ಲ .|ರಾಜಾನ ಮ ಕ ಜಕೋಣ ಛೆನಿ .|ನವವೋ ರಾಜಿ ಕಾವ .
ನೀವು ಏನು ಕೇಳುತ್ತಿದ್ದೀರಿ ?|ತಮ್ ಕಾ೦ಯೀ ಪುಚ್ರೆಚೊ ?|ತು ಕಾಂಯಿ ಪುಚರೊಚಿ ?
ಇದು ಮೇಜಿನ ಕೆಳಗೆ ಇದೆ .|ವು ಟೇಬಲೇರ್ ಹೆಟ್ ಚ .|ಈ ಟೇಬಲ್ ಹೆಟ್ ಛ .
ಹಲವಾರು ವ್ಯತ್ಯಾಸಗಳಿವೆ .|ಘಣ್ ವ್ಯತ್ಯಾಸ ಚ .|ಘಣ ವ್ಯತ್ಯಾಸ ಛ .
ಅದು ನಿಮ್ಮ ಹಾಗಿದೆ .|ಈ ತಮಾರ್ನಾಯಿಚ .|ವು ತಾರ ಹರಾಜ್ ಚ .
ನಾನು ಅವನನ್ನು ಹೆಚ್ಚು ಇಷ್ಟಪಡುವುದಿಲ್ಲ .|ಮ ಓನ್ ಜಾಸ್ತಿ ಇಷ್ಟಾ ಕರುನಿ .|ಮನ್ ವು ಘಣ್ ಪಸಂದ್ ಛೆನಿ .
ಅವಳ ಹೆಸರೇನು ?|ಓರ್ ನಾಮ್ ಕಾ೦ಯೀಚ ?|ಓರ್ ನಾಮ್ ಕಾ೦ಯೀ ಛ ?
ನಾನು ಅವನನ್ನು ನೋಡಲು ಬಯಸುತ್ತೇನೆ .|ಮನ್ ವೊನ್ ದೇಕಣು ಅನಸಾರಿಚ .|ಮ ಓನ್ ದೆಕನು ಕರನ್ ಬಯಸುಚು .
ಇದನ್ನು ನಂಬಲು ಸಾಧ್ಯವಿಲ್ಲ .|ಏನ್ ನಂಬೆನ್ ಸಾಧ್ಯ ಚೇಯಿ .|ಏನ್ ನಂಬೆನ್ ಸಾಧ್ಯ ಛೆನೀ .
ಇದನ್ನು ಮರೆಯಲು ಸಾಧ್ಯವಿಲ್ಲ .|ಏನ್ ಭುಲೇನ್ ಸಾಧ್ಯ ಛೆಯೀ .|ಏನ್ ಭುಲೇನ್ ಸಾಧ್ಯ ಛೆನೀ .
ನಿಮ್ಮ ಕೆಲಸವನ್ನು ಸಂಪೂರ್ಣವಾಗಿ ಮಾಡಿ .|ತಮಾರ್ ಕಾಮ್ ಪೂರ್ತಿಕರೋ .|ತು ತಾರ್ ಕಾಮ್ ಪೂರಾ ಕರ್ .
ಅವನಿಗೆ ಅದು ಇಷ್ಟವಾಗಲಿಲ್ಲ .|ವೊನ ವು ಪಸಂದ್ ಆಯಿಕೋನಿ .|ವು ವೊನ ಪಸಂದ್ ಛೆನಿ .
ಏನನ್ನೂ ಅಧ್ಯಯನ ಮಾಡಬೇಡಿ .|ಕಾಯಿ ಅಧ್ಯಯನ ಕರೋ ಮತ್ .|ಕಾಂಯಿ ಅಧ್ಯಯನ ಕರೋಮತ್ .
ಜನ ಸಿನಿಮಾ ನೋಡುತ್ತಿದ್ದಾರೆ .|ಲೋಕ್ ಸಿನೆಮಾ ದೇಕರೆಚ .|ಸಿನೆಮಾ ದೇಕರೆಚ .
ನಮ್ಮ ಬಗ್ಗೆ ಮರೆಯಬೇಡಿ !|ಹಮಾರ್ ಬಗ್ಗೆ ಭುಲಮತ್ .|ಹಮಾರ್ ಬಗ್ಗೆ ಭೂಲೋಮತ್ .
ನಾವು ಇನ್ನು ಮಾತನಾಡುವುದಿಲ್ಲ .|ಹಮ್ ಅಜಿ ವಾತೇ ಕರಾನಿ .|ಹಮ್ ಅಜಿ ವಾತೆ ಕರಾನಿ .
ಅದೊಂದು ಸರಳ ಚಿತ್ರ .|ಉ ಏಕ್ ಸರಳ್ ಚಿತ್ರ ಛ .|ಉ ಏಕ್ ಸರಳ್ ಸಿನೆಮಾ ಛ .
ನೀವು ಅದನ್ನು ನೋಡುತ್ತೀರಾ ?|ತಮ್ ಏನ್ ದೇಕೋ ಚೊ ಕ ?|ತು ವೊನ್ ದೇಕೆಚಿ ಕ ?
ನಾನು ಕಾರು ಚಾಲಕ .|ಮ ಕಾರ್ ಡ್ರೈವರ್ ಚು .|ಮ ಕಾರ್ ಡ್ರೈವರ್ ಚು .
ಅವನು ಕೇವಲ ಒಂದು ಮಗು .|ಉ ಬರಿ ಏಕ್ ಪಾಪು ಛ .|ಉ ಕೇವಲ ಏಕ್ ಪಾಪು ಛ .
ನಾವೆಲ್ಲರೂ ಅಲ್ಲಿಗೆ ಹೋಗಿದ್ದೇವೆ .|ಹಮ್ ಸೆ ವತ್ತ ಗೆಚಾ .|ಹಮ್ ಸೆ ವತ್ ಜಾಮಲೆಚಾ .
ನೀವು ಶಾಲೆಗೆ ಹೋಗುತ್ತೀರಾ ?|ತು ಸಾಲಿನ ಜಾಯೆಚಿ ?|ತು ಸಾಲಿನ್ ಜಾಯೆಚಿ ಕ ?
ಮೂರು ಕ್ಷೇತ್ರಗಳಲ್ಲಿ .|ತೀನ್ ಕ್ಷೇತ್ರೇಮ .|ತೀನ್ ಕ್ಷೇತ್ರ ಮಾಯಿ .
ಇದು ಯಾವಾಗ ಸಂಭವಿಸಿತು ?|ಈ ಕನ್ನಾ ವೇ ?|ಈ ಕನ್ನ ಸಂಭವಿಚ ?
ಇವೆಲ್ಲ ಬೇಕು .|ಏ ಸೇಜ ಚಾವಚ್ .|ಈಸೆ ಚಾಯ .
ಅವರು ನಾಳೆ ಬರುತ್ತಾರೆ .|ವೊ ಸವಾರ್ ಆವಚ .|ವೊ ಸವಾರ ಆವಚ .
ಇಲ್ಲದಿದ್ದರೆ ಬೀಳುತ್ತದೆ .|ನಿಕಾಣಿ ವು ಪಡಚ .|ನಿಕಾಣಿ ಪಡಚ್ .
ಅವರು ಸುಳ್ಳು ಹೇಳುವುದಿಲ್ಲ .|ವು ಲಬಾಡಿ ಕೇನಿ .|ವೊ ಲಬಾಡಿ ಕೇನಿ .
ಒಬ್ಬರು ಹೋಗಬೇಕಾಗಿತ್ತು .|ಏಕ್ ಮಾಣಸ್ ಜಾಣು .|ಎಕ್ಲೆ ಜಾಯೆರ್ ವೇತ್ತಿ .
ನೀವು ಬೇಗನೆ ತಿನ್ನಬೇಕು .|ತಮ್ ಜಲ್ದಿ ಖಾಣು .|ತಾರ್ ಜಲ್ದಿ ಖಾಣು .
ನಿಮಗೆ ಯಾವುದೇ ಅವಕಾಶವಿಲ್ಲ .|ತಮೆನ್ ಅವಕಾಶ ಛೆಯೀ .|ತೋನ್ ಎಕ್ಕಿ ಅವಕಾಶ ಛೆನಿ .
ಮನೆಯಲ್ಲಿ ತಾಯಿ ಇದ್ದರು .|ಯಾಡಿ ಘರೆಮ್ ವೇತ್ತಿ .|ಘರೆಮ್ ವೇತ್ತಿ .
ಈ ಔಷಧಿಯನ್ನು ತೆಗೆದುಕೊಳ್ಳಿ .|ಈ ಔಷಧ ಲ .|ಈ ಔಷದ್ ಲೋ .
ನಾನು ಸೋಲುವುದಿಲ್ಲ !|ಮ ಸೋತುನಿ .|ಮ ಸೋವುನಿ .
ನಿಖರವಾಗಿ ಅದು ಏನು ?|ಇಜ್ ಠೀಕ್ ಚ .|ಖರೆ ಉ ಕಾ೦ಯೀ ಛ ?
ನಾನು ಚಹಾ ಕುಡಿಯುತ್ತಿದ್ದೇನೆ .|ಮ ಚಾ ಪಿರೋಚು .|ಮ ಚಾ ಪಿರೊಚು .
ಇನ್ನು ಯಾರು ಬರುತ್ತಿದ್ದಾರೆ ?|ಅಜಿ ಕುಣ ಆರೋಚ ?|ಅಜಿ ಕುಣ ಆರೋಚ ?
ಅವನಿಗೆ ಇದು ಸಾಕು .|ಇ ವೊನ ಘಣ್ ಚ .|ವೊನ್ ಈ ಧೇರ್ ಚ .
ನೀವು ಯಾಕೆ ಓದುತ್ತಿದ್ದೀರಿ ?|ತಮ್ ಕಾ ವೊದರೆಚೊ ?|ತು ಕಾ ವೊದರೊಚಿ ?
ನಾನು ಸ್ವಲ್ಪ ಅಳುತ್ತಿದ್ದೆ .|ಮ ದಸೆಕ್ ರೋರಿತಿ .|ಮ ದಸೆಕ್ ರೋರೋತೋ .
ಕೇಳಲು ಪರವಾಗಿಲ್ಲ .|ಸಾಮಳೆನ್ ಠೀಕ್ ಚ .|ಸಾಮಳೆನ್ ಕಾಂಯಿ ಚಾಲಚ .
ದಯವಿಟ್ಟು ಅದನ್ನು ಬರೆಯಿರಿ .|ಕೃಪಯಾ ವು ಲಕ್ಕ .|ಕೃಪಯಾ ವೊನ ಲಕ್ಕೋ .
ಅದು ಸಮಸ್ಯೆಯೇ ಅಲ್ಲ .|ಉ ಸಮಸ್ಯೆ ಕಾವ್ .|ವು ಸಮಸ್ಯೆ ಕಾವ .
ಹುಡುಗಿ ಕೆಳಗೆ ಬಿದ್ದಳು .|ಛೋರಿ ಹೇಟ ಪಡಗಿ .|ಛೋರಿ ಹೆಟ್ ಪಡಗಿ .
ಜೋರಾಗಿ ಮಳೆ ಸುರಿಯಿತು .|ಪಾಣಿ ಜೋರ್ ಪಡೋ .|ಜೋರ್ ಪಾಣಿ ಪಡಿಚ್ .
ನಾನು ಈಗ ತಿನ್ನುತ್ತಿದ್ದೇನೆ .|ಮ ಅಬ್ ಖಾರೊಚು .|ಮ ಅಬ್ಬೆ ಖಾರೊಚು .
ಇತಿಹಾಸದ ಎಳೆ .|ಇತಿಹಾಸೇರ ಏಳಿ .|ಇತಿಹಾಸೇರ ಎನ್ ಚ .
ನಾವು ಬಹಳಷ್ಟು ನಡೆದೆವು .|ಹಮ್ ಘಣ್ ಚಾಲೆ .|ಹಮ್ ಘಣ ಚಾಲೆಚಾ .
ಇದು ಅದೇ ಅಲ್ಲ .|ಈ ವೊರ್ ನಾಯಿ ಕಾವ .|ಈ ಉಜ ಕಾವ .
ಅವನು ಇನ್ನೂ ಬಂದಿಲ್ಲ .|ಉ ಅಜಿ ಆಯೆಕೊಂತಿ .|ವು ಅಜಿ ಆಯೆಕೊಂತಿ .
ಅದು ಎಷ್ಟು ಹಿಂದೆ ?|ಉ ಕತ್ರಾ ಲಾರ್ ಛ .|ಉ ಕತ್ರಾ ಲಾರ್ ಛ .
ರಾಮ್ ಚಾಲಕ .|ರಾಮ ಡ್ರೈವರ್ ಚ .|ರಾಮ ಡ್ರೈವರ್ ಚ .
ಅಲ್ಲಿಗೆ ಹೋಗಬೇಡಿ .|ವತ್ತ ಜಾವೊಮತ್ .|ವತ ಜಾವಮತ್ .
ಇದು ದೂರದಲ್ಲಿದೆ .|ಈ ಘಣ ದುರ್ ಛ .|ವು ಘಣ್ ದೂರ್ ಚ .
ಲೇಖಕರು ಯಾರು ?|ಲೇಖಕ ಕುಣ ಚ ?|ಲೇಖಕ ಕುಣ ಚ ?
ಅವರು ಮನೆಯಲ್ಲಿದ್ದಾರೆ .|ಓ ಘರೇಮ್ ಛ .|ವೊ ಘರ್ ಚ .
ಮತ್ತು ಈ ಮಹಿಳೆ ?|ಅನ್ ಈ ಬಾಯಿಗೋಳೆ ?|ಅನ ಈ ಬಾಯಿಗೋಳೆ ಛ ಕ ?
ಅಲ್ಲಿ ವಿಫಲವಾಯಿತು .|ವತ್ ಫೇಲ್ ವೇಗಿ .|ವತ್ತ ಹಾಲ ವೇಗಿಚ್ .
ನಾನು ಕೆಲಸ ಮಾಡುತ್ತೇನೆ .|ಮ ಕಾಮ ಕರುಚು .|ಮ ಕಾಮ್ ಕರುಚು .
ಅವರು ಹಿಂತಿರುಗಿದ್ದಾರೆ .|ಓ ಹೊಟೊ ಆಯೇಚ .|ಓ ಹೊಟೊ ಆಯೇಚ .
ಸ್ವಲ್ಪ ಗಾಳಿ ಇದೆ .|ದಸೆಕ್ ವಾಳ ಚ .|ದಸೆಕ್ ವಾಳ್ ಛ .
ರಾತ್ರಿ ಬರುತ್ತೇನೆ .|ರಾತ್ ಆವುಚು .|ರಾತ್ ಆವುಚು .
ಇದು ನಮ್ಮದು !|ಈ ಹಮಾರ್ ಛ .|ಇ ಹಮಾರ್ ಚ .
ನಾನು ಗೆಲ್ಲಬೇಕು .|ಮ ಗೆದ್ದಣು .|ಮ ಜೀತಣು .
ಅದು ಆಗಲಿಲ್ಲ .|ಉ ಹುಯಿಕೋನಿ .|ಉ ಹುಯಿಕೋನಿ .
ಸಹಿಸಲು ಸಾಧ್ಯವಿಲ್ಲ .|ಸಹಿಸಾಯೆನ್ ಸಾಧ್ಯ ಛೆಯೀ .|ಸಹಿಸೇರ್ ವೇನಿ .
ಚಿತ್ರದ ಕಥೆ .|ಪಿಚ್ಚರೇರ್ ಸಾಕಿ ಚ .|ಸಿನೇಮಾರ್ ಸಾಖಿ .
ಜನರನ್ನು ರಂಜಿಸಿದರು .|ವು ಲೋಗುನ ಮನೋರಂಜನ ದಿನೋ .|ಲೊಕುನ್ ಮನರಂಜನೆ ಕಿದೆ ಛ .
ನನಗೆ ಕಷ್ಟವಾಗಿದೆ .|ಮನ್ ಕಷ್ಟ ವೇಂಲಿಚ್ .|ಮನ್ ಘಣ ಕಷ್ಟಾ ಛ .
ಇದು ಕಾಳಜಿ ಅಲ್ಲ .|ಈ ಕಾಂಯಿ ಚಿಂತ್ಯಾರ ವಾತ್ ಕಾವ .|ಈ ಕಾಳಜಿ ಕಾವ .
ಕಾನೂನು ಬದಲಾಗಿಲ್ಲ .|ಕಾನೂನ್ ಬದ್ಲಿ ಹುಯಿಕೊಂತಿ .|ಕಾನೂನ್ ಬದಲೋಕೊಂತಿ .
ಯಾರೂ ಮಾತನಾಡುತ್ತಿಲ್ಲ .|ಕೋಇ ವಾತೇ ಕರ್ರೆ ಕೊಂತಿ .|ಕೊಯಿ ವಾತೆ ಕರರೆಕೊಂತಿ .
ಹಾಗಾಗಿ ಇದು ಸುಳ್ಳು .|ಜೇರ್ಸಾರು ಈ ಲಬಾಡ್ ಛ .|ಪಣ ಈ ಲಬಾಡ್ ಛ .
ನೀವು ಪರಿಶೀಲಿಸಿ .|ತು ಏನ್ ಚೆಕ್ ಕರ್ .|ತಾರ್ ಪರಿಶೀಲನೆ ಕರೋ .
ಅವಕಾಶ ಹೇಗೆ ಬಂತು ?|ಅವಕಾಶ ಕು ಆಯೀಚ .|ಅವಕಾಶ ಕು ಆಯೋ ?
ಅವನಿಗೆ ಮಕ್ಕಳಿರಲಿಲ್ಲ .|ಓನ್ ಛಿಜಿಯಾಪರ್ ವೆತ್ತೆಕೋನಿ .|ಓನ್ ಛಿಜಿಯಾಪರ್ ವೇತ್ತಿ ಕೋನಿ .
ಪ್ರಮುಖ ಸಮಸ್ಯೆ ನೀರು .|ಪ್ರಮುಖ ಸಮಸ್ಯೆ ಕತೋ ಪಾಣಿ .|ಏಕ್ ಪ್ರಮುಖ ಸಮಸ್ಯೆ ಪಾಣಿ .
ವ್ಯವಸ್ಥೆ ಬದಲಾಗಬೇಕು .|ವ್ಯವಸ್ಥೆ ಬದ್ಲಿ ವೇಣು .|ವ್ಯವಸ್ಥೆ ಬದ್ಲಿ ವೇಣು .
ಅದಕ್ಕೆ ಹಾನಿಯಾಗಿಲ್ಲ .|ಓನ್ ಹಾನಿ ಹುಯಿಕೊಂತಿ .|ಓನ್ ನೂಕ್ಸಾನ್ ಹುಯಿಕೊಂತಿ .
ಅದೊಂದು ಕೆಟ್ಟ ಪುಸ್ತಕ .|ವು ಮಾಂದೊ ಪುಸ್ತಕ್ ಚ .|ವು ಏಕ್ ಮಾಂದೊ ಪುಸ್ತಕ್ ಚ .
ಇದಕ್ಕೆ ಕಾರಣವೇನು ?|ಏನ್ ಕಾರಣ್ ಕಾ೦ಯೀ ಛ ?|ಏರ್ ಕಾರಣ್ ಕಾಂಯಿ ಚ ?
ನೋಡಲು ತುಂಬಾ ಇತ್ತು .|ದೆಕೇರ್ ಘಣ ವೇತ್ತಿ .|ದೆಕೇನ ಘಣ ವೇತ್ತಿ .
ಆಗಲಿಲ್ಲ .|ಹಯಿ ಏಕೋನಿ .|ಹುಯಿಕೋನಿ .
ಸಮಸ್ಯೆ ಏನು ?|ಸಮಸ್ಯೆ ತೊ ಕಾಯಿ ಛ ?|ಸಮಸ್ಯೆ ಕಾ೦ಯೀ ಛ ?
ಸಮಯ ಏನು ?|ಟೈಮ್ ಕತ್ರಾ ವೇಗಿಚ .|ಟೈಮ್ ಕಾ೦ಯೀ ವೆರಿಚ್ ?
ಇದು ಸಾಧ್ಯವಿಲ್ಲ .|ಈ ಸಾಧ್ಯ ಛೆನಿ .|ಈ ಸಾಧ್ಯ ಚೇಯಿ .
ಅವಳು ಸ್ವಂತವಾಗಿ ಬದುಕುತ್ತಾಳೆ .|ವು ಎಕ್ಲಿ ರಚ .|ವೊರ್ ಸ್ವಂತ್ ಬಚಚ .
ಅವರು ಸತ್ಯವನ್ನೇ ಮಾತನಾಡಬೇಕು .|ವೊ ಖರೆ ಕೇಣು .|ಓ ಖರೆ ವಾತೆ ಕರಣು .
ನಾಚಿಕೆ ಪಡಬೇಡಿ .|ಲಾಜ್ ಕರಮತ್ .|ಮ ಲಾಜ್ ಲಾವೋ ಮತ್ .
ಮತ್ತೆ ಬರುತ್ತೇನೆ ಎಂದು ಭರವಸೆ .|ಅಜಿ ಆವುಚು ಕರನ್ ಭರೋಸಾ ಛ .|ಅಜಿ ಏಕ್ ವಣಾ ಆವುಚು ಕರನ್ ಭರೋಸಾ ದೂಚು .
ನನ್ನ ಬಗ್ಗೆ ಏನಾದರೂ ಕೇಳು .|ಮಾರ್ ಬಗ್ಗೆ ಕಾಯಿ ತೊಯೀ ಪುಚ್ .|ಮಾರ್ ಬಗ್ಗೆ ಕಾ೦ಯೀ ತೊಯೀ ಕೇಳ್ ಛ .
ಈ ಬಾರಿ ಊಟ ಚೆನ್ನಾಗಿತ್ತು .|ಅಬ್ಬೆಸಲಾ ಊಟ ಠೀಕ್ ವೇತ್ತಿ .|ಅಬ್ಬೆರ್ ಸಲಾ ಬಾಟಿ ಠೀಕ್ ವೇತ್ತಿ .
ನಾನು ಎಂದಿಗೂ ಕೆಲಸ ಬಿಡುವುದಿಲ್ಲ .|ಮ ಕನ್ನಾಯಿಭಿ ಕಾಮ್ ಛೋಡುನೀ .|ಮ ಕನ್ನಾಯಿ ಕಾಮ್ ಛೋಡುನಿ .
ಅವನು ಬೇಗ ಏಳುವುದಿಲ್ಲ .|ವು ಪರ್ಬಾತಿ ಜಲ್ದಿ ವೂಟೇನಿ .|ವು ಜಲ್ದಿ ವುಟೇನಿ .
ಅವನು ನಮಗೆ ಬೇಕಾದ ವ್ಯಕ್ತಿ .|ವು ಹಮೇನ್ ಚಾವಜೋಣ ಮಾಣಸ್ ಚ .|ವು ಹಮೆನ್ ಚಾವ ಜೋಣ ಮಾಣಸ್ ಚ .
ಅವರೊಬ್ಬ ಅದ್ಭುತ ಪ್ರತಿಭೆ .|ವು ಏಕ್ ಅದ್ಭುತ ಪ್ರತಿಭೆ ಚ .|ಉ ಏಕ್ ಅದ್ಭುತ ಪ್ರತಿಭೆ ಛ .
ಅದರಲ್ಲಿ ಬಹುಪಾಲು ನಿಜ .|ಓಮಾಯಿ ಜಾಸ್ತಿ ಪಾಲ್ ಖರೆ ಛ .|ವೊಮ ಜಾಸ್ತ್ ವೇಣು ಜು ಖರೆ ಚ .
ಪರೀಕ್ಷೆಗೆ ಚೆನ್ನಾಗಿ ಓದಿದೆ .|ಪರೀಕ್ಷಾ ಸಾರು ಠೀಕ್ ಓದೋ ಚು .|ಪರೀಕ್ಷಾನ್ ಠೀಕ್ ಓದಿಚ .
ಅವರು ಇಂದು ತಡವಾಗಿ ಬಂದಿದ್ದಾರೆ .|ವೂ ಆಜ್ ಘನ್ ತಡಾ ವೆನ್ ಆಯೇಚ .|ಓ ಆಜ್ ತಡಾ ಕರನ್ ಆಮ್ಲೇಚ .
ನಾನು ರಾಜಕೀಯವನ್ನು ಪ್ರೀತಿಸುತ್ತೇನೆ .|ಮ ರಾಜಕಿಯೇನ್ ಪ್ರೀತಿ ಕರುಚು .|ಮ ರಾಜಕಿಯೇನ್ ಪ್ರೀತಿ ಕರುಚು .
ತನಿಖೆ ನಡೆಯುತ್ತಿದೆ ಎಂದು ಅವರು ಹೇಳಿದರು .|ತನಿಖೆ ಚಾಲ್ರಿಚ ಕರನ್ ಓ ಕೇಚ .|ತನಿಖೆ ಚಾಲರಿಚ್ ಕರನ್ ಓ ಕೆರೆತೆ .
ನಿಮಗೆ ಅದು ಅರ್ಥವಾಗುತ್ತಿಲ್ಲ .|ತಮೆನ್ ಉ ಅರ್ಥಾ ವೆರಿ ಕೊಂತಿ .|ತಮೆನ್ ಉ ಕಳರಿಕೊಂತಿ .
ಅದರ ಮುಖ್ಯ ಲಕ್ಷಣಗಳೇನು ?|ಓರ್ ಮುಖ್ಯ ಲಕ್ಷಣ್ ಕಾ೦ಯೀ ಛ ?|ಓರ್ ಮುಖ್ಯ ಲಕ್ಷಣ್ ಕಾ೦ಯೀ ಛ .
ಮುಂದಿನ ವಾರ ಮಳೆಯಾಗಲಿದೆ .|ಆಂಗೇರ್ ವಾರ್ ಪಾಣಿ ಪಡೆವಾಳೋಚ .|ಆಂಗೆರ್ ವಾರ್ ಪಾಣಿ ಪಡಚ್ .
ಅವರು ಇದನ್ನು ವಿರೋಧಿಸಿದ್ದಾರೆ .|ಓ ಏನ್ ವಿರೋಧ ಕಿದೆ ಛ .|ಓ ಏನ್ ವಿರೋಧ ಕಿದೆಚ್ .
ಅವು ಬಿಳಿ ಬಣ್ಣದ ಉಡುಗೆ .|ವೊ ಧೋಳ್ ರಂಗೇರ್ ಜಿಗಲಾ ಚ .|ವೊ ಧೋಳ್ ರಂಗೇರ್ ಜಿಗಲಾ ಚ .
ಅವರು ಇನ್ನೂ ಓದಲು ಸಾಧ್ಯವಿಲ್ಲ .|ವುನುನ ಅಜಿ ವೊದೇನ ಆಯೆನಿ .|ವನುನ್ ಅಜಿ ಓದೆನ ಸಾಧ್ಯ ಛೆನೀ .
ನೀವು ಬದಲಾವಣೆಗಳನ್ನು ತರಬಹುದು .|ತಮ್ ಬದ್ಲಾವಣೆ ಲಾ ಸಕೋಚೊ .|ತಮ್ ಬದಲಾವಣೆ ಲಾವೊಚೊ .
ಇದು ನನ್ನ ಸ್ವಂತ ಅನುಭವದಿಂದ .|ಈ ಮಾರ್ ಸ್ವಂತ್ ಅನುಭವ ಛ .|ಈ ಮಾರ್ ಸ್ವಂತ್ ಅನುಭವ ಛ .
ಸಂತೋಷದಿಂದ ಬದುಕಲು ಮುಂದುವರಿಯಿರಿ .|ಖುಷಿತಿ ರೇನ್ ಆಂಗ್ ಬಡೋ .|ಖುಶೀತಿ ಬಚೆಸಾರು ಆಂಗ್ ಜಾವೋ .
ನೀವು ನನಗಿಂತ ಕೆಟ್ಟವರು .|ತಮ್ ಮಾತಿ ಭೀ ಮಾಂದೆ ಛೋ .|ತಮ್ ಮಾತಿ ಮಾಂದೊ ಛೋ .
ಕೆಲವು ಪಕ್ಷಗಳು ನಡೆಯುತ್ತಿವೆ .|ದಸೆಕ್ ಪರ್ಟಿನೋ ಚಾಲರಿಚ .|ದಸೆಕ್ ಪಕ್ಷಿನೋ ಚಾಲರಿಚ .
ಸೀಮಾ ಅವರಿಗೆ ಏನು ಹೇಳಿದರು ?|ಸೀಮಾ ವುನುನ ಕಾಂಯಿ ಕಿ ?|ಸೀಮಾ ವನುನ್ ಕಾ೦ಯೀ ಕೇಚ ?
ನೀವು ಹಳ್ಳಿಗೆ ಹೋಗುತ್ತೀರಾ ?|ತಮ್ ಹಳ್ಳಿನ ಜಾವೊಚೊ ಕ ?|ತಮ್ ಹಳ್ಳಿನ ಜಾವೊಚೊ ಕ ?
ಮೊದಲ ಮಾತುಕತೆ ನಡೆಸಲಾಯಿತು .|ಮೊದಲ ವಾತ್ ಚಿತ್ ಕಿದೆ .|ಮದಲೇರ್ ವಾತೇ ಚಿತ್ ಕಿದೆ .
ನೀವು ಕ್ಷೇಮವಾಗಿದ್ದೀರಾ ?|ತಮ್ ಆರಾಮೇತಿ ಛೋ ಕೋನಿ ?|ತು ಖೇತೇಮ್ ಚಿ ಕ ?
ಆದರೆ ಹಣ ಸಾಕಾಗಲಿಲ್ಲ .|ಪಣ ಪೀಸಾ ಪುರಾಟಿ ಕೋನಿ .|ಪಣ ಪೀಸಾ ಪುರಾಟಿಕೋನಿ .
ಅಲೋಮ್ ಅವನಿಗಿಂತ ಉತ್ತಮ .|ಅಲೋಮ್ ಓತಿ ಬಿ ಠೀಕ್ ಛ .|ಅಲೋಮ್ ಓತಿಭಿ ಆಚೊ ಛ .
ಈ ನದಿಯ ಹೆಸರೇನು ?|ಈ ನದಿರ್ ನಾಮ್ ಕಾ೦ಯೀ ?|ಈ ನಂದಿರ ನಾಮ್ ಕಾಂಯಿ ಚ ?
ಸ್ಯಾಮ್ ನನಗೆ ಹೆದರುತ್ತಾನೆ .|ಸ್ಯಾಮ್ ಮಾತಿ ಚಮ್ ಕಚ .|ಸ್ಯಾಮ್ ಮನ್ ಚಮ್ಕಾವಚ .
ಅಲೋಮ್ ಆ ಕೆಲಸವನ್ನು ಬಿಟ್ಟರು .|ಅಲೋಮ್ ಉ ಕಾಮ್ ಛೋಡ್ ನಾಕೋ ಛ .|ಅಲೋಮ್ ಉ ಕಾಮ್ ಛೋಡ್ನಾಕೋ .
ನೀವು ಎಷ್ಟು ಕಾಯುತ್ತಿದ್ದಿರಿ ?|ತಮ್ ಕತ್ರ ವೆಳಾರ್ ವಾಟ್ ದೇಕರೆಚೊ .|ತು ಕತ್ರಾ ವಾಟ್ ದೇಕರೊಚಿ ?
ಅವರೊಬ್ಬ ಅತ್ಯುತ್ತಮ ಶಿಕ್ಷಕ .|ವು ಏಕ್ ಅತ್ಯುತ್ತಮ ಶಿಕ್ಷಕ ಚ .|ವು ಏಕ್ ಆಚೊ ಮಾಸ್ತರ್ ಚ .
ಅವರು ವಿಷಾದ ವ್ಯಕ್ತಪಡಿಸಿದ್ದಾರೆ .|ಓ ವಿಷಾದ ವ್ಯಕ್ತ ಪಡ್ ಸಾಯೇಚ .|ಓ ವಿಷಾದ್ ಕಿದೆಚ .
ಅವರು ಇನ್ನೂ ನೆಲೆಸಿಲ್ಲ .|ವೊ ಅಬೆ ಲಗು ಸೆಟಲ್ ವೇಕೊಂತಿ .|ವೊ ಅಜಿ ಜಮಿ ಛೆನಿ .
ಕೊನೆಗೂ ರೈಲು ಬಂದಿದೆ .|ಕಡಿಕ್ ಭೀ ರೈಲ್ ಡಿಗಯಾಯಿಚ್ .|ಕಡಿಕ್ ಭೀ ರೈಲ್ವೆ ಆಯಿಚ .
ನೀನು ಮೊದಲು ಆಸ್ಪತ್ರೆಗೆ ಹೋಗು .|ತು ಮದ್ಲೇ ದವಾಖನಿನ್ ಜೋ .|ತು ಮೊದಲೇ ದವಾಖಾನಿನ ಜೋ .
ಭೂಮಿಯು ಸುಂದರವಾದ ಗ್ರಹವಾಗಿದೆ .|ಜಮಿ ಮಾತಾ ಏಕ ಸುಂದರ ಗ್ರಹ ಚ .|ಜಮಿ ಛಂದ ಗ್ರಹಿಕೆ ಕರಚ .
ಆಗಾಗ್ಗೆ ನೀರು ಸಿಂಪಡಿಸಿ .|ಫರ್ ಫರನ್ ಪಾಣಿ ಚಣಕೋ .|ಕನ್ನಾ ವನಾ ಪಾಣಿ ಪಡೊ .
ಅವನು ಹುಚ್ಚನಾಗಿರಬೇಕು .|ಉ ವೆಂಡೋ ಛ ಕಾ೦ಯಿಕೋ .|ವು ವೆಂಡೋ ರೇಣು .
ಘಟನೆ ನಡೆದಾಗ ಪೊಲೀಸರು ಇರಲಿಲ್ಲ .|ಘಟನೆ ಚಾಲಿಜನಾ ಪೊಲೀಸ್ ವೆತ್ತೆಕೋನಿ .|ಘಟನೆ ಚಾಲಿ ಜನಾ ಪೊಲೀಸ್ ವೆತ್ತೋಕೋನಿ .
ಅವರಿಗೆ ಯಾವುದೇ ಕಾನೂನು ಬಲವಿಲ್ಲ .|ವನುನ್ ಕುಣಶಿ ಕಾನೂನೇರ್ ಬಲ ಛೆನೀ .|ವನುನ್ ಕುಣಶಿ ಕಾನೂನು ಬಲತ್ ಛೆನೀ .
ಮನೆಗಳಿಗೂ ಹಾನಿಯಾಗಿದೆ .|ಘರೇ ವನುನ್ ಭೀ ನೂಕ್ಸಾನ್ ವೇಗಿಚ .|ಘರೆ ವನುನ್ ಭೀ ಹಾನಿ ವೇಗಿಚ .
ಇದೇ ರೀತಿಯ ಪ್ರಕರಣವೇ ?|ಈಜ್ ರಿತಿರ್ ಪ್ರಕರಣ ಛ ಕಾ೦ಯೀ .|ಈಜ್ ರಿತಿರ್ ಪ್ರಕರಣ ಛ ಕಾ೦ಯೀ ?
ಪೊಲೀಸರು ಆರೋಪಿಯನ್ನು ಬಂಧಿಸಿದ್ದಾರೆ .|ಪೊಲೀಸ್ ಆರೋಪಿನ್ ಪಕಡ್ ಲಿದೆಛ .|ಪೊಲೀಸ್ ಆರೋಪಿನ್ ಪಕಡ್ ಲಿದೆಚ .
ದಯವಿಟ್ಟು ಹೆಚ್ಚು ನಿಧಾನವಾಗಿ ಮಾತನಾಡಿ .|ಕೃಪಯಾ ಅಜಿ ಸಾವಕಾಶ್ ವಾತೆ ಕರೋ .|ಕೃಪಯಾ ಜಾಸ್ತ್ ಸಾವಕಾಶ್ ವಾತೆ ಕರೋ .
ಎಲ್ಲೆಲ್ಲೂ ನೀರಿತ್ತು .|ಕತ್ ದೇಕ ಜತ್ ಪಾಣಿ ವೆತ್ತೋ .|ಸೆವಡಿ ಪಾಣಿ ವೇತ್ತಿ .
ಅವರ ಆಶೀರ್ವಾದ ಕೋರಿದರು .|ವೂನೂರ ಆಶೀರ್ವಾದ ಮಾಂಗೋ .|ವನೂರ್ ಆಶೀರ್ವಾದ ದಿನೇಚ .
ಅವಳು ಮಕ್ಕಳನ್ನು ನೋಡಿಕೊಂಡಳು .|ವು ಬೇಟಿಬೆಟಾನುನ್ ದಿಟಿ .|ವು ಏಕ ಬೇಟಿಬೆಟಾ ದಿಟಿ .
ಗೋಡೆಗಳಿಗೆ ಕಿವಿಗಳಿವೆ .|ಗೋಡಿನೂರ್ ಬಿ ಕಾನ್ ರಚ್ .|ಭಿತೆವನುನ್ ಕಾನ್ ಛ .
ಅವನು ತನ್ನ ಕೆಲಸವನ್ನು ಕಳೆದುಕೊಳ್ಳಬಹುದು .|ವು ವೊರ್ ನೊಕರಿ ಗಮಾಸಕಚ .|ಉ ಓರ್ ಕಾಮ್ ಗಮಾಲಚ್ .
ನಿಮ್ಮ ತೋಟವನ್ನು ನಾನು ನೋಡುತ್ತೇನೆ .|ಮನ್ ತಾರ್ ಬಗೀಚಾ ದಕಾಳ್ .|ಮ ತಾರ್ ಗಾರ್ಡನ್ ದೆಕುಚು .
ನಮ್ಮ ಬೆಳೆಗಳಿಗೆ ನೀರು ಬೇಕು .|ಆಪಣ ಫಸಲೆನ ಪಾಣಿ ಚಾವಚ .|ಅಪಣ ಫಸಲೆನ ಪಾಣಿ ಚಾವ .
ರಾಮ್ ಇವತ್ತು ಉಳಿಯಲಿ .|ರಾಮ್ ಆಜ್ ಏತಜ್ ರೆದ್ .|ರಾಮ ಆಜಜ್ ರೆದ್ .
ಪಂದ್ಯವನ್ನು ಯಾರು ಗೆಲ್ಲುತ್ತಾರೆ ?|ಆಟಾ ಮೈ ಕುಣ ಗೆದ್ದ ಛ ?|ಮ್ಯಾಚ್ ಕುಣ ಜೀತಚ ?
ಅವರು ದಣಿದಿಲ್ಲವೇ ?|ವೊ ಹೈರಾಣ ವೇಕೊಂತಿ ಕ ?|ಓ ಸುಸ್ತ್ ಹುಯಿಕೊಂತಿ ಕಾ೦ಯೀ ?
ಇದರ ಬಗ್ಗೆ ನಿಮ್ಮ ಯೋಜನೆ ಏನು ?|ಏರ್ ಬಗ್ಗೆ ತಮಾರ್ ಯೋಚನೆ ಕಾಂಯಿ ಚ ?|ಏರ್ ಬಗ್ಗೆ ತಮಾರ್ ಯೋಜನೆ ಕಾ೦ಯೀ ಛ ?
ಅದರ ವಿರುದ್ಧ ಯಾವುದೇ ಕಾನೂನು ಇಲ್ಲ .|ಓರ್ ವಿರುದ್ಧ ಕುಣಶಿ ಕಾನೂನು ಛೆನಿ .|ವೊರ್ ವಿರುದ್ಧ ಕಾಂಯಿ ಕಾನೂನೇರ ಛೆನಿ .
ಅವರು ಅದರ ಬಗ್ಗೆ ಚಿಂತಿಸುವುದಿಲ್ಲ .|ವೊ ವೊರ್ ಬಗ್ಗೆ ಚಿಂತ್ಯಾ ಕರೆನಿ .|ವೊ ವೊರ್ ಬಗ್ಗೆ ಚಿಂತ್ಯಾ ಕರೆನಿ .
ಹುಡುಗ ಮನೆಗೆ ಹೋಗಲು ಬಯಸುತ್ತಾನೆ .|ಛೋರಾ ಘರೇನ್ ಜಾಯೆನ್ ಇಷ್ಟಾಕರಚ್ .|ಛೋರಾ ಘರೇನ್ ಜಾಯೇನ್ ಚಾವರೋಚ .
ಇಲ್ಲಿ ಭಾರೀ ಮಳೆಯಾಗುತ್ತದೆ .|ಅತ್ ಜೋರ್ ಪಾಣಿ ಪಡಚ .|ಅತ್ ಪಾಣಿ ಘಣೊ ಜೋರ್ ಪಡಚ .
ನೀವು ಅವನಿಗೆ ಭಯಪಡುತ್ತೀರಾ ?|ತು ವೊತಿ ಚಮಕೇಚಿ ಕ ?|ತು ವೊತಿ ಚಮಕೊಚಿ ಕ ?
ಎಲ್ಲರೂ ಒಂದು ದಿನ ಸಾಯುತ್ತಾರೆ .|ಸೆ ಏಕ್ ದಾಡ್ ಮರಚ .|ಸೆ ಏಕ್ ದಾಡ್ ಮರಚ .
ನೀವು ಚಹಾ ಸೇವಿಸುತ್ತೀರಾ ?|ತು ಚಾ ಪಿಯೆಚಿ ಕ ?|ತಮ್ ಚಾ ಪಿರೆಚೊ ಕಾ೦ಯೀ ?
ಅವನು ಯಾವುದಕ್ಕೂ ಸಮರ್ಥ .|ಉ ಕಾ೦ಯಿಭಿ ಕರಚ್ .|ವು ಸೇನಿಬಿ ಅರ್ಥಾ ಚ .
ಈ ಹಣ್ಣಿನ ಬೆಲೆ ಎಷ್ಟು ?|ಈ ಫಳ್ ಕತ್ರಾರೋಚ ?|ಏ ಫಳೆರ್ ಪೀಸಾ ಕತ್ರಾ ?
ಇದು ಏನು ನರಕ ?|ಈ ಕಾ೦ಯೀ ನರಕಾ ಛ .|ಈ ಕಾ೦ಯೀ ನಕ ಛ ?
ಇದು ನನ್ನ ಸರದಿಯೇ ?|ಈ ಮಾರ್ ಪಾಳಿ ಛ .|ಈ ಮಾರ್ ಸಾಮಾನ್ ಛ ಕ ?
ನಾನು ನಿನ್ನನ್ನು ಬಿಡಲಾರೆ .|ಮ ತೊನ ಛೋಡುನೀ .|ಮ ತೋನ್ ಛೋಡುನಿ .
ಖಂಡಿತಾ ಗೆಲ್ಲುತ್ತೇನೆ .|ಮ ಖರೆ ಜೀತುಚು .|ಖರೆ ಗೆದ್ದುಚು .
ನಕ್ಷತ್ರಗಳನ್ನು ನೋಡಿ .|ತಾರಾ ನೋ ದೇಕ .|ತಾರಾನುನ್ ದೇಕೋ .
ಎಲ್ಲರೂ ಮುಳುಗಿದರು .|ಸೆ ಡುಬಗೇಚ್ .|ಸೆ ಡುಬಗೆಚ್ .
ನಂತರ ಅವಳು ಮದುವೆಯಾದಳು .|ಲಾರ್ತಿ ವೊರ್ ವಾಯಾ ವೇಗೋ .|ಲಾರ್ತಿ ಉ ವಾಯಾ ಕಿದಿಚ .
ನಮ್ಮದು ಚಿಕ್ಕ ಪಕ್ಷ .|ಹಮಾರ್ ನಾಣಕಿ ಪಕ್ಷ ಛ .|ಹಮಾರ್ ನಾಣಕ್ಯ ಪಕ್ಷ ಚ .
ಮರಗಳನ್ನು ಕತ್ತರಿಸಲಾಗಿತ್ತು .|ಝಾಡೇವನುನ್ ಕಾಟನಾಕೇಚ .|ಝಾಡ ಕಾಟಮಲೆತೆ .
ನಾವು ಹೆಚ್ಚು ಹೊರಗೆ ಹೋಗುವುದಿಲ್ಲ .|ಹಮ್ ಭಾರ ಘಣ ಜಾಮಾನಿ .|ಹಮ್ ಜಾಸ್ತ್ ಭಾರ ಜಾಮಾನಿ .
ನೀವು ಇಂದು ಏನು ಮಾಡಿದ್ದೀರಿ ?|ತು ಆಜ ಕಾಂಯಿ ಕಿದೋ ?|ತಮ್ ಆಜ ಕಾಂಯಿ ಕಿದೆಚೊ ?
ಇನ್ನೊಂದು ದಿನ ಕಳೆಯಿತು .|ಅಜೆಕ್ ದಾಡ ದರಗೀಚ .|ಅಜಿ ಏಕ್ ದಾಡ್ ಮಾಗಿ .
ಅವಕಾಶಗಳು ಯಾವುವು ?|ಅವಕಾಶ ಓ ಕುಣಸ್ ಛ ?|ಅವಕಾಶ ಕುಣಸ್ ಚ ?
ನಾನು ಬಟ್ಟೆ ಬಿಚ್ಚುತ್ತಿದ್ದೇನೆ .|ಮ ಜಿಗಲಾ ಕಾಡರೊಚು .|ಮ ಕಪಡಾ ಬಿಡುಬಿಚು .
ರಾಮ ಸಂತೋಷಕ್ಕಾಗಿ ಓದುತ್ತಾನೆ .|ರಾಮ್ ಖುಶೀತಿ ಓದಚ .|ರಾಮ್ ಖುಶೀತಿ ಸಾರು ಓದಚ .
ನಾನು ಸ್ವಾರ್ಥಿಯಲ್ಲ .|ಮ ಸ್ವಾರ್ಥಿ ಕಾವ .|ಮ ಸ್ವಾರ್ಥಿ ಕಾವ .
ಒಮ್ಮೆ ಮಾತ್ರ ನಾನು ಹೇಳುತ್ತೇನೆ .|ಏಕಜ ವಣಾ ಮಕುಚು .|ಏಕ್ ವಣಾ ಮ ಬರೆ ಕುಚು .
ಅವರು ಸಮಾನರಲ್ಲ .|ವೊ ಸಮಾನ್ ಛೆನಿ .|ವೊ ಸಮಾನ ಕಾವ .
ನನಗೆ ಅದು ತೀರಾ ಬೇಕು .|ಮನ್ ಉ ಘಣ ಚಾಯೆ .|ಮನ್ ವು ಚಾವಚ .
ನೀವು ಮೂರ್ಖರಾಗಿರಬೇಕು .|ತು ಮೂರ್ಖ ವೇಣು .|ತಮ್ ಮೂರ್ಖ ರೇಣು .
ನೀವು ಶಾಂತವಾಗಿ ಉಳಿಯಬೇಕು .|ತು ಶಾಂತ ರೇಣು .|ತಮ್ ಶಾಂತ್ ರೇಣು .
ಆದರೆ ಅವರು ಇಲ್ಲ ಎಂದು ಹೇಳಿದರು .|ಪಣ ವು ಮತ್ ಕೆ .|ಪಣ ಓ ಛೆನೀ ಕರನ್ ಕೆರೆತೆ .
ಪವಾಡಗಳು ಸಂಭವಿಸುತ್ತವೆ .|ಪವಾಡ ವಚ .|ಪವಾಡ ವಚ .
ನಾವು ಚಾಟ್ ಮಾಡೋಣ .|ಚಾಟ್ ಕರಾ .|ಆಪಣ ಚಾಟ್ ಕರಾ .
ಕಾನು ಈಗ ಎಲ್ಲಿದ್ದಾನೆ ?|ಕಾನು ಅಬ್ಬೆ ಕತ್ ಛ ?|ಕಾನು ಅಬ್ಬೆ ಕತ್ ಛ ?
ನಾವು ಇದನ್ನು ಬರೆಯಬೇಕೇ ?|ಹಮ್ ಏನ್ ಲಕ್ಕಣು ಕ ?|ಅಪಣ ಏನ್ ಲಕ್ಕಣು ಕಾ೦ಯೀ ?
ರಾಮ್ ಸಂಗೀತವನ್ನು ಆಲಿಸಿದರು .|ರಾಮ್ ಗಿದೆ ಸಂಬಲೋಚ .|ರಾಮ್ ಸಂಗೀತ್ ಸಾಂಬ್ಲೊ .
ಅದನ್ನು ಖಚಿತಪಡಿಸಿಕೊಳ್ಳಬೇಕು .|ವೊನ ಖಚಿತ ಕರಲೇಣು .|ವೊನ ಖಚಿತ ಕರನು .
ಅದು ದೊಡ್ಡ ಪರ್ವತ .|ವು ಮೋಟೋ ದಡಿಯಾಚ .|ವು ಏಕ್ ಮೋಟೋ ಗುಡ್ದಾತ ಚ .
ನ್ಯಾಯವು ದುಬಾರಿಯಾಗಿದೆ .|ನ್ಯಾಯ ಮುಂಗೋ ಚ .|ನ್ಯಾಯಾಲಯ ಘಣ ಮೂಂಗ್ ವೇಮಲಿಚ್ .
ನಾನು ಸಿದ್ಧನಾಗಿರುತ್ತೇನೆ .|ಮ್ ತಯಾರೆಂ ಚು .|ಮ ತೈಯಾರ್ ಚು .
ಅವನೊಬ್ಬ ಕಪಟಿ .|ವು ಏಕ ಕಪಟಿ ಚ .|ಉ ಏಕ್ ಕಪಟಿ ಛ .
ನಮಗೆ ಕುಡಿಯಲು ನೀರಿರಲಿಲ್ಲ .|ಹಮೆನ್ ಪಿಯೆನ್ ಪಾಣಿ ವೇತ್ತಿ ಕೋನಿ .|ಹಮೆನ್ ಪಿಯೆನ್ ಪಾಣಿ ವೇತ್ತಿ ಕೋನಿ .
ನನ್ನೊಂದಿಗೆ ನನ್ನ ನಾಯಿ ಇತ್ತು .|ಮಾರ್ ಕನ್ ಮಾರ್ ಕುತ್ರಾ ವೆತ್ತೋ .|ಮಾರ್ ಜೋಡಿ ಮಾರ್ ಕುತ್ರ ವೆತ್ತೋ .
ಮದುವೆಯ ಉಡುಗೆ ಅತ್ಯಂತ ಸುಂದರವಾಗಿರುತ್ತದೆ .|ವಾಯಾರ ಜಿಗಲಾ ಸೆತ್ತಿ ಛಂದ್ ರಚ .|ವಾಯರ್ ಡ್ರೆಸ್ ಘಣ ಛಂದ್ ರಚ .
ನೀವು ಸಾಕಷ್ಟು ಪ್ರಯತ್ನಿಸುತ್ತಿಲ್ಲ .|ತಮ್ ಘಣ ಪ್ರಯತ್ನ ಕರ್ರೆಕೊಂತಿ .|ತಮ್ ಘಣ್ ಕೊಶಿಸ್ ಕರರೆಕೊಂತಿ .
ಅವರು ನಮ್ಮನ್ನು ಟೀಕಿಸುತ್ತಾರೆ .|ವೊ ಹಮಾರ್ ಬಗ್ಗೆ ವಿಚಾರ್ ಕರಚ .|ವೊ ಹಮೆನ್ ಆಲೋಚನೆ ಕರಚ .
ಮುಂದಿನ ಮುಖ್ಯಮಂತ್ರಿ ಯಾರು ?|ಆಂಗೆರ್ ಮುಖ್ಯ ಮಂತ್ರಿ ಕುಣ ಛ ?|ಆಂಗೇರ್ ಮುಖ್ಯಮಂತ್ರಿ ಕುಣ ಚ ?
ದಯವಿಟ್ಟು ಐದು ರೂಪಾಯಿ ಕೊಡಿ .|ಕೃಪಯಾ ಮನ್ ಪಾಂಚ್ ರಪಿಯಾ ದೊ .|ಕೃಪಯಾ ಪಾಂಚ್ ರಪಿಯಾ ದೊ .
ಇದು ಇಂದಿನ ಸಮಸ್ಯೆಯಾಗಿದೆ .|ಈ ಆಜೆರ್ ಸಮಸ್ಯೆ ಚ .|ಈ ಆಜೆರ್ ಸಮಸ್ಯೆ ಚ .
ಊಟ ತುಂಬಾ ರುಚಿಯಾಗಿತ್ತು .|ಊಟ ಘಣ ರುಚಿ ವೇತ್ತಿ .|ಬಾಟಿ ಘಣ್ ರುಚಿ ವೇತ್ತಿ .
ಅವರು ಹೇಳಿದ್ದು ನಿಜವಲ್ಲ .|ಓ ಕೆಜಕೋಣಿ ಖರೆ ಕಾವ .|ವು ಕೆ ಜೋಣ ಖರೆ ಕಾವ .
ಅದೊಂದು ವಿಭಿನ್ನ ಅನುಭವ .|ಉ ಏಕ್ ನಾಳಿ ಅನುಭವ ಛ .|ಉ ಏಕ್ ನಾಳಿ ಅನುಭವ ಛ .
ತುಂಬಾ ಲಗತ್ತಿಸಬೇಡಿ .|ಜಾಸ್ತ್ ಆಸಕ್ತ ವೊಮತ್ .|ಘಣ ಲತ್ತು ಮತ್ .
ನಾನು ಒಬ್ಬಂಟಿಯಾಗಿರಲಿಲ್ಲ .|ಮ ಎಕ್ಲೊ ವೆತ್ತೋ ಕೋನಿ .|ಮ ಎಕ್ಲೊ ಛೆನಿ .
ಬಾಗಿಲು ಕಿರಿದಾಗಿದೆ .|ಬಾಕಲೋ ನಾಣಕ್ಯಾ ವೆರೋಚ .|ಬಾಕಲೋ ನಾನ್ಮಲಿ ಛ .
ಅವನು ಅದನ್ನು ಸಂಪೂರ್ಣವಾಗಿ ಕಳೆದುಕೊಂಡಿದ್ದಾನೆ .|ವು ವೊನ ಪೂರಾ ಗಮಾಲಿದೋಚ .|ಉ ಓನ್ ಪೂರ್ತಿ ಗಮಾಲಿದೊಚ .
ನೀವು ದೊಡ್ಡ ಕೆಲಸ ಮಾಡಿದ್ದೀರಿ .|ತಮ್ ಮೋಟೋ ಕಾಮ್ ಕಿದೆ ಚೊ .|ತು ಏಕ್ ಮೋಟ್ ಕಾಮ್ ಕಿದೋಚಿ .
ಯಾವುದೂ ಅಷ್ಟು ಸರಳವಲ್ಲ .|ಕುಣಶಿಭಿ ಅತರಾ ಸರಳ್ ಕಾವ .|ಕುಣಶಿ ಅತರ ಸರಳ್ ಛೆನೀ .
ನಾನು ಅವಳಿಗೆ ಆರ್ಥಿಕ ಸಹಾಯ ಮಾಡಿದೆ .|ಮ ವೊನ ಆರ್ಥಿಕ ಸಹಾಯ ಕಿದೋ .|ಮ ಓನ್ ಆರ್ಥಿಕ್ ಮದತ್ ಕಿದಿಚು .
ಬರುತ್ತೇನೆ ಎಂದು ಉತ್ತರಿಸಿದರು .|ಆವುಚು ಕರನ್ ಉತ್ತರಾ ದಿನೇಚ .|ಮ ಆವುಚು ಕರನ್ ಉತ್ತರಾ ದೂಚು .
ಕರೆ ಮಾಡಿದ್ದಕ್ಕಾಗಿ ಧನ್ಯವಾದಗಳು .|ಫೋನ್ ಲಗಾಡೆ ಜೇತಿ ಧನ್ಯವಾದ್ .|ಫೋನ್ ಕಿದೋ ಜೆರ್ ಸಾರು ಧನ್ಯವಾದ್ .
ಅವರು ಅನಾರೋಗ್ಯದಿಂದ ಪಾರಾಗಿದ್ದಾರೆ .|ವು ಜಡ್ದೇತಿ ಪಾರ್ ವೇಗೋ .|ವೊನ ಅರಾಮ್ ವೇಗೋಚ .
ಇದು ಎಲ್ಲರಿಗೂ ನಿಜವೇ ?|ಈ ಸೇರಿ ಸಾರು ಖರಛ್ ಛ ಕಾಯಿ ?|ಈ ಸೇರಿ ಸಾರು ಖರೆ ಛ ಕಾ೦ಯೀ ?
ಅದು ಅನಿರೀಕ್ಷಿತವಾಗಿದೆ .|ಹನು ವಚ್ ಕೆನ್ ಸಮಜೆತೆಜ್ ಕೋನಿ .|ವು ಅನಿರೀಕ್ಷಿತ ಚ .
ಸ್ಯಾಮ್ ಹಾಡುಗಳನ್ನು ಕೇಳಿದರು .|ಸ್ಯಾಮ್ ಗಿದೆ ವನುನ್ ಸಂಭ್ಲೋಚ .|ಸ್ಯಾಮ್ ಗಿದೆ ಗಿದೆ ಪೂಚೆಚ್ .
ನಾನು ಪುಸ್ತಕವನ್ನು ಪರಿಶೀಲಿಸುತ್ತೇನೆ .|ಮ ಪುಸ್ತಕೇರ್ ಜಾಂಚ್ ಕರುಚು .|ಮ ಪುಸ್ತಕ್ ದೆಕುಚು .
ನನ್ನ ಜೀವನದಲ್ಲಿ ಸಂತೋಷವಿಲ್ಲ .|ಮಾರ ಜೀವನಾಮ ಸಂತೋಷ ಛೆನಿ .|ಮಾರ್ ಜೀವನಾಮಾಯಿ ಖುಷಿ ಛೆನಿ .
ಅವರ ಇಬ್ಬರು ಹೆಣ್ಣುಮಕ್ಕಳಿಗೆ ಮದುವೆಯಾಗಿದೆ .|ವನೂರ್ ದೋಇ ಛೋರಿ ವನೂರ್ ವಾಯಾ ವೇಮಲಿಚ್ .|ವೋರ ದೀ ಬೇಟಿನೂರ ವಾಯಾ ವೇಮಲೋಚ .
ಆದರೆ ಇದು ಉತ್ತಮ ಸವಾರಿಯಾಗಿದೆ .|ಪಣ ಈ ಏಕ್ ಆಚ್ ಸವಾರಿ ವೇತ್ತಿ .|ಪಣ ಈ ಏಕ್ ಆಚೊ ಸವಾರೆವಾಳ್ ಛ .
ರಾಜಕೀಯದಲ್ಲಿ ಏನು ಬೇಕಾದರೂ ಆಗಬಹುದು .|ರಾಜನೀತಿಮ ಕಾಂಯಿ ಚಾವಜೋಣ ವಚ .|ರಾಜಕೀಯಮ ಕಾಂಯಿ ಚಾವಜೋಣ ವೇ ಸಕಚ .
ಅವನು ತನ್ನ ತಪ್ಪನ್ನು ಒಪ್ಪಿಕೊಂಡನು .|ಉ ಓರ್ ತಪ್ಪ್ ಒಪ್ಪಕೊಲಿದೊಚ್ .|ಉ ಓರ್ ತಪ್ಪ್ ಒಪ್ಪೋ .
ನಾನು ಈ ಕೆಲಸವನ್ನು ಮುಂದುವರಿಸಲು ಸಾಧ್ಯವಿಲ್ಲ .|ಮ ಇ ಕಾಮ್ ಕರತೋ ರೇರ್ ವೇನಿ .|ಮನ್ ಇ ಕಾಮ್ ಚಾಲೆರ್ ವೇನಿ .
ನಿನ್ನೆಯಿಂದ ನಾನು ಅವಳನ್ನು ನೋಡಿಲ್ಲ .|ಮ ವೊನ್ ಕಾಲೇತಿ ದಿಟೋಕೊಂತಿ .|ಕಾಲೆತಿ ಮ ಓನ್ ದಿಟಿಕೊಂತಿ .
ನೀವು ಯಾವ ವರ್ಷ ಅಲ್ಲಿಗೆ ಹೋಗಿದ್ದೀರಿ ?|ತು ಕುಣಸ್ ವರ್ಸ ವತ ಜಾಯೆಚಿ ?|ತು ಕುಣಸ್ ವರ್ಸ ವತ್ ಜಾಮಲೋಚಿ ?
ಅದು ನೈಸರ್ಗಿಕವಾಗಿರಬೇಕು .|ಉ ನೈಸರ್ಗಿಕ್ ವಾಗಿ ರೇಣು .|ಉ ಖರೆ ರೇಣು .
ಅವನು ನನ್ನ ಮನೆಯನ್ನು ಒಡೆದನು .|ವು ಮಾರ್ ಘರ್ ಪಟ್ಕಾನಾಕೊ .|ವು ಮಾರ್ ಘರ್ ಫುಟೋಚ .
ನಾನು ಹೊರಗೆ ಹೋಗಿ ಆಟವಾಡಬಹುದೇ ?|ಮ ಭಾರ್ ಜಾನ್ ರಮ್ ಸಕುಚು .|ಮ ಭಾರ್ ಜಾನ್ ರಮ್ಮ್ ?
ಇಷ್ಟೆಲ್ಲಾ ಸದ್ದು ಏನು ?|ಅತರಾ ಸೆ ಆವಾಜ ಕಾ೦ಯೀ ಛ ?|ಅತ್ರಾರ್ ಆವಾಜ ಕಾಂಯಿ ಚ ?
ಅವರು ಹೋಗುವುದನ್ನು ನಾವು ನೋಡಿದ್ದೇವೆ .|ವೊ ಜಾರೆ ಜೋಣ ಹಮ್ ದಿಟೆ .|ವೊ ಜಾಯೆರ್ ಹಮ್ ದಿಟೆ .
ನೀವು ಯಾವಾಗ ಮರುಪಾವತಿ ಮಾಡುತ್ತೀರಿ ?|ತು ಹೋಟೊ ಕನ್ನಾ ಭರೇಚಿ ?|ತು ಕನ್ನಾ ಮರುಪಾವತಿ ಕರೆಚಿ ?
ಅದೇ ವಿಷಯವನ್ನು ಎರಡು ಬಾರಿ ಹೇಳಿ .|ಎಕಜ್ ವಾತ್ ದಿ ವಣಾ ಕೋ .|ಈಜ ವಿಷಯ ದಿ ವಣಾ ಕೋ .
ಬೆಕ್ಕುಗಳನ್ನು ಯಾರು ನೋಡಿಕೊಳ್ಳುತ್ತಾರೆ ?|ಸಿಬ್ಬಿನುನ ಕುಣ ದೇಕಚ ?|ಸಿಬ್ಬಿನುನ ಕುಣ ದೇಕಚ ?
ಅವನು ಗೇಟಿನಲ್ಲಿ ನಿಂತಿದ್ದನು .|ವು ಗೆಟೆಪೆರ್ ಹುಬೋತೊ .|ವು ಗೇಟೆಪರ ಹುಬೋತೊ .
ಅವನು ಪ್ರತಿದಿನ ಬೆಳಿಗ್ಗೆ ಚಹಾ ಕುಡಿಯುತ್ತಾನೆ .|ವು ದಾಡ್ಡಿ ಪರ್ಬಾತಿ ಟೀ ಪಿವಚ .|ವು ದಾಡ್ಡಿ ಪರ್ಬಾತಿ ಚಾ ಪಿವಚ .
ಮದುವೆಯಲ್ಲಿ ಪ್ರೀತಿ ಎಷ್ಟು ಮುಖ್ಯ ?|ವಾಯಾ ಮಾಯಿ ಪ್ರೀತಿ ಕತ್ರಾ ಮುಖ್ಯ ಛ .|ವಾಯಾಮ ಕತ್ರಾ ಮುಖ್ಯ ಚ .
ನಾನು ಇದರ ಬಗ್ಗೆ ಏಕೆ ಯೋಚಿಸಬೇಕು ?|ಮ ಏರ್ ಬಗ್ಗೆ ಕಶೆನ್ ವಿಚಾರ್ ಕರಣು .|ಮ ಏರ್ ಬಗ್ಗೆ ಕಾ ವಿಚಾರ್ ಕರನು ?
ಅವನು ತುಂಬಾ ಮೂರ್ಖನಾಗಿರಬೇಕು .|ವು ಘಣ್ ಮೂರ್ಖ ವೆತ್ತೋ ಕಾಂಯಿಕೋ .|ಉ ಘಣ ಮಳ್ಳ ರೇಣು .
ಹೆಚ್ಚಿನ ಕಾರಣಗಳನ್ನು ನೀಡಲಾಗಿಲ್ಲ .|ಆಂಗ್ ಅಜಿ ಕಾಂಯಿ ಕಾರಣ್ ಕೇಕೋನಿ .|ಜಾಸ್ತಿ ಕಾರಣ್ ದಿನೇಕೊಂತಿ .
ಹಾಗಾಗಿ ಬೆಲೆಗಳು ಏರಿದ್ದವು .|ಜನಾಜ್ ಕಿಮತೆ ಜಾಸ್ತ್ ವೇಮಲಿತಿ .|ಜೇರ್ಸಾರು ಕಿಮತೆ ಜಾಸ್ತಿ ವೇತ್ತಿ .
ಹರಿ ಮತ್ತು ನನಗಾಗಿ ಕಾಯಿರಿ .|ಹರಿ ಅನ್ ಮಾರ್ಸಾರು ವಾಟ್ ದೇಕೋ .|ಹರಿ ಅನ್ ಮಾರ್ ಸಾರು ಹುಬರೋ .
ಈ ಪುಸ್ತಕವು ನಿಮಗೆ ಹೆಚ್ಚು ಸಹಾಯ ಮಾಡುತ್ತದೆ .|ಇ ಪುಸ್ತಕ್ ತೋನ ಘಣ್ ಸಹಾಯ ಕರಚ .|ಈ ಪುಸ್ತಕ್ ತಮೆನ್ ಜಾಸ್ತಿ ಮದತ್ ಕರಚ್ .
ನಂತರ ಅವರಿಗೆ ಪ್ರಶಸ್ತಿಯನ್ನು ನೀಡಲಾಯಿತು .|ಲಾರ್ತಿ ಓನ್ ಪ್ರಶಸ್ತಿ ದಿನೇ ಛ .|ಲಾರ್ತಿ ವುನೆನ್ ಪ್ರಶಸ್ತಿ ದಿನೆ .
ನನಗೆ ನಿನ್ನಿಂದ ಹಣ ಬೇಕು .|ಮನ್ ತಾರ್ ಕನ್ನೇತಿ ಪೀಸಾ ಚಾವ .|ಮನ ತಾತಿ ಪೀಸಾ ಚಾವಚ .
ಅವನು ಯಾವಾಗಲೂ ಕನಸು ಕಾಣುತ್ತಿದ್ದಾನೆ .|ವು ಕನ್ನಾಯಿಬಿ ಸಪನೋ ದೆಕುಕರಚ .|ವು ಕನ್ನಾಯಿಬಿ ಸಪನೋ ದೇಕರೋಚ .
ಕಾಯುವುದು ನನಗಿಷ್ಟವಿಲ್ಲ .|ವಾಟ್ ದೆಕೇರ್ ಮನ್ ಇಷ್ಟ ಚೇಯಿ .|ರೋಗ್ ಮನ್ ನೂಕ್ಸಾನ್ ಛೆನೀ .
ನಾನು ನನ್ನ ದೇಶವನ್ನು ಪ್ರೀತಿಸುತ್ತೇನೆ .|ಮ ಮಾರ ದೇಶೇತಿ ಪ್ರೇಮ್ ಕರುಚು .|ಮ ಮಾರ್ ದೆಶೆನ್ ಪ್ರೀತಿ ಕರುಚು .
ಅದು ನಿಮ್ಮ ಮತ್ತು ನನ್ನ ನಡುವೆ ಇರುತ್ತದೆ .|ಉ ತಮಾರ್ ಅನ್ ಮಾರ್ಮಾಯಿ ರಚ್ .|ವು ತಾರ್ ಅನ ಮಾರ್ ನಡು ರಚ .
ಮಾಹಿತಿ ಪಡೆಯುವುದು ಹೇಗೆ ಎಂಬುದು ಇಲ್ಲಿದೆ .|ಮಾಹಿತಿ ಕು ಲೇಣು ಕೇನ ಅತ್ ಚ .|ಮಾಹಿತಿ ಕು ಲೇಣು ಕರನ್ ಎತ್ತ್ ಛ .
ನನ್ನ ಮನೆ ಖಾಲಿ ಇರಲಿಲ್ಲ .|ಮಾರ ಘರ ಠಾಲೋ ವೇತ್ತೋ ಕೋನಿ .|ಮಾರ್ ಘರ್ ಠಾಲ ವೇತ್ತಿ ಕೋನಿ .
ಇದೊಂದು ಅಸಾಧಾರಣ ಘಟನೆ .|ಈ ಏಕ್ ಅಸಾಧಾರಣೆ ಘಟನೆ ಛ .|ಈ ಏಕ್ ಅಸಾರಣ ಘಟನೆ ಚ .
ನಾನು ನಿನ್ನನ್ನು ಬಹಳ ವರ್ಷಗಳಿಂದ ನೋಡಿಲ್ಲ .|ಮ ತೋನ್ ಘಣ್ ದಾಡ್ ವೇಗೆ ದೀಟೊ ಕೊಂತಿ .|ಮ ತೊನ ಘಣ ವರಸೆತಿ ದಿಟಿಕೊಂತಿ .
ನಗು ಆರೋಗ್ಯವನ್ನು ಸುಧಾರಿಸುತ್ತದೆ .|ಹಾಸೆರೊ ಆರೋಗ್ಯೆನ್ ಸುಧಾರಣೆ ಕರಚ್ .|ಹಾಸೆರೊ ಆರೋಗ್ಯ ಸುಧಾರಸಚ್ .
ಐದು ಲಕ್ಷ ಬಹುಮಾನ ಘೋಷಿಸಿದ್ದಾರೆ .|ಪಾಚ್ ಲಾಖ್ ಬಹುಮಾನ ಘೋಷಣೆ ಕಿದೆ ಛ .|ವು ಪಾಂಚ್ ಲಾಕ್ ಬಹುಮಾನ ಘೋಷಣೆ ಕಿದೋ .
ನಂತರ ಪ್ರಶ್ನೆಗಳು ಪ್ರಾರಂಭವಾದವು .|ಲಾರತಿ ಪ್ರಶ್ನೆ ಓ ಚಾಲು ವೆಗೆಚ್ .|ಲಾರ್ತಿ ಪ್ರಶ್ನೆ ಶುರು ವೇ .
ಪ್ರಾಣಿಗಳ ಸಾವು ಹೆಚ್ಚುತ್ತಿದೆ .|ಜಾನವರನೊ ಮೆರೆರ್ ಜಾಸ್ತ್ ವೆರಿಚ .|ಜಾನ್ವರೆರ್ ಮರ್ಗೆ ಜಾಸ್ತಿ ವೆರಿಚ .
ಅವರ ಬಗ್ಗೆ ನನಗೆ ತುಂಬಾ ಗೌರವವಿದೆ .|ಮನ್ ವೊರ್ ಬಗ್ಗೆ ಘಣ್ ಗೌರವ ಚ .|ಮನ್ ವೊರ್ ಬಗ್ಗೆ ಘಣ್ ಮರ್ಯಾದಿ ಚ .
ಅವರಿಗೆ ಯಾವುದೇ ಪುಸ್ತಕ ಓದಲು ಬರುವುದಿಲ್ಲ .|ವುನುನ ಏಕ್ಕಿ ಪುಸ್ತಕ ವೊದೇನಿ .|ವನುನ್ ಕುಣಶಿ ಪುಸ್ತಕ್ ಓದೇನ್ ಆಯೆನಿ .
ಅವರ ಮಾತುಗಳನ್ನು ನಾನು ಒಪ್ಪುವುದಿಲ್ಲ .|ಮ ವೂನೂರ್ ವಾತೇನ ಅಸಹಮತ್ ಚು .|ಮ ವನೂರ್ ವಾತೆ ವನುನ್ ಓಪ್ಪುನಿ .
ಅವನು ಶೀಘ್ರದಲ್ಲೇ ನಿಮ್ಮೊಂದಿಗೆ ಇರುತ್ತಾನೆ .|ವು ತಾರ್ ಜೋಡಿ ಜಲ್ದಿಜ್ ರಚ .|ಉ ತಮಾರ್ ಜೋಡಿ ರಚ್ .
ಲಸಿಕೆಗಳು ಸುರಕ್ಷಿತವೇ ?|ವ್ಯಾಕ್ಸಿನ್ ಸುರಕ್ಷಿತ ಛ ಕ .|ಲಸಿಕೆ ಸುರಕ್ಷಿತ ಛ ಕಾ೦ಯೀ ?
ಭವಿಷ್ಯದಲ್ಲಿ ನಾವು ಅಲ್ಲಿಗೆ ಹೋಗುತ್ತೇವೆ .|ಭವಿಷ್ಯೇ ಹಮ್ ವತ್ತ ಜಾಮಾಚಾ .|ಭವಿಷ್ಯ ಮಾಯಿ ಹಮ್ ವತ್ ಜಾಮಾಚಾ .
ಆದರೆ ಅವನು ಅಲ್ಲಿ ಗಮನ ಹರಿಸಲಿಲ್ಲ .|ಪಣ ಉ ವತ್ತ ಗಮನ ದಿನೋಕೊಂತಿ .|ಪಣ ವು ವತ್ ಧ್ಯಾನ್ ದೇರ್ ವಿಕೋನಿ .
ನಾವು ಸತ್ಯಗಳನ್ನು ಪರಿಗಣಿಸೋಣ .|ಅಪಣ ಖರೆನ್ ಪರಿಗಣನೆ ಕರಣು .|ಆವೋ ಖರೊ ಕಾಂಯಿ ವಿಚಾರ್ ಕರಾ .
ಬಹುಶಃ ನೀವು ಹಾಲು ಕುಡಿಯಲು ಬಯಸುತ್ತೀರಿ .|ತಮ್ ದೂದ್ ಪಿಯೊಚೊ ಕಾ೦ಯೀ ?|ತು ಬಹುಶಃ ದೂದ ಪಿಯೆನ್ ಚಾವರೊಚಿ .
ನಾನು ನಿಮಗೆ ಬದಲಿಯನ್ನು ಹುಡುಕುತ್ತೇನೆ .|ಮ ತಮೆನ್ ಬದ್ಲಿ ಢುಂಡುಚು .|ಮ ತೋನ ಬದಲಿ ಧುನ್ಡುಚು .
ಯಾವುದೇ ಅಕ್ರಮಗಳು ನಡೆದಿಲ್ಲ .|ಕುಣಶಿಭಿ ಅಕ್ರಮ ಚಾಲಿಕೊಂತಿ .|ಕುಣಶಿ ಅಕ್ರಮಓ ಚಾಲಿಕೊಂತಿ .
ಮುಚ್ಚಳವನ್ನು ತೆರೆಯಿರಿ .|ಡಬ್ಬಾರ್ ಮುಚ್ಚಳ ಕಾಡೋ .|ಮುಚ್ಚಳ ಕಾಡೋ .
ಇದೊಂದು ದೊಡ್ಡ ಅನಾಹುತ .|ಈ ಏಕ್ ಮೋಟೋ ಅನಾಹುತ ಛ .|ಈ ಏಕ್ ಮೋಟೋ ಅನಾಹುತ ಛ .
ನಾನು ಟಾಮ್ ಅನ್ನು ಕರೆಯುತ್ತೇನೆ .|ಮ ಟೊಮೆನ್ ಬಲ್ಔಚು .|ಮ ಟೊಮೆನ್ ಬಲಾವುಚು .
ಅಲ್ಲಿ ಏನಾಗುತ್ತಿದೆ ಎಂದು ನನಗೆ ಗೊತ್ತಿಲ್ಲ .|ವತ್ತ ಕಾಯಿ ವೆರಿಚ ಕರನ್ ಮನ್ ಮಾಲಮ್ ಚೇಯಿ .|ವತ್ ಕಾಂಯಿ ವೆರೋಚ ಕೇನ ಮನ್ ಮಾಲಮ್ ಛೆನಿ .
ನೀವು ಕೆಲವು ಬಟ್ಟೆಗಳನ್ನು ಖರೀದಿಸಿದ್ದೀರಾ ?|ತಮ್ ದಸೆಕ್ ಕಪಡಾ ಖರೀದಿ ಕಿದೆಚೊ ಕಾ೦ಯೀ ?|ತು ದಸೆಕ್ ಸೆಮಾನ್ ಖರೀದಿ ಕಿದೋಚಿ ಕ ?
ಅವಳು ಜನರಿಗೆ ಸಹಾಯ ಮಾಡಲು ಇಷ್ಟಪಡುತ್ತಾಳೆ .|ವು ಲೋಗುನ್ ಸಹಾಯ ಕರೇನ ಪಸಂದ್ ಪಡಚ .|ವೊನ ಲೋಗುನ ಸಹಾಯ ಕರೇನ ಪಸಂದ್ ಚ .
ಆದರೆ ಆಟದಲ್ಲಿ ಇತರ ಅಂಶಗಳಿವೆ .|ಪಣ ರಮ್ಮೆರ್ ಮಾಯಿ ದಸೆಕ್ ಅಂಶ ಛ .|ಪಣ ಆಟಾಮ ದುಸರ್ ಅಂಶ ಛ .
ನಾನು ಸ್ಥಳೀಯ ಭಾಷೆಯನ್ನು ಬೆಂಬಲಿಸುತ್ತೇನೆ .|ಮ ಅತ್ತೆರ್ ಭಾಷೆನ್ ಬೆಂಬಲ ದೂಚು .|ಮ ಅತ್ತೆರ್ ಭಾಷೆನ್ ಬೆಂಬಲ ಕರುಚು .
ನಾನು ಬ್ರೆಡ್ ತಿನ್ನಲು ಇಷ್ಟಪಡುತ್ತೇನೆ .|ಮ ಬ್ರೆಡ್ ಖಾಯೆನ್ ಇಷ್ಟ ಕರುಚು .|ಮನ್ ಬ್ರೆಡ್ ಖಾಯೆನ್ ಇಷ್ಟ ಕರುಚು .
ಭಾರತದ ನಾಯಕರೂ ಭಾಗವಹಿಸಿದ್ದರು .|ಭಾರತೇರ್ ನೇತಾನೋ ಬಿ ಭಳಮಲೆತೆ .|ಭಾರತೇರ್ ನಾಯಕ್ ಭೀ ಭಾಗ್ ಲೆಮ್ಲೆತೆ .
ವಿದ್ಯಾರ್ಥಿಗಳಿಗೆ ಸಿಹಿ ವಿತರಿಸಲಾಯಿತು .|ವಿದ್ಯಾರ್ಥಿನುನ ಮಿಠಾಯಿ ವೇಟೆ .|ವಿದ್ಯಾರ್ಥಿನುನ ಮಿಟೋ ದಿನೆ .
ಇದನ್ನು ಸರಿಪಡಿಸುವುದು ಮೊದಲ ಹಂತವಾಗಿದೆ .|ಏನ್ ಠೀಕ್ ಕರೆರ್ ಮದಲ್ ಹಂತ ಛ .|ಏನ್ ಠೀಕ್ ಕರೆರ್ ಮದಲ್ ಹಂತೇಮ್ ಛ .
ಇಲ್ಲಿ ಹತ್ತಿರ ಬ್ಯಾಂಕ್ ಇದೆಯೇ ?|ಅತ್ ಕನ್ ಏಕಾದ್ ಬ್ಯಾಂಕ್ ಛ ಕ ?|ಅತ್ ಕನ್ನ ಬ್ಯಾಂಕ್ ಛ ಕ ?
ನಾನು ಎಲ್ಲಾ ವಿಷಯವನ್ನು ಅರ್ಥಮಾಡಿಕೊಂಡಿದ್ದೇನೆ .|ಮ ಸೆ ವಿಷಯ ಅರ್ಥಾ ಕರ್ಲಿದಿಚು .|ಮ ಸೆ ವಿಷಯೆನ್ ಸಮಜ ಮಲೋಚು .
ನಿಮಗೆ ಎಲ್ಲಾ ಸ್ಥಳಗಳು ತಿಳಿದಿದೆಯೇ ?|ತೋನ್ ಸೇಜ ಜಾಗಾನೊ ಮಾಲಮ್ ಛ ಕ ?|ತೋನ್ ಸೆ ಜಾಗಾ ಮಾಲಮ್ ಚ ಕ ?
ನಾನು ಅವರ ಮನೆಯಲ್ಲಿಯೇ ಇದ್ದೇನೆ .|ಮ ವೊರ್ ಘರ್ ರೆರೋಚು .|ಮ ವನೂರ್ ಘರ್ ಚು .
ನಂತರ ನಾವು ಅವರನ್ನು ರಕ್ಷಿಸಿದೆವು .|ಲಾರ್ತಿ ಹಮ್ ವುನೆನ್ ಬಚಾಡೆ .|ಲಾರ್ತಿ ಹಮ್ ವನುನ್ ರಕ್ಷಣೆ ಕಿದೆ .
ಅದು ನನಗೆ ತುಂಬಾ ತೊಂದರೆ ಕೊಟ್ಟಿತು .|ವು ಮನ್ ಘಣ ತೊಂದರೆ ದಿನೋ .|ಉ ಮನ್ ಘಣ ತಕಲೀಫ್ ದಿನಿಚ .
ಇದಕ್ಕೆ ಸರ್ಕಾರ ಅನುಮತಿ ನೀಡುತ್ತದೆ .|ಏನ್ ಸರ್ಕಾರ್ ಸಮ್ಮತಿ ದಚ .|ಏನ್ ಸರ್ಕಾರ್ ಅನುಮತಿ ದಚ್ .
ಯಾಕೆ ಹೀಗೆ ಮಾಡಿದೆ ಹೇಳು .|ಕಶೆನ್ ಹನು ಕಿದಿ ಕರನ್ ಕ .|ಕಶೆನ್ ಹನು ಕರೋ .
ರಾಮ್ ನನ್ನ ಪಕ್ಕದಲ್ಲಿ ನಿಂತಿದ್ದಾನೆ .|ರಾಮ್ ಮಾರ್ ಬಾಜು ಹುಬೋಚ .|ರಾಮ ಮಾರ ಬಾಜು ಹುಬೋಚ .
ನೀವಿಬ್ಬರು ಏನು ಮಾಡುತ್ತಿದ್ದೀರಿ ?|ತಮ್ ದೋಇ ಕಾಯಿ ಕರೆಚೊ .|ತಮ್ ದೊಯೀ ಕಾಂಯಿ ಕರ್ರೆತೆ ?
ಮನೆಯಲ್ಲಿ ಗದ್ದಲ ಉಂಟಾಯಿತು .|ಘರೇಮಾಯಿ ಗದ್ದಲ ವೇಗಿ .|ಘರೆಮ್ ಗದ್ದಲ ಮಳೀತಿ .
ಆದರೆ ಅವರು ಮುಂದೆ ಸಾಗಲು ಸಾಧ್ಯವಾಗಲಿಲ್ಲ .|ಪಣ ವೊ ಆಂಗ್ ಗೆ ಕೋನಿ .|ಪಣ ಓ ಆಂಗ್ ಜಾಯೆನ್ ಸಾಧ್ಯ ಹುಯಿಕೊಂತಿ .
ಆಕೆ ಪ್ರಜ್ಞೆ ಹೊಂದಿದ್ದಳು .|ಓನ್ ಪ್ರದ್ನೇ ವೇತ್ತಿ .|ಉ ಪ್ರದ್ಶ್ ವೇತ್ತಿ .
ಈ ಕೆಲಸ ಸ್ವಲ್ಪ ಸಮಯ ತೆಗೆದುಕೊಳ್ಳುತ್ತದೆ .|ಈ ಕಾಮ ದಸೆಕ್ ಸಮಯ ಲಚ .|ಇ ಕಾಮ್ ದಸೆಕ್ ಟೈಮ್ ಲಚ .
ನನ್ನ ಗಾಡಿ ಹಾಳಾಗಿದೆ .|ಮಾರ ಗಾಡಿ ಹಾಳ ವೇಗಿಚ .|ಮಾರ್ ಘಾಡಿ ಹಾಳ್ ವೇಗಿಚ .
ನೀವು ಅವಳನ್ನು ಏಕೆ ತಪ್ಪಿಸುತ್ತಿದ್ದೀರಿ ?|ತು ವೊತಿ ಕಾ ಬಚರೊಚಿ ?|ತಮ್ ವೊನ್ ಕಾ ತಪ್ಪ್ ಕರ್ರೊಚೊ ?
ಸಂಭ್ರಮ ನಿಜವಾಗಿದೆ .|ಸಂಭ್ರಮ ಖರೆ ವೇಗಿಚ್ .|ಸಂಗ್ರಮ ಖರೆ ಚ .
ನನಗೆ ತುಂಬಾ ಆಯಾಸವಾಗಿದೆ .|ಮನ್ ಘಣ ಧೇರ್ ವೇಗಿಚ .|ಮನ್ ಘಣ್ ಸುಸ್ತ ವೇಗಿಚ .
ನೀವು ಎಲ್ಲಿ ವಾಸಿಸಲು ಹೋಗುತ್ತಿದ್ದೀರಿ ?|ತಮ ಕತ್ ರೆನ ಜಾರೆಚೊ ?|ತು ಕತ್ ರೇನ ಜಾರೋಚಿ ?
ಇದಕ್ಕೆ ಯಾವುದೇ ಸರಳ ಪರಿಹಾರವಿಲ್ಲ .|ಯೆರ ಎಕ್ಕಿ ಸರಳ್ ಪರಿಹಾರ ಛೆನಿ .|ಏನ್ ಕುಣಶಿ ಸರಳ್ ಪರಿಹಾರ್ ಛೆನೀ .
ಇಲ್ಲಿ ತುಂಬಾ ಬಿಸಿಯಾಗಿರುತ್ತದೆ .|ಯೆತ್ ಘಣೋ ತಾತೊ ರಚ .|ಅತ ಘಣ್ ಗರಮ್ ಚ .
ಅವಳು ಕೋಪದಿಂದ ಬೇಡ ಎಂದಳು .|ವು ರಿಸೇತಿ ಮತ್ ಕಿ .|ವು ರಿಸೇತಿ ಮತ್ ಕಿ .
ಅವರು ಹಳ್ಳಿಗೆ ತೆರಳಿದರು .|ಓ ಹಳ್ಳಿನ್ ಗೇಚ್ .|ವು ಏಕ್ ಹಳ್ಳಿ ಮ ದರಗೊ .
ನನಗೆ ನಿದ್ದೆ ಬರುವಂತಿದೆ .|ಮನ್ ನಿಂದ ಆರಿಚ್ .|ಮನ್ ನಿಂದ್ ಆರಿಚ್ .
ಸತ್ಯವನ್ನೇ ಮಾತಾಡು .|ಖರೆಜ ವಾತೇ ಕರ್ .|ಖರೆ ವಾತೇ ಕರೋ .
ರಾಮ್ ಸಾಯಲು ಬಯಸಿದ .|ರಾಮ ಮರು ಕೆರೋಚ .|ರಾಮ ಮರೆರ್ ಚಾವರೋಚ .
ಅವನಿಗೆ ಇನ್ನೂ ಹುಷಾರಾಗಿಲ್ಲ .|ವೊನ್ ಅಜಿ ಅರಾಮ್ ಛೆನಿ .|ವೊನ ಅಜಿ ಅರಾಮ್ ಛೆನಿ .
ಅವನು ಏನು ಉತ್ತರಿಸುವನು ?|ವು ಕಾಂಯಿ ಉತ್ತರ ದಚ ?|ಉ ಕಾಯಿ ಉತ್ತರ ದಚ್ ?
ಅವಳು ತುಂಬಾ ಮೋಜು ಮಾಡುತ್ತಿದ್ದಾಳೆ .|ವು ಘಣ್ ಮಜಾ ಕರ್ರಿಚ .|ವು ಘಣ್ ಮಜಾ ಕರ್ರಿಚ .
ನಾನು ಕಡಿಮೆ ಕಾಳಜಿ ವಹಿಸಲು ಸಾಧ್ಯವಾಗಲಿಲ್ಲ .|ಮ ಕಮ್ ಕಾಳಜಿ ಕರುನಿ .|ಮನ್ ಕಡ್ಮಿ ಕಾಳಜಿ ಕರೆನ್ ಸಾಧ್ಯ ಹುಯಿಕೊಂತಿ .
ಬಾಯಿಯಲ್ಲಿ ರಕ್ತ ಬರುತ್ತಿದೆ .|ಮುಂಡೇಮ್ ಲೋಯಿ ಆರಿಚ .|ಮುಂಡೆಮಾಯಿ ಪಾಣಿ ಆರೋಚ್ .
ಕಟ್ಟಡದ ಹೊರಗೆ ಕಾಯಿರಿ .|ಘರೇರ್ ಭಾರ ಹುಬರೋ .|ಕಟ್ಟಡೇರ್ ಭಾರ ಹುಬರ .
ನಿಮ್ಮ ಬಾಯಿ ತೆರೆಯಿರಿ !|ತಾರ್ ಮುಂಡೊ ಫಾಡ್ .|ತಮಾರ್ ಮುಂಡೆ ಕಾಡೋ .
ನಾನು ಪ್ರಯಾಣ ಮಾಡಲಿದ್ದೇನೆ .|ಮ ಯಾತ್ರಾ ಕರುಚು .|ಮ ಯಾತ್ರಾ ಕರುಚು .
ಅವಳು ಬೀದಿಗಳಲ್ಲಿ ವಾಸಿಸುತ್ತಾಳೆ .|ವು ವಾಟೆಪರ್ ರಚ .|ವು ವಾಟೆಪರ್ ರಚ .
ಅವರು ನನ್ನನ್ನು ಭೇಟಿ ಮಾಡಲು ಆಹ್ವಾನಿಸಿದರು .|ವು ಮನ್ ಭಳೆನ್ ಬಲಾಯೋ .|ವೊ ಮನ್ ಭಳೆನ್ ಬಲಾಯೇ .
ಅವರು ಬಡ ಜನರನ್ನು ಬೆಂಬಲಿಸುತ್ತಾರೆ .|ವೊ ಗರೀಬ್ ಲೊಕುನ ಬೆಂಬಲ ದಚ .|ವೊ ಗರೀಬ್ ಲೋಗುನ ಬೆಂಬಲ ದಚ .
ಇದು ನಿಮಗೆ ಬೇಕಾದ ಪುಸ್ತಕವಾಗಿರುತ್ತದೆ .|ಈ ತೋನ ಚಾವಜೋಣ ಪುಸ್ತಕ್ ರಚ .|ಈ ತಮೆನ್ ಚಾವ ಜಕೋಣಿ ಪುಸ್ತಕ್ ವಚ್ .
ಅವರ ಮಗ ಅಡುಗೆಯವನು .|ವೊರ್ ಬೇಟಾ ಖಾಣೊ ಕರೆವಾಳೋಚ .|ವೋರ ಬೇಟಾ ಅಡಗಿ ಕರೆವಾಳೋ ಚ .
ಇನ್ನೊಂದು ಬದಿಯನ್ನು ಸರಿಯಾಗಿ ಬೇಯಿಸಬೇಕು .|ದೂಸರ್ ವಡಿ ಭೀ ಠೀಕ್ ಸೇಕಚ .|ಅಜಿ ಏಕ್ ವಡಿ ಠೀಕ್ ಸಿಜಾಡನು .
ನಾವು ಕೆಲವು ಉದಾಹರಣೆಗಳನ್ನು ನೋಡೋಣ .|ಅಪಣ ದಸೆಕ್ ಉದಾಹರಣೆ ದೆಖಾ .|ಆವೋ ದಸೆಕ್ ಉದಾಹರಣೆ ದೇಕಾ .
ಹಸುಗಳು ಮನುಷ್ಯನಿಗೆ ಮುಖ್ಯವಾಗಿವೆ .|ಗಾವಡಿ ಮಾನ್ಸೇನ್ ಮುಖ್ಯ ಛ .|ಗಾವಡಿನೋ ಮಾಣಸೇರ ಮುಖ್ಯ ಚ .
ನೀವು ನನ್ನ ಫೋನ್ ಅನ್ನು ಬಳಸಬಹುದು .|ತಮ್ ಮಾರ್ ಫೋನೇನ ಲೇಸಕೋಚೊ .|ತು ಮಾರ್ ಫೋನ್ ಉಪಯೋಗ್ ಕರ್ ಸಕೇಚಿ .
ಕಾರು ಸಮಸ್ಯೆಗಳಿಂದ ಬಳಲುತ್ತಿದೆ .|ಕಾರೆ ಮಾಯಿ ಘಣ ಸಮಸ್ಯೆ ಛ .|ಕಾರ್ ಸಮಸ್ಯೆ ವಳಾತಿ ತಡಪರಿಚ .
ಇದು ನಿಮ್ಮ ಕೆಲಸ ಮಾಡುವ ಸ್ಥಳ .|ಈ ತಾರ ಕಾಮ ಕರೆರ ಜಾಗಾ ಚ .|ಈ ತಾರ್ ಕಾಮ್ ಕರೆರ್ ಜಾಗಾ ಚ .
ಅವರು ತಮ್ಮ ಕೆಲಸವನ್ನು ಇಲ್ಲಿ ಸಲ್ಲಿಸುತ್ತಾರೆ .|ವೊ ವೂನೂರ್ ಕಾಮೇನ ಅತ ದಚ .|ಓ ವನೂರ್ ಕಾಮ್ ಎತ್ತ್ ದಚ್ .
ನನಗೆ ಹಳ್ಳಿಗಾಡು ಇಷ್ಟ .|ಮನ್ ಹಳ್ಳಿಗಾಡು ಪಸಂದ್ ಚ .|ಮನ್ ವು ಹಳ್ಳಿ ಪಸಂದ್ ಚ .
ನಾನು ನಿನ್ನಿಂದ ದೂರವಾಗಿಲ್ಲ .|ಮ ತಾತಿ ದುರ್ ಹೂಯೋಕೊಂತಿ .|ಮ ತಾತಿ ದುರ್ ಛೆನಿ .
ನನ್ನ ಕಣ್ಣು ಕೆಂಪಾಗಿದೆ .|ಮಾರ್ ಆಂಖಿ ರಾತಡ ವೇಗಿಚ್ .|ಮಾರ್ ಆಂಖಿ ರಾತಡೊ ಚ .
ನೀವು ಯಾವಾಗ ಪರೀಕ್ಷೆಯನ್ನು ತೆಗೆದುಕೊಳ್ಳಬೇಕು ?|ತಮ್ ಟೆಸ್ಟ್ ಕನ್ನಾ ಲಣು ?|ತು ಪರೀಕ್ಷೆ ಕನ್ನಾ ಲೇಣು ?
ನನಗೆ ನಿಮ್ಮಿಂದ ಉಪಕಾರ ಬೇಕು .|ಮನ್ ತಮಾತಿ ಉಪಕಾರ ವೇಣು .|ಮನ್ ತಮಾತಿ ಉಪಕಾರ ಚಾವ .
ನೀವು ನಿಯಮವನ್ನು ಮುರಿದಿದ್ದೀರಿ .|ತು ನಿಯಮ ತೊಡೋ .|ತು ನಿಯಮ ತೊಡೋ ಚಿ .
ನೀವು ಬಾಗಿಲು ಮುಚ್ಚಲು ಬಯಸುತ್ತೀರಾ ?|ತಮ್ ಬಾಗಲ ಬಂಡ ಕರೋಚೊ ?|ತು ಬಾಗಲ್ ಬಂದ್ ಕರೆರ್ ಚಾವರೊಚಿ ಕ ?
ನಾನು ನಿಮ್ಮ ಭಾವಚಿತ್ರ ತೆಗೆಯಬಹುದೇ ?|ಮ ತಾರ್ ಫೋಟೋ ಕಾಡು ಕ ?|ಮ ತಾರ್ ಫೋಟೋ ಕಾಡು ಕ ?
ಇದು ಶ್ರಮಕ್ಕೆ ಯೋಗ್ಯವಾಗಿದೆ .|ಈ ಮೆಹನತೆರ್ ಯೋಗ್ಯ ಚ .|ಇ ಏಕ್ ಮೆಹನತೆತಿ ಚ .
ಆತನ ಕಾಲು ಮುರಿದಿತ್ತು .|ಓರ್ ಟಾಂಗ್ ತುಟಮಲಿತಿ .|ವೊರ್ ಟಾಂಗ್ ತುಟಮಲಿತಿ .
ಹಲವು ಸ್ಥಳಗಳಿಗೆ ಭೇಟಿ ನೀಡಿದ್ದೇನೆ .|ಮ ಘಣ್ ಜಾಗ್ ಜಾಮಲೋಚು .|ಮ ಘಣ ಜಾಗಾನೂನ ಜಾನ ಆಮಲೊಚು .
ಕಾರ್ಯಕ್ರಮ ಎಷ್ಟು ಗಂಟೆಗೆ ಪ್ರಾರಂಭವಾಗುತ್ತದೆ ?|ಶೋ ಕತ್ರಾನ ಚಾಲು ವಚ ?|ಕಾರ್ಯಕ್ರಮ ಕತ್ರಾನ ಚಾಲು ವಚ ?
ಮತ್ತು ಅದು ನಿಜವಾಗಿದ್ದರೆ ಏನು ?|ಪಣ ಉ ಖರೆ ರಿಕತೋ ಕು .|ಅನ ಈ ಖರೆ ರೇ ಕತೋ ಕಾಂಯಿ ?
ಇಲ್ಲಿಂದ ಇಳಿಯಬೇಡ .|ಅತ್ತೇತಿ ಉತರ್ ಮತ್ .|ಅತೇತಿ ಉತರಮತ್ .
ಲಕ್ಷ ಮಂದಿ ನಿರಾಶ್ರಿತರಾದರು .|ಲಾಖೋ ಬೆಘರ್ ವೇಗೆ .|ಲಾಖ್ ಮಾಣಸ್ ಶ್ರ್ರಿತ ವೇ .
ನಾಯಕರೂ ಇದನ್ನೇ ಹೇಳುತ್ತಾರೆ .|ನಾಯಕ್ ಓಭಿ ಈಜ ಕಚ .|ನಾಯಕ್ ಭೀ ಈಜ ಕಚ್ .
ನೀವು ಟ್ಯೂನ್ ಮಾಡಬೇಕು .|ತಮ್ ಟ್ಯೂನ್ ಕರನು .|ತಮ್ ಟ್ಯೂನ್ ಕರನು .
ಕಮಲಗಡಕ್ಕೆ ಹೋಗೋಣ .|ಕಮಲಗಡೆನ ಜಾಮಾ .|ಡಾವಳಿ ವಡಿ ಜಾಮಾ .
ದೇವರು ಪ್ರಾರ್ಥನೆಗಳಿಗೆ ಉತ್ತರಿಸುತ್ತಾನೆ .|ಭಗವಾನ್ ಪ್ರಾರ್ಥನೆನ್ ಉತ್ತರಾ ದಚ .|ಭಗವಾನ್ ಪ್ರಾರ್ಥನೆರ ಉತ್ತರ ದಚ .
ಎಲ್ಲಾ ಪುರುಷರು ಬೇಗನೆ ಕೆಲಸಕ್ಕೆ ಹೋಗಬೇಕು .|ಸೆ ಮಾಟಿನೊ ಜಲ್ದಿ ಕಾಮೆನ್ ಜಾಣು .|ಸೆ ಮಾಟಿನೊ ಜಲ್ದಿ ಕಾಮೇನ ಜಾಣು .
ನೀವು ಮನೆಗೆ ಹೋಗಲು ಸ್ವತಂತ್ರರು .|ತು ಘರೇನ್ ಜಾಯೇನ್ ಸ್ವತಂತ್ರ ಚಿ .|ತು ಘರೇನ್ ಜಾಯೇನ್ ಸ್ವತಂತ್ರ ಚಿ .
ಒಳ್ಳೆಯ ಗುಣಗಳನ್ನು ಬೆಳೆಸಿಕೊಳ್ಳಬೇಕು .|ಆಚೆ ಗುಣಾ ರೇಣು .|ಆಚೆ ಗುಣಾ ಲೇಣು .
ಈ ಮಗು ತುಂಬಾ ಹಠಮಾರಿ .|ಈ ಪಾಪು ಘಣ ಹಠ ಕೋರಿಛ .|ಪಾಪು ಘಣ್ ಹರಾರತಿ ಚ .
ಈ ಯೋಜನೆ ದುಬಾರಿ ಎನಿಸುತ್ತಿದೆ .|ಈ ಯೋಜನೆ ಮೂಂಗ್ ಛ ಕರನ್ ದಕಾರಿಚ್ .|ಈ ಯೋಜನೆ ಮುಂಗೋ ವೇಮಲೋಚ .
ಮಂಜು ತಿಳಿಯಾಗಲು ಪ್ರಾರಂಭಿಸಿದೆ .|ವೋಸ ಕಮ್ಮ ವೇನ ಚಾಲು ವೇಗೋ .|ವೋಸ ಕೆಯೇನ ಚಾಲು ಕಿದೋ .
ಸಮು ನೀಲಿ ಬಣ್ಣವನ್ನು ಇಷ್ಟಪಡುತ್ತದೆ .|ಸಮು ನ ನೀಲಿ ರಂಗ ಪಸಂದ್ ಚ .|ಸಮು ನೀಲಿ ರಂಗ್ ಪಸಂದ್ ಚ .
ನಾನು ಕೈಚೀಲವನ್ನು ಹುಡುಕುತ್ತಿದ್ದೇನೆ .|ಮ ಏಕ್ ಪೊಡ್ಯಾ ಧುನ್ದರೋಚು .|ಮ ಏಕ್ ಬಟುವಾ ಧುನ್ಡರೊಚು .
ಅವರು ಮಾಂತ್ರಿಕರನ್ನು ಆರಾಧಿಸುತ್ತಾರೆ .|ವೊ ಜಾದುಗಾರೇನೂರ ಪೂಜಾ ಕರಚ .|ವೊ ಮಾಂತ್ರಿಕೆನುನ ಆರಾಧನೆ ಕರಚ .
ರೂಪಾಯಿ ಭಾರತದ ಕರೆನ್ಸಿ .|ರೂಪಾಯಿ ಭಾರತೇರ್ ಕರೆನ್ಸಿ ಛ .|ರಪ್ಯಾ ಭಾರತೇರ್ ಸನ್ಸಿ .
ಅವನನ್ನು ಅವನ ಅಮ್ಮ ನಿಂದಿಸಿದರು .|ಉ ಛೋರಾನ್ ಓರ್ ಯಾಡಿ ಭಾಂಡಿಚ .|ಓನ್ ಓರ್ ಯಾಡಿ ತೊನ ಘಾಲೇಚ .
ನಾನು ಅಲ್ಲಿ ನಿಮ್ಮ ಕೀಗಳನ್ನು ಕಂಡುಕೊಂಡೆ .|ಮ ತಾರ್ ಚಾವಿನುನ್ ವತ್ ದಿಟೋ .|ಮನ್ ವತ್ ತಾರ್ ಕೀಲಿ ದಿಚು .
ಯಾರಾದರೂ ಸಾಯುವದು ದುಃಖಕರ .|ಕೊಯಿಕ್ ಮರ್ಮಲೆತೋ ದುಃಖ್ ವಚ್ .|ಕೋಇತೊಯೀ ಮರೇರ್ ದುಃಖ ಛ .
ನನಗೆ ತುಂಬಾ ಬಾಯಾರಿಕೆಯಾಗಿತ್ತು .|ಮನ್ ಪಾಣಿ ಘಣ ತರಸ್ ಲಾಗ್ರೀತಿ .|ಮನ್ ಘಣ್ ಪಾಣಿ ತರಸ ಲಾಗಿ .
ನಾನು ಮೂರು ಗಂಟೆಗಳ ಕಾಲ ಕಾಯುತ್ತಿದ್ದೇನೆ .|ಮ ತೀನ್ ತಾಸೇರ್ ವಾಟ್ ದೇಕರೊಚು .|ಮ ತೀನ್ ತಾಸ್ ವಾಟ್ ದೇಕರೊಚು .
ನಾನು ನಗರದ ಆಸ್ಪತ್ರೆಯ ಹತ್ತಿರ ವಾಸಿಸುತ್ತಿದ್ದೇನೆ .|ಮ ಸಿಟಿರ ದವಾಖಾನಿರ್ ಕನ್ನ ರುಚು .|ಮ ನಗರೇರ್ ದವಾಖಾನಿನ ರುಚು .
ಈ ಎರಡೂ ಪತ್ರಿಕೆಗಳನ್ನು ಒಮ್ಮೆ ನೋಡಿ .|ಇ ದೊಯೀ ಪೇಪರೇನ್ ಏಕ್ ವಣಾ ದೇಕೋ .|ಈ ದೋಇ ಪತ್ರಿಕೆನ್ ಏಕ್ ವಣಾ ದೇಕೋ .
ಬದುಕಿರುವ ಶ್ರೇಷ್ಠ ಕವಿ ಯಾರು ?|ಸೆತ್ತಿ ಮಹಾನ್ ಜೀವಂತ ಕವಿ ಕುಣ ಚ ?|ಜೀವಂತ ಛ ಜಕೋಣಿ ಶ್ರೇಷ್ಠ ಕುಣ ಛ .
ನೀವು ಯಾವಾಗ ಹಿಂತಿರುಗುತ್ತಿದ್ದೀರೀ ?|ತಮ್ ಕನ್ನಾ ವಾಪಸ್ ಆರೇಚೂ .|ತು ಕನ್ನ ವಾಪಸ್ ಜಾರೋಚಿ ಕ ?
ಇದು ನಿಮ್ಮನ್ನು ಶಾಂತಗೊಳಿಸಲು ಸಹಾಯ ಮಾಡುತ್ತದೆ .|ಈ ತಮೆನ್ ಶಾಂತ್ ಕರೆನ್ ಮದತ್ ಕರಚ್ .|ಈ ತಮೆನ್ ಶಾಂತ್ ಕರೆನ್ ಮದತ್ ಕರಚ .
ಅವರು ವೀರರಂತೆ ಹೋರಾಡಿದರು .|ಓ ಶಕ್ತಿಶಾಲಿನಾಯಿ ಲಡಾಯಿ ಕಿದೆಚ್ .|ಓ ವೀರ ನಾಯಿ ಹೋರಾಟ ಕಿದೆಚ್ .
ಸಮಯ ಕಳೆದುಹೋದ ಸಮಯ ಕಳೆದುಹೋಗಿದೆ .|ಟೈಮ್ ಪಾಸ್ ಕರೆರೋ ಟೈಮ್ ಗಮಾವ ಜು .|ಟೈಮ್ ಗಮಾಗಿಚ್ .
ಕೆಲವೆಡೆ ವಿದ್ಯುತ್ ಇಲ್ಲ .|ಏಕ್ ಏಕ್ ಜಾಗಾಪರ್ ಕರೆಂಟ್ ಛೆನಿ .|ಏಕ್ ಏಕ್ ವಡಿ ಕರೆಂಟ್ ಛೆನಿ .
ಗುರುವಾರ ಮಾರುಕಟ್ಟೆ ಮುಚ್ಚಲಾಗಿದೆ .|ಮಾರ್ಕೆಟ್ ಗುರುವಾರೇರ ಬಂದ್ ರಚ .|ಗುರುವಾರೆರ್ ಮಾರ್ಕೆಟ್ ಬುರ್ನಾಕೇಚ .
ನನಗೆ ಕಥೆಯ ಅರ್ಥ ಕಾಣಿಸುತ್ತಿಲ್ಲ .|ಮನ್ ಸಾಖಿರ್ ಅರ್ಥ ದಕಾರಿಕೊಂತಿ .|ಮನ್ ಸಾಕಿರ ಅರ್ಥಾ ದಿಕಾರೊಕೊಂತಿ .
ಐವತ್ತು ವರ್ಷಗಳಲ್ಲಿ ಇದೇ ಮೊದಲ ಬಾರಿ .|ಪಚಾಸ್ ವರಸ್ ಮಾಯಿ ಈ ಮದಲ್ ಸಲಾ .|ಪಚಾಸ್ ವರಸೆಮಾಯಿ ಈ ಮದಲ್ ಛ .
ನಾನು ಈ ನಗರದಿಂದ ಬೇಸತ್ತಿದ್ದೇನೆ .|ಮನ್ ಏ ಗಾಮೇತಿ ಬ್ಯಾಸರ ವೇಗಿಚ .|ಮನ್ ಎ ನಗರೇತಿ ಬ್ಯಾಸರ ವೇಗಿಚ .
ಮುಂಗಡಕ್ಕೆ ಆದೇಶ ನೀಡಲಾಯಿತು .|ಆಂಗ್ ಬಡಾಯೆರ್ ಆದೇಶ ದಿನೇತೆ .|ಮುಂಗಾಗೇನ ಆದೇಶ ದಿನೆ .
ರಾಮನು ಹರಿಯಿಗಿಂತ ವೇಗವಾಗಿ ಓಡುತ್ತಾನೆ .|ರಾಮ್ ಹರಿತಿಭಿ ಜೋರ್ ಧಾಸಚ್ .|ರಾಮ ಧಾಸಚ ಜೇತಿ ಜೋರ ಧಾಸಚ .
ನಿಮ್ಮ ಕೊನೆಯ ಕೆಲಸವು ಪೂರ್ಣಗೊಳ್ಳುತ್ತದೆ .|ತಮಾರ ಅಂತಿಮ ಕಾಮ್ ಪೂರಾ ವಚ .|ತಾರ ಆಖರಿ ಕಾಮ್ ಪೂರಾ ವಚ .
ಮೊಲಗಳು ಸುಂದರವಾದ ಪ್ರಾಣಿಗಳಾಗಿವೆ .|ಸಸ್ಯಾ ಘಣ ಛಂದ್ ಪ್ರಾಣಿ ಛ .|ಸಸ್ಯಾರ ಏಕ್ ಛಂದ ಜಾನ್ವರ್ ಚ .
ಮಳೆ ಬಂದರೆ ಒದ್ದೆಯಾಗುತ್ತೇವೆ .|ಪಾಣಿ ಪಡೋಕತೋ ಭಿನ್ಜಾಮಾಚಾ .|ಪಾಣಿ ಪಡೋಕತೋ ಭಿನ್ನ್ ವೇಮಾಚಾ .
ನೀವು ಎಷ್ಟು ಗಂಟೆಗೆ ಹೊಲಗಳಿಗೆ ಹೋಗುತ್ತೀರಿ ?|ತು ಖೇತೇನ ಕತ್ರಾನ ಜಾಯೆಚಿ ?|ತು ಕತ್ರಾನ ಖೇತೇನ್ ಜಾಯೆಚಿ ?
ನಾನು ಸ್ಥಳದಿಂದ ಹೊರಡಲು ಹೊರಟಿದ್ದೆ .|ಮ ಈ ಜಾಗಾ ಛೋಡನ್ ಜಾರೋತೋ .|ಮ ಜಾಗೆತಿ ಗೆತೊ .
ನಾನು ನಿನ್ನ ಬಗ್ಗೆ ಹುಚ್ಚನಾಗಿದ್ದೇನೆ .|ಮ ತಾರ್ ವಾಸ್ ವೆಂಡೋ ಚು .|ಮ ತಾರ್ ವಾಸ್ ವೆಂಡೋ ಚು .
ಈ ಬಗ್ಗೆ ತೀವ್ರ ಚರ್ಚೆ ನಡೆಯುತ್ತಿದೆ .|ಏರ್ ಬಗ್ಗೆ ಘಣ ಮೋಟೋ ಚರ್ಚಾ ಚಾಲ್ರಿಚ್ .|ಏರ್ ಬಗ್ಗೆ ಘಣ ಚರ್ಚೆ ಚಾಲ್ರಿಚ .
ಎಲ್ಲಿಗೆ ಹೋದರೂ ಕೇಳುವುದು ಒಂದೇ ಕಥೆ .|ಕತ್ತಿಭಿ ಜಾವತೊಭಿ ಸಾಮಳೆರೋ ಎಕ್ಕಜ ಸಾಖಿ .|ಕತ್ತ್ ಗೆತೊಭಿ ಸಾಖಿ ಏಕ್ ಸಾಖಿ .
ಆದರೆ ಇದು ನಮಗೆ ದೊಡ್ಡ ನಷ್ಟವಾಗಿತ್ತು .|ಪಣ ಇ ಅಪಣೆನ ಏಕ್ ಮೋಟೋ ಲೂಕ್ಸಾಣ ವೇತ್ತೋ ಕ ?|ಪಣ ಈ ಹಮೆನ್ ಮೋಟೋ ನೂಕ್ಸಾನ್ ವೇತ್ತಿ .
ಕುರಿಮರಿ ಕರಿ ತಯಾರಿಸಲಾಯಿತು .|ಮಿಂಡಿರ ಪಿಲ್ಲಾರ ನಂಗಾಣ ತೈಯಾರ್ ವೇಗೋ .|ಮಿಂಡಿರ ಪಿಲ್ಲಾ ತೈಯಾರ ಕಿದೆ .
ನೀವು ಅದನ್ನು ಎಲ್ಲೆಡೆ ಖರೀದಿಸಬಹುದು .|ತಮ್ ಓನ್ ಕತ್ತಿಭಿ ಖರೀದಿ ಕರ್ಸ್ಕೊಚೊ .|ತಮ್ ಓನ್ ಸೆವಡಿ ಖರೀದಿ ಕರೋ .
ನಿಮ್ಮ ಕೆಲಸವನ್ನು ತುಂಬಾ ಹತ್ತಿರದಿಂದ ಕೂಡಿಸಬೇಡಿ .|ತಮಾರ್ ಸೆ ಕಾಮ್ ಏಕ್ ಜಾಗ್ ಭೇಳೋಮತ್ .|ತಮಾರ್ ಕಾಮ್ ಘಣ್ ಕನ್ನೆತಿ ಭಳೋಮತ್ .
ಮಳೆ ಬಂದಾಗ ನಾನು ನೃತ್ಯ ಮಾಡಲು ಇಷ್ಟಪಡುತ್ತೇನೆ .|ಪಾಣಿ ಪಡ ಜನಾ ಮನ್ ನಾಚೆರೋ ಪಸಂದ್ ಚ .|ಪಾಣಿ ಪಡೋಜನಾ ಮನ್ ನಾಚೆರ್ ಪಸಂದ್ ಚ .
ಭವಿಷ್ಯದಲ್ಲಿ ನೀವು ಏನು ಮಾಡಲು ಬಯಸುತ್ತೀರಿ ?|ತು ಭವಿಷ್ಯೇ ಮ ಕಾಂಯಿ ಕರು ಕೆರೋಚಿ ?|ತು ಭವಿಷ್ಯ ಮ ಕಾಂಯಿ ಕರೆರ್ ಚಾವರೊಚಿ ?
ಯಾವುದೇ ಸಾವುಗಳು ವರದಿಯಾಗಿಲ್ಲ .|ಎಕ್ಕಿ ಮರಗೆಜೆರ್ ಸೂಚನಾ ಮಳಿಕೊಂತಿ .|ಮರ್ಗೆ ಜೆರ್ ಬಗ್ಗೆ ಎಕ್ಕಿ ವರದಿ ಛೆನಿ .
ನಾವು ಕೆಲವೊಮ್ಮೆ ಕೆರೆಯಲ್ಲಿ ಈಜುತ್ತವೆ .|ಹಮ್ ಏಕ ಏಕ್ ವಣಾ ತಳಾವೇಮ ಪೆರಾಚಾ .|ಹಮ್ ಏಕ್ ಸಲಾ ಕಿಳಾವೇಮ ಪೆರಚ .
ನ್ಯಾಯಾಲಯದ ತೀರ್ಪನ್ನು ಕೇಳುತ್ತಿದ್ದೆ .|ಮ ಕೋರ್ಟೇರ್ ತೀರ್ಪು ಸಾಮಳರೋತೋ .|ನ್ಯಾಯಾಲಯೆರ್ ತಿರ್ಪ್ ಪುಚ್ರೀತಿ .
ಅವರು ದಯೆಯ ಹೃದಯವನ್ನು ಹೊಂದಿದ್ದಾರೆ .|ವೊರ್ ಹೃದಯ ದಯಾಳು ಚ .|ವೊರ್ ದಯೇರ್ ಮನಸ್ ಚ .
ನಾನು ಪಕ್ಷಿಯನ್ನು ಸೆಳೆಯಲು ಸಾಧ್ಯವಿಲ್ಲ .|ಮನ್ ಪಕ್ಷಿ ಮಾರ್ ಸಾಂವು ಆವ ಜಿಂವು ಕರೆರ ವೇನಿ .|ಮನ್ ಪಕ್ಷಿನ್ ಸೆಮೇನ್ ಸಾಧ್ಯ ಛೆನೀ .
ಕೆಲವೊಮ್ಮೆ ಅವನು ವಿಚಿತ್ರ ವ್ಯಕ್ತಿಯಾಗಿರಬಹುದು .|ಏಕ್ ಏಕ್ ಸಲಾ ವು ಏಕ್ ವಿಚಿತ್ರ ಮಾಣಸ್ ಅನಸಾವಚ .|ಎಕೇಕ್ ವಣಾ ಉ ವಿಚಿತ್ರ ವೆಸಕಚ .
ಅವರ ಕೆಲಸವನ್ನು ಅವನಿಂದ ವಿವರಿಸಲಾಗಿದೆ .|ಓರ್ ಕಾಮ್ ವನೂರ್ ಪಾಕ್ತಿ ವಿವರಣೆ ದೇಮಲೇಚ .|ವನೂರ್ ಕಾಮ್ ಓತಿ ಸಮ್ಜಾಮಲೆಚ್ .
ಸೇಬುಗಳು ಅನೇಕ ಆರೋಗ್ಯ ಪ್ರಯೋಜನಗಳನ್ನು ಹೊಂದಿವೆ .|ಸೇಬು ಹಣ್ಣಮಾಯಿ ಘಣ ಉಪಯೋಗ ಛ ಶರೀರೇನ್ .|ಸೇಬು ಘಣ ಆರೋಗ್ಯ ಉಪಯೋಗ್ ರಚ .
ಮೋಟಾರ್ ಸರಿಯಾಗಿ ಕೆಲಸ ಮಾಡುತ್ತಿಲ್ಲ .|ಮೋಟಾರ್ ಠೀಕ್ ಕಾಮ್ ಕರ್ರಿ ಕೊಂತಿ .|ಮೋಟಾರ್ ಠೀಕ್ ಕಾಮ್ ಕರರೊಕೊಂತಿ .
ಅದೊಂದು ಖಾಲಿ ಪಾತ್ರೆಯಾಗಿತ್ತು .|ಉ ಏಕ್ ಥಳ್ ಬಂಡೆ ಸಾಮಾನ್ ವೇತ್ತಿ .|ಉ ಏಕ್ ಠಾಲ ಪಾತ್ರ ವೇತ್ತಿ .
ಓ! ಕೃಷ್ಣ ಕುಡಿಯಲು ಹಾಲು ಕುಡಿಯಲು ಹಾಲು .|ಹೇ! ಕೃಷ್ಣಾ ದೂದ್ ಪಿ ದೂದ್ ಪಿ .|ಹೇ! ಕೃಷ್ಣಾ ಪಿಯೆನ್ ದೂದ ಪಿಯೆನ್ ದೂದ .
ಅವರು ಚಿತ್ರಕಲೆಯಲ್ಲಿ ನಿರತರಾಗಿದ್ದರು .|ಓ ಚಿತ್ರಕಲೆಮಾಯಿ ಮಗ್ನ ವೆತ್ತೆ .|ವು ಪಿಚ್ಚರೇರ್ ಕಲಾಮ್ ವೇತ್ತೋ .
ನನ್ನ ತಂಗಿ ಓಡುವುದನ್ನು ಇಷ್ಟಪಡುತ್ತಾಳೆ .|ಮಾರ ಭೇನೆನ ಧಾಸೆರೊ ಪಸಂದ್ ಚ .|ಮಾರ ಭೇನ ಧಾಸೆರ್ ಪಸಂದ್ ಚ .
ಅವರು ಪ್ರಜ್ಞಾಹೀನರಾಗಿದ್ದರು .|ಓ ಪ್ರದ್ನ್ಯಾಹೀನ್ ವೇಗೆತೆ .|ವನುನ್ ಹೊಶ್ ವೇತ್ತಿಕೋನಿ .
ಭಯೋತ್ಪಾದನೆ ದುಷ್ಟ .|ಭಯೋತ್ಪಾದನೆ ದುಸ್ಟ ಛ .|ಭಯೋತ್ಪಾದನೆ ದುಷ್ಟ ಚ .
ಅವಳ ಹೆತ್ತವರು ಯಾರೆಂದು ಅವಳಿಗೆ ತಿಳಿದಿಲ್ಲ .|ವೊರ್ ಮಾ ಬಾಪ್ ಕುಣ ಚ ವೊನ್ ಮಾಲಮ್ ಛೆನಿ .|ಓರ್ ಮಾ ಬಾಪ್ ಕುಣ ಕರನ್ ಓನ್ ಮಾಲಮ್ ಛೆನೀ .
ಸ್ಥಳೀಯ ಪೊಲೀಸರು ಪರಿಸ್ಥಿತಿ ತಿಳಿಗೊಳಿಸಿದರು .|ಸ್ಥಳೀಯ ಪೊಲೀಸ್ ಪರಿಸ್ಥಿತಿ ಶಾಂತ್ ಕಿದೆ .|ಪೊಲೀಸ್ ಸ್ಥಳೀಯ ಪರಿಸ್ಥಿತಿ ಕೇಚ .
ನಾನು ಈ ಹಿಂದೆ ಅವರ ಮನೆಗೆ ಹೋಗಿರಲಿಲ್ಲ .|ಮ ಏರ್ ಲಾರ ವುನೆರ್ ಘರೇನ್ ಗೇತೊಕೋನಿ .|ಮ ಏರ್ ಲಾರ್ ವೊರ್ ಘರೇನ್ ಗೆ ಕೋನಿ .
ಅದನ್ನು ಸಾರ್ವಜನಿಕವಾಗಿ ಚರ್ಚಿಸಬಾರದು .|ಓನ್ ಸೆ ಲೊಕುವನು ಮಾಯಿ ಚರ್ಚೆ ನಕರಣು .|ಓನ್ ಸೇರಿ ಬಗ್ಗೆ ಚರ್ಚೆ ನ ಕರಣು .
ನೀನು ನನ್ನ ಮಾತು ಕೇಳಲಿಲ್ಲವೇ ?|ತು ಮಾರ್ ವಾತೇ ಸಾಂಬಳಿ ಕೋನಿ ಕಾ೦ಯೀ .|ತು ಮಾರ್ ವಾತೆ ಸಾಮಳೋಕೋನಿ ಕ ?
ಬೇಸಿಗೆಯಲ್ಲಿ ನಿಮ್ಮ ಯೋಜನೆಗಳೇನು ?|ಉಂದಾಳೆ ಮಾಯಿ ತಮಾರ್ ಯೋಜನೆ ಕಾಯಿಚ .|ಬ್ಯಾಸಗಿ ಮಾಯಿ ತಮಾರ್ ಯೋಜನೆ ಕಾ೦ಯೀ ಛ ?
ಅವಳು ತನ್ನ ಗಂಡನನ್ನು ದ್ವೇಷಿಸುತ್ತಿದ್ದಳು .|ಉ ಛೋರಿ ಓರ್ ಧ್ ಣಿ ನ ಇಷ್ಟ ಕರೆನಿ .|ವು ವೋರ ಧಣಿ ನ ದ್ವೇಷ ಕರರಿತಿ .
ಅವನು ತನ್ನನ್ನು ಏಕೆ ತ್ಯಾಗ ಮಾಡಬೇಕು ?|ಉ ಓರ್ ವೊನ್ ಕಸೆನ್ ತ್ಯಾಗಾ ಕರಣು .|ಉ ಓರ್ ಬಗ್ಗೆ ಕಶೆನ್ ತ್ಯಾಗ ಕರಣು .
ಕೈ ತೊಳೆಯುವುದು ಅತ್ಯಗತ್ಯ .|ಹಾತ್ ಧೊಯೆರ್ ಜರೂರಿ ಚ .|ಕೈ ಧೊಯೆರ್ ಅಗತ್ಯ ಛ .
ಕಾರಿನಲ್ಲಿ ಎರಡು ಗಂಟೆ ತೆಗೆದುಕೊಳ್ಳುತ್ತದೆ .|ಕಾರೆಮ್ ದಿ ತಾಸ್ ಲಚ .|ಕಾರ್ ಮಾಯಿ ದಿ ತಾಸ್ ಲಚ .
ಪ್ರಧಾನಿಯವರನ್ನೇ ನೋಡಿದ್ದೇವೆ .|ಪ್ರಧಾನಿನ್ ದಿಟೆಚಾ .|ಹಮ್ ಪ್ರಧಾನಮಂತ್ರಿ ದಿಟೆ .
ಅದು ರಸ್ತೆ ದಾಟಲು ಪ್ರಾರಂಭಿಸಿತು .|ವು ರಸ್ತಾ ಲಂಗೆಲಗೊ .|ವು ರಸ್ತಾ ಲಂಗೆರ್ ಚಾಲು ವೇಗೋ .
ನಾನು ಸದ್ಯ ಒಂಟಿಯಾಗಿದ್ದೇನೆ .|ಅಬ್ ಮ ಸಿಂಗಲ್ ಚು .|ಮ ಅಬ್ ಎಕ್ಲೊ ಚು .
ಯಂತ್ರವನ್ನು ಆನ್ ಮಾಡಿ .|ಮಷೀನ್ ಚಾಲು ಕರೋ .|ಯಂತ್ರ ಆಯ್ಕೆ ಕರೋ .
ಗದ್ದೆಯಲ್ಲಿ ಗೂಳಿಗಳಿವೆ .|ಖೇತೆಮ ಬಳದನೋಚ .|ಗದ್ದದ್ದಡೆಮಾಯಿ ಶಾಳಿಓ ಛ .
ಅವರಿಗೆ ಏನು ಬೇಕೋ ಅದನ್ನು ಕೊಡುತ್ತೇನೆ .|ವನುನ್ ಕಾ೦ಯೀ ಚಾವ ಜಕೋಣಿ ದೂಚು .|ವನುನ್ ಕಾ೦ಯೀ ಚಾಯೆ ಓನ್ ದೂಚು .
ನನ್ನ ತೊಂದರೆಯೂ ನಿನ್ನದೇ .|ಮಾರ್ ಸಮಸ್ಯೆ ತಾರ್ ಸರಿಕ್ ಚ .|ಮಾರ್ ಸಮಸ್ಯೆನ ತಾರ್ ನಾಯಿ ಚ .
ಏಕೆ ಎಂದು ನಾವು ಆಶ್ಚರ್ಯ ಪಡುತ್ತೇವೆ .|ಕಾ ಕೆನ್ ಹಮೇನ್ ಆಶ್ಚರ್ಯ ಚ .|ಕಶೆನ್ ಕರನ್ ಹಮ್ ಆಶ್ಚರ್ಯ ಪಡಾಚಾ .
ಅವರ ಸಂಗೀತ ಗಮನಾರ್ಹವಾಗಿದೆ .|ವನೂರ್ ಸಂಗೀತ್ ಘಣ ಠೀಕ್ ಛ .|ವನೂರ್ ಸಂಗೀತ್ ಘಣ ನಾರ್ಹ ಛ .
ತಕ್ಷಣ ಕಚೇರಿಗೆ ವರದಿ ಮಾಡಿ .|ಝಲ್ದಿ ಆಫೀಸ್ ಮಾಯಿ ಕರೋ .|ಝಲ್ದಿ ಆಫೀಸ್ ಕರೋ .
ನಾನು ಈ ಹವಾಮಾನವನ್ನು ಪ್ರೀತಿಸುತ್ತೇನೆ .|ಮನ್ ಈ ಹವಾಮಾನ ಪಸಂದ್ ಚ .|ಮನ್ ಈ ಹವಾಮಾನ ಪಸಂದ್ ಚ .
ಮಮತಾ ಒಳ್ಳೆಯ ಹುಡುಗಿಯಾಗಿದ್ದಳು .|ಮಮತಾ ಏಕ್ ಆಚ್ ಛೋರಿ ಛ .|ವೋಟ್ ಆಚೊ ಛೋರಿ ವೇತ್ತಿ .
ನಾನು ನಿನ್ನಿಂದ ಬೇಸತ್ತಿದ್ದೇನೆ .|ಮನ್ ತಾತಿ ಧೇರ್ ವೇಗಿಚ .|ಮನ್ ತಾತಿ ಬ್ಯಾಸರ ವೇಗಿಚ .
ಇದು ಹೊರಗಿನಿಂದ ಹೇಗೆ ಕಾಣುತ್ತದೆ .|ಈ ಭಾರೇತಿ ಹಯಿ ದಿಕಾವಚ .|ಈ ಭಾರ್ ಕು ದಿಕಾವಚ .
ಅದೊಂದು ಭಯಾನಕ ಸ್ಥಳ .|ವು ಖತರ್ನಾಕ್ ಜಾಗಾ ಚ .|ಉ ಏಕ್ ಭಯಾನಕ್ ಜಾಗಾ ಛ .
ಅವಳು ತನ್ನ ಕಾರನ್ನು ತೆಗೆದುಕೊಳ್ಳುತ್ತಾಳೇ ?|ವು ವೊರ್ ಕಾರ್ ಲೇರಿಚ ?|ವು ವೊರ್ ಕಾರ್ ಲೇರಿಚ ಕ ?
ನನ್ನ ಸಹೋದರಿ ಭೇಟಿಯಾಗಲು ಬರುತ್ತಾಳೆ .|ಮಾರ ಭೇನ ಭಳೆನ ಆರಿಚ .|ಮಾರ ಭೇನ ಭಳೆನ ಆವಚ .
ಶೀನಾ ಅವಳಿಗಿಂತ ಚಿಕ್ಕವಳು .|ಶೀನಾ ವೊತಿ ನಾಣಕಿ ಚ .|ಶೀನಾ ವು ವೊತಿ ನಾಣಕ್ಯ ಚ .
ಅವನು ಎಲ್ಲದರಲ್ಲೂ ಒಳ್ಳೆಯವನು .|ವು ಸೆಮಾಯಿ ಠೀಕ ಚ .|ವು ಕತ್ ಬಿ ಠೀಕ್ ಚ .
ಪೋಲೀಸರನ್ನು ಕರೆ !|ಪೊಲೀಸೆನ ಬಲಾವೋ .|ಪೆನ್ ಕಾಂಯಿ ಫೋನ್ ಕರೋ .
ಧ್ವನಿ ಕರ್ಕಶವಾಗಿದೆ .|ಆವಾಜ ಸರಿ ಛೆನೀ .|ಅವಾಜ್ ಕರ್ನಾಟಕ ಚ .
ನನಗೊಂದು ಉಪಕಾರ ಬೇಕು .|ಮಾರ್ ಏಕ್ ಬೇಟಿ ಛ .|ಮಾರ್ ಏಕ್ ಉಪಕಾರ ಚಾವ .
ಅವರೆಲ್ಲಾ ಒಂದೇ .|ವೊ ಸೆ ಏಕಜ ಚ .|ವೊ ಸೆ ಎಕ್ಕಜ್ ಚ ಕ ?
ಅನುಮಾನಾಸ್ಪದವಿದ್ದರು .|ಸಂಶಾ ವೇತ್ತಿ .|ಸಂಶಾ ಅನುಮಾನೇಮ ವೆತ್ತೋ .
ನಾವು ನದಿಯನ್ನು ದಾಟಿದೆವು .|ಹಮ್ ನಂದಿ ಲಂಗನ್ ಗೆ .|ಹಮ್ ನಂದಿ ಲಂಗನ ಗೆಚಾ .
ಅವನು ಒಬ್ಬ ವ್ಯಕ್ತಿಯ ರತ್ನ .|ವು ಮಾಣಸ್ ಏಕ್ ರತ್ನ ಚ .|ವು ಏಕ್ ಮಾಣಸೇರ್ ರತ್ವ ಚ .
ಇದರಲ್ಲಿ ಧರ್ಮವನ್ನು ತರಬೇಡಿ .|ಏಮಾಯಿ ಧರ್ಮ ಲಾವೊಮತ್ .|ವೊಮ ಧರ್ಮ ಲಾವೊಮತ್ .
ನಿಮ್ಮ ಧೈರ್ಯವನ್ನು ಇಟ್ಟುಕೊಳ್ಳಿ .|ಧೈರ್ಯಾ ರಕಾಡ್ .|ತಮಾರ್ ಧೈರ್ಯಾ ನ ಮೇಲ .
ನಾವು ಹಿಂದೆಂದೂ ಹಾಡಿಲ್ಲ .|ಹಮ್ ಲಾರ್ ಕನ್ನಾಯಿಬಿ ಗಿದಗಾಯೆ ಕೊಂತಿ .|ಹಮ್ ಮೊದಲೇ ಕನ್ನಾಯಿ ಗಿದ್ಗಿಕೊಂತಿ .
ಕೆಲಸ ಸಿಗುವುದು ಅಷ್ಟು ಸುಲಭವಾಗಿರಲಿಲ್ಲ .|ಕಾಮ್ ಮಳೆರೋ ಅತ್ರಾ ಸರಳ್ ವೇತ್ತಿಕೋನಿ .|ಕಾಮ್ ಮಳೆರೋ ಅತ್ರಾ ಸರಳ್ ವೆತ್ತೊಕೋನಿ .
ಇಲ್ಲಿನ ಜೀವನ ಪರಿಸ್ಥಿತಿ ಕಠಿಣವಾಗಿದೆ .|ಯೆತ್ತೆರ್ ಜೀವನ ಪರಿಸ್ಥಿತಿ ಕಠಿಣ್ ಛ .|ಅತ್ತೆರ್ ಜೀವನಾ ಕಠಿಣ್ ಚ .
ತೂಕ ನಷ್ಟಕ್ಕೆ ಸಹಾಯ ಮಾಡುತ್ತದೆ .|ತುಕಾ ಕಡ್ಮಿ ಕರೆನ್ ಉಪಯೋಗ್ ವಚ .|ತುಕಾ ನೂಕ್ಸಾನ್ ಕರಚ .
ಅವರು ಹಲವಾರು ಪ್ರಶಸ್ತಿಗಳನ್ನು ಗೆದ್ದಿದ್ದಾರೆ .|ಓ ಘಣ ಪ್ರಶಸ್ತಿ ಗೆದ್ದ ಮಲೇಚ .|ವು ಘಣ್ ಪ್ರಶಸ್ತಿ ಜೀತೋಚ .
ನೀವು ನನಗೆ ಮೊದಲೇ ಏಕೆ ಹೇಳಲಿಲ್ಲ ?|ತಮ್ ಮನ್ ಮದಲ್ ಕಾ ಕೇಕೊಂತಿ .|ತು ಮನ್ ಮೊದಲೇ ಕಾ ಕೆ ಕೊಂತಿ ?
ಬರಹಗಾರರು ಬರೆಯಲು ಇಷ್ಟಪಡುತ್ತಾರೆ .|ಲೇಖಕರು ಲಕೆನ್ ಇಷ್ಟಾ ಕರಚ್ .|ಲೇಖನ ಲಕ್ಕೆವಾಳ್ ಲಕ್ಕೇರ ಪಸಂದ್ ಚ .
ಇದು ಬೇರೆಯವರ ವ್ಯವಹಾರವಲ್ಲ .|ಈ ದುಸರೇರ್ ವ್ಯವಹಾರ್ ಕಾವ .|ಈ ದುಸರೇರ್ ವ್ಯವಹಾರ್ ಕಾವ .
ದಯವಿಟ್ಟು ನೀವು ಅದನ್ನು ಪುನರಾವರ್ತಿಸಬಹುದೇ ?|ಕೃಪಯಾ ಅಜಿ ವಾಪಸ್ ಕೊಚೊ ಕ ?|ಕೃಪಯಾ ತಮ್ ವೊನ ಅಜಿ ಏಕ್ ಸಲಾ ಕೇಚಿ ಕ ?
ಅವಳು ತನ್ನ ತಾಯಿಯೊಂದಿಗೆ ವಾಸಿಸುತ್ತಾಳೆ .|ವು ವೊರ್ ಯಾಡಿರ್ ಜೋಡಿ ರಚ .|ವು ವೊರ್ ಯಾಡಿರ್ ಜೋಡಿ ರಚ .
ನೀನು ಯಾಕೆ ಇಲ್ಲಿಗೆ ಬರುತ್ತಿದ್ದೀಯಾ ?|ತಮ್ ಅತ ಕಾ ಆಮ್ಲೆಚೊ ?|ತು ಅತ್ ಕಾ ಆರೋಚಿ ?
ಅದಕ್ಕೆ ಮುಜುಗರಪಡಬೇಡಿ .|ಓನ್ ಮುಜುಗರ ಕರೋಮತ್ .|ಓನ್ ಡುಬವೊಮತ್ .
ಇಲ್ಲಿ ರೇಡಿಯೋ ಮಾರುತ್ತಾರೆ .|ಯೆತ್ ರೇಡಿಯೋ ವೆಚಚ್ .|ಅತ್ ರೇಡಿನೋ ಮಾರಚ .
ಅವಳು ಮೈದಾನದಲ್ಲಿ ಆಡುತ್ತಿದ್ದಾಳೆ .|ವು ಮೈದಾನೇಮ ರಮ್ಮರಿಚ .|ವು ಮೈದಾನೇಮ ರಮ್ಮರಿಚ .
ಅವರು ಮಧ್ಯಾಹ್ನ ಅಲ್ಲಿಗೆ ತಲುಪಿದರು .|ವೊ ವತ್ ದೊಪ್ಪೆರ್ ಗೆ .|ಓ ದೊಪ್ಪೆರ್ ವತ್ತ ಪೂಚೆಚ್ .
ನೋಡಲೇಬೇಕಾದ ಚಿತ್ರವಿದು .|ಇ ದೇಕಜಸ್ ಪಿಚ್ಚರ್ ಚ .|ಕಾಲೇಜು ಚಿತ್ರಾ ದೇಕೋ .
ಮಾರ್ಗವು ನದಿಯ ಉದ್ದಕ್ಕೂ ಹೋಗುತ್ತದೆ .|ವಾಟ್ ನಂದಿರ ದಂಡಿನ ಚ .|ಈ ವಾಟ್ ನಂದಿರ ಲಾಂಬೊ ಜಾವಚ .
ನಾನು ಈ ಅಂಗಡಿಯನ್ನು ದ್ವೇಷಿಸುತ್ತೇನೆ .|ಮನ ಈ ಅಂಗಡಿ ಪಸಂದ್ ಛೆನಿ .|ಮನ್ ಈ ಜಿಗಲಾ ಪಸಂದ್ ಛೆನಿ .
ಅವನು ಮತ್ತು ನಾನು ಉತ್ತಮ ಸ್ನೇಹಿತರಾಗಿದ್ದೇವೆ .|ಉ ಅನ್ ಮ ಆಚೆ ದೋಸ್ತ್ ಛಾ .|ವು ಅನ ಮ ಆಚ್ ದೋಸ್ತ ಚು .
ಭೂಮಿಯು ಚಂದ್ರನಿಗಿಂತ ದೊಡ್ಡದಾಗಿದೆ .|ಜಮಿ ಚಾಂದಾ ತಿಭಿ ಮೋಟೋ ಛ .|ಜಮಿ ಚಾಂದಾ ತಿ ಮೋಟ್ ಚ .
ನಾನು ನಿಮ್ಮ ಬಗ್ಗೆ ಆಗಾಗ್ಗೆ ಯೋಚಿಸುತ್ತೇನೆ .|ಮ ತಾರ್ ಬಗ್ಗೆ ಕನಾ ವನಾ ವಿಚಾರ್ ಕರುಚು .|ಮ ತಾರ್ ಬಗ್ಗೆ ಕನ್ನಾ ವನಾ ವಿಚಾರ್ ಕರುಚು .
ನಾನು ಈ ಹಣಕ್ಕೆ ಅರ್ಹ .|ಮ ಏ ಪೀಸರ್ ಹಾಕ್ದರ್ ಚು .|ಮ ಈ ಪಿಸಾರ ವಾಸ್ ಹಾಕ್ದರ್ ಚು .
ನಾನು ಬಡಗಿಗೆ ಮಾತನಾಡಲಿಲ್ಲ .|ಮ ಬಡಗ್ಯಾನ್ ವಾತೆ ಕರಾಯೆಕೋನಿ .|ಮ ಜಹಾಜೆನ್ ವಾತೆ ಕಿದೋ ಕೊಂತಿ .
ನೀನು ನನ್ನನ್ನು ಕೆಳಮಟ್ಟದಲ್ಲಿಲ್ಲ .|ತು ಮಾರ್ ಕೇಳ ಮಟ್ಟೆ ಮಾಯಿ ಛೆಯೀ .|ತು ಮನ್ ಕೇಳ ಮಟ್ಟೆ ಮಾಯಿ ಛೆಯೀ .
ನೀವು ಅವನಿಂದ ಏನು ತೆಗೆದುಕೊಂಡಿದ್ದೀರಿ ?|ತು ವೋರ ಕನ್ನೆತ್ತಿ ಕಾಂಯಿ ಲಿದೊಚಿ .|ತಮ್ ಓತಿ ಕಾ೦ಯೀ ಲಿದೆಚೊ .
ಕೆಲವೊಮ್ಮೆ ನಮಗೆ ಬೇಸರವಾಗುತ್ತಿತ್ತು .|ಏಕ್ ಏಕ್ ವಣಾ ಹಮ್ ಬೋರ್ ವೇಜಾತೇತೆ .|ಏಕ್ ಏಕ್ ವಣಾ ಹಮೆನ್ ಬ್ಯಾಸರ ವೆರಿತಿ .
ಅವಳು ಅವನಿಗೆ ಮೂರು ಮಕ್ಕಳನ್ನು ಹೆತ್ತಳು .|ಉ ಓನ್ ತೀನ್ ಛಿಜಿಯಾಪರ್ ಜಣನ ದಿನಿಚ .|ಉ ವೊನ್ ತೀನ್ ಛಿಜಿಯಾಪರ್ ಮಾ ಬಾಪ್ ಛ .
ನನ್ನ ಸಹೋದರ ಅಪಘಾತದಲ್ಲಿ ಸಾವನ್ನಪ್ಪಿದ್ದಾನೆ .|ಮಾರ್ ಭಾಯಿ ಆಕ್ಸಿಡೆಂಟ್ ಮಾಯಿ ಮರಗೋ .|ಮಾರ್ ಭಾಯಿ ಆಕ್ಸಿಡೆಮ್ ಮರ್ಗೋಚ .
ಅವರನ್ನು ಸರ್ಕಾರ ಪ್ರಾಮಾಣಿಕವಾಗಿ ಪರಿಗಣಿಸಿದೆ .|ವೂನುನ ಸರಕಾರ ಪ್ರಾಮಾಣಿಕ ಚ ಕೆನ್ ಸಮ್ಜಚ .|ಸರ್ಕಾರ್ ವನುನ್ ಪ್ರಾಮಾಣಿಕವಾಗಿ ಪರಿಗಣನೆ ಕಿದಿಚ್ .
ಕೃಷಿಗೆ ಹೆಚ್ಚಿನ ಶ್ರಮ ಬೇಕಾಗುತ್ತದೆ .|ಖೇತೇಮ್ ಕಾಮ್ ಕರೆನ್ ಘಣ್ ಮೆಂತ್ಯಾ ಲಾಗಚ .|ಕೃಷಿನ್ ಜಾಸ್ತಿ ಶ್ರಮ ಚಾಯೆ .
ಈ ಗ್ರಾಮದಲ್ಲಿ ಸಣ್ಣ ಕೊಳವಿದೆ .|ಏ ತಾಂಡೆಮ ಏಕ ನಾಣಕಿಸ ವಾವಡಿಚ .|ಎ ಹಳ್ಳಿಮ ನಾಣಕ್ಯ ಹೊಲಸ್ ರಚ .
ಅವರು ದೊಡ್ಡ ಜ್ಞಾನದ ಲೇಖಕರು .|ಉ ಅಪ್ರತಿಮ ಬುದ್ಧಿ ಛ ಜಕೋಣಿ ಲೇಖಕ ಛ .|ವು ಏಕ್ ಮೋಟ್ ಜ್ಞಾನ ಲೇಖಕ ಚ .
ನಾನು ಕಳೆದ ರಾತ್ರಿ ಚೆನ್ನಾಗಿ ಮಲಗಿದ್ದೆ .|ಮ ಕಾಲೇನ ರಾತೇನ್ ಘಣ ಮಸ್ತ್ ನಿಂದ ಕಿದೋ .|ಮ ಕಾಲೇನ ರಾತ್ ಠೀಕ್ ಸುತೋತೊ .
ಸಮಸ್ಯೆಯ ಬಗ್ಗೆ ನನಗೆ ಏನೂ ತಿಳಿದಿಲ್ಲ .|ಸಮಸ್ಯಾರ್ ಬಗ್ಗೆ ಮನ್ ಕಾ೦ಯೀ ಕಳಿಕೊಂತಿ .|ಮನ್ ಸಮಸ್ಯೆರ ಬಗ್ಗೆ ಕಾಂಯಿ ಮಾಲಮ್ ಛೆನಿ .
ನನಗೆ ಯಾರ ಮೇಲೂ ಪೂರ್ವಾಗ್ರಹವಿಲ್ಲ .|ಮನ್ ಕೆರೀಪರ್ ರಿಸ್ ಛೆನೀ .|ಮನ್ ಕೇಪರ್ ಬಿ ಪೂರ್ವಜ್ರಿ ಛೆನಿ .
ಅಪಘಾತದಲ್ಲಿ ಬೈಕ್ ಸವಾರ ಸಾವು .|ಅಪಘಾತೆಮ ಬೈಕ್ ಸವಾರ ಮರ್ಗೋ .|ಅಪಘಾತೇ ಮಾಯಿ ಬೈಕ್ ಚಲಾಯೇ ವಾಳೊ ಮರ್ಗೋಚ .
ನಾನು ಸರಿಯಲ್ಲಿದ್ದೇನೆ ಮತ್ತು ನೀವು ತಪ್ಪಾಗಿದ್ದೀರಿ .|ಮ ಸರಿ ಚು ತಮ್ ತಪ್ಪ್ ಛೋ .|ಮ ಠೀಕ್ ಕಾವ ಅನ್ ತಮ್ ತಪ್ಪ್ ಛೋ .
ಅವನ ಕನಸಿನಲ್ಲಿ ದೇವತೆ ಕಾಣಿಸಿಕೊಂಡಳು .|ವೋರ ಸಪನೆಮ ದೇವಿ ದಿಕಾಯಿ .|ಓರ್ ಸಪ್ನೋ ಮಾಯಿ ದೇವೀರ ದಕಾಯೀಚ .
ರಾಜಾ ಅವರು ತುಂಬಾ ಸಂತೋಷ ಪಟ್ಟರು .|ರಾಜಾ ಘಣ ಪ್ರಸನ್ನ ವೇ .|ರಾಜಾ ವು ಘಣ ಖುಷಿ ವೇಗೋ .
ಅವಳು ಇದ್ದಕ್ಕಿದ್ದಂತೆ ಕಿರುಚಿದಳು .|ವು ಅಚಾನಕ್ ಅಡ್ಡಾಯಿ .|ಉ ಅಚಾನಕ್ ಅಡ್ಡಾಯಿ .
ನಾನು ಕಿಟಕಿಯನ್ನ ತೆರೆಯಬಹುದೇ ?|ಮ ಕಿಡಕಿ ಕಾಡು ಕ ?|ಮ ಕಿಡಕಿ ಕಾಡ್ ಸಕುಚು ?
ಅವರ ಸಾಧನೆಯಿಂದ ವಿದ್ಯಾರ್ಥಿಗಳು ಸಂತಸಗೊಂಡಿದ್ದಾರೆ .|ವಿದ್ಯಾರ್ಥಿನೋ ವುನೇರ್ ಸಾಧನೇತಿ ಖುಷ್ ಚ .|ವನೂರ್ ಸಾಧನೆ ಮಾಯಿತಿ ವಿದ್ಯಾರ್ಥಿನೋ ಖುಷಿ ವೇಗೆಚ್ .
ವರನು ಪೂರ್ಣ ಮದುವೆಯ ಉಡುಪಿನಲ್ಲಿ ಧರಿಸಿದ್ದನು .|ಯೆತಡು ವಾಯಾರ ಸೆಮಾನ್ ಪೆರಮಲೊತೊ .|ಯೆತಡು ಪೂರಾ ವಾಯಾರ್ ಜಿಗಲಾ ಪೇರಚ .
ನಾನು ಇನ್ನೂ ಖರೀದಿಸಲು ಬಹಳಷ್ಟು ವಸ್ತುಗಳನ್ನು ಹೊಂದಿದ್ದೇನೆ .|ಮ ಅಜಿ ಘಣ್ ಸಾಮಾನ್ ಲೆರ್ ಚ .|ಮಾರ್ ಅಜಿ ಲೇನ್ ಘಣ್ ಸಾಮಾನ್ ಛ .
ಅವರ ಕುಟುಂಬಗಳು ಧ್ವಂಸಗೊಂಡಿವೆ .|ವುನೇರ್ ಪರಿವಾರ ಧ್ವಂಸ ವೇಗೆಚ .|ವನೂರ್ ಕುಟುಂಬ ಅವಾಜ್ ವೇಗೆಚ್ .
ಡಾಕ್ಯುಮೆಂಟ್ ಅನ್ನು ಸರಿಪಡಿಸಬೇಕಾಗಿದೆ .|ಡಾಕ್ಯುಮೆಂಟ್ ಠೀಕ್ ಕರಣು .|ಡಾಕ್ಯುಮೆಂಟೆನ ಠೀಕ್ ಕರನು .
ಸೂಕ್ತ ಹುಡುಗಿಯ ಹುಡುಕಾಟದಲ್ಲಿದ್ದಾರೆ .|ವೊ ಆಚ ಛೋರಿ ಧುನ್ದುಕರಚ .|ಸೂಕ್ತ ಛೋರೀರ ಧುನ್ಡ್ಡಿಮ ಚ .
ಆದಾಗ್ಯೂ, ಅವುಗಳ ನಡುವೆ ಇತರ ಪ್ರಮುಖ ವ್ಯತ್ಯಾಸಗಳಿವೆ .|ವನೂರ್ ನಡು ಘಣ ಅಂತರ ಛ .|ಕಾಕೋ ವನೂರ್ ನಡು ದುಸರ್ ಮುಖ್ಯ ವ್ಯತ್ಯಾಸ ಛ .
ನೀವು ಬಕ್ಷೀಶನ್ನು ಕೊಟ್ಟಿರಾ ?|ತಮ್ ಟಿಪ್ ದಿನೇಚೊ ಕ ?|ತು ಬಸ್ಶ್ ದಿನೋ ಕ ?
ನಾನು ಬಾಣವನ್ನು ಗಾಳಿಯಲ್ಲಿ ಹೊಡೆದೆ .|ಮ ವಾಳೆಮ ಬಾಣ ಮಾರೋ .|ಮ ಬಾಣ ವಾಳೆಮಾಯಿ ಮಾರಿಚು .
ಅವರು ಏನು ಮಾಡಿದ್ದಾರೆಂದು ಊಹಿಸಿ ?|ವೊ ಕಾಂಯಿ ಕಿದೆ ವಿಚಾರ್ ಕರ್ .|ವೊ ಕಾಂಯಿ ಕಿದೇಚ ಕೇನ ಅಂದಾಜಾ ?
ನ್ಯಾಯಾಲಯ ತನ್ನ ತೀರ್ಪು ನೀಡಿದೆ .|ಕೋರ್ಟ್ ತೀರ್ಪು ದಿನಿ .|ನ್ಯಾಯಾಲಯ ಓರ್ ತೀರ್ಪು ದಿನಿಚ .
ಅವರು ತುಂಬಾ ಒಳ್ಳೆಯ ಮತ್ತು ಭಾವನಾತ್ಮಕ ಜನರು .|ಓ ಘಣ ಆಚೆ ಮಾಣಸ ಛ .|ವೊ ಘಣ ಆಚೊ ಅನ ಭಾವನಾತ್ಮಕ ಮಾಣಸ್ ಚ .
ಹಾಲಿನಲ್ಲಿ ಸಕ್ಕರೆಯನ್ನು ಸರಿಯಾಗಿ ಮಿಶ್ರಣ ಮಾಡಿ .|ದೂದೆಮಾಯಿ ಸಕ್ಕರ್ ಠೀಕ್ ಭೇಳೋ .|ಹಾಸ್ಗಿರ ಸಕ್ಕರ್ ಠೀಕ್ ಭೇಳೋ .
ರಾಮ ನನಗೆ ಪೆನ್ ನೈಫ್ ಕೊಟ್ಟ .|ರಾಮ್ ಮನ್ ಪೆನ್ ನೈಫ್ ದಿನೋಚ .|ರಾಮ್ ಮನ್ ಪೆನ್ ನೈಫ್ ದಿನೋಚ .
ನನ್ನ ಕಿವಿಗಳು ಕೆಂಪಾಗಿವೆಯೇ ?|ಮಾರ್ ಕಾನ್ ರಾತಡ್ ವೆರೆಚ್ ಕ ?|ಮಾರ್ ಕಾನ್ ರಾತಡೋಚ ಕಾಯಿ ?
ಅಭ್ಯರ್ಥಿಗಳು ದಾಖಲೆಗಳನ್ನು ಕೊಂಡೊಯ್ಯಬೇಕು .|ಅಭ್ಯರ್ಥಿನೋ ದಾಖಲೆ ಲೇಜಾಣು .|ಅಭ್ಯರ್ಥಿ ದರ್ಜ್ ಲೇಜಾಣು .
ನೀವು ಬಿಡುವಿರುವಾಗ ದಯವಿಟ್ಟು ನನಗೆ ಕರೆ ಮಾಡಿ .|ತಮ್ ಠಾಲ ರೋ ಜನಾ ಮನ ಬಲಾವೋ .|ಕೃಪಯಾ ತಮ್ ಛೋಡು ಜನಾ ಮನ್ ಫೋನ್ ಕರೋ .
ಇದು ಗೋವಾಕ್ಕೆ ದೀರ್ಘ ಪ್ರವಾಸವಾಗಿದೆ .|ಈ ಗೋವಾನ ಮೋಟೋ ಪ್ರವಾಸ ಛ .|ಇ ಗೋವಾನ ಘಣ್ ಪ್ರವಾಸಿ ಚ .
ಅವನು ಕಡಿಮೆಯಿಂದ ತೃಪ್ತನಾಗುವುದಿಲ್ಲ .|ಉ ಕಡಮಿತಿ ತೃಪ್ತಿ ವೆನಿ .|ಉ ಕಮ್ ಯೇತಿ ತೃಪ್ತಿ ವೆನಿ .
ಎಲೆಯ ಗುಂಚ ತುಂಬಾ ದಪ್ಪವಾಗಿರುತ್ತದೆ .|ಪಾನೇರ ಪುಳಿ ಘಣ ಜಾಡ ಚ .|ಪಾಲೇನ ಗುಂಚಾ ಘಣ ಜಾಡ್ ರಚ .
ನಾನು ನನ್ನ ಬೂಟುಗಳನ್ನು ಎಸೆದೆ .|ಮ ಮಾರ್ ಬುಟೇನ ಫೆಕಾಯೋ .|ಮ ಮಾರ ಬೂಟ್ ಕಾಡೋ .
ಸುಮ್ಮನೆ ಕುಳಿತು ವಿಶ್ರಾಂತಿ ತಗೋ .|ಗಪ್ಪ ಬೇಸನ ಆರಾಮ್ ಲ .|ಗಪ್ಪ ಭೇಸೊ ಅನ ಅರಾಮ್ ವೇತ್ತಿ .
ನೀವು ಕೆಲಸ ಮಾಡಬೇಕು ಅಥವಾ ಹಸಿವಿನಿಂದ ಇರಬೇಕು .|ತಮ್ ಕಾಮ್ ಕರಣು ನಿಕಾಣಿ ಭುಕೆ ರೇಣು .|ತಮ್ ಕಾಮ್ ಕರಣು ನಿಕಾಣಿ ಭೂಕಣು .
ನಾನು ದೀರ್ಘ ನಡಿಗೆಗಳನ್ನು ಮಾಡಲು ನಿಜವಾಗಿಯೂ ಇಷ್ಟಪಡುತ್ತೇನೆ .|ಮನ್ ದೂರ್ ಚಾಲನ್ ಜಾಯೇನ್ ಪಸಂದ್ ಚ .|ಮನ್ ಘಣ್ ಮೋಟೋ ನಡುನೋ ಕರೆರ್ ಪಸಂದ್ ಚ .
ಅವರು ಇದುವರೆಗೆ ಸಾಕಷ್ಟು ಸಾಧನೆ ಮಾಡಿದ್ದಾರೆ .|ವು ಅಬ್ಬೆಲಗಾ ಘಣ್ ಸಾಧನೆ ಕರಮಲೋಚ .|ಓ ಅಬ್ಬೆಲಗಾ ಘಣ ಸಾಧನೆ ಕಿದೆಚ .
ಅವರು ಕೆಲವು ದಿನ ಊರಿನಲ್ಲಿಯೇ ಇದ್ದರು .|ವು ದಸೆಕ್ ದಾಡ್ ಗಾಮೇಮಜ್ ವೇತ್ತೋ .|ಓ ದಸೆಕ್ ದಾಡ್ ಗಾಮೇಮಾಯಿ ವೆತ್ತೆ .
ಅವರ ವಯಸ್ಸು ಎಪ್ಪತ್ತು ದಾಟಿದೆ .|ವೊರ್ ವಯಸ್ ಸತ್ರಿ ತಿ ಜಾಸ್ತ್ ಚ .|ವೊರ್ ವಯಸ್ ಸತ್ರಿ ಪಾರ್ ಚ .
ಅದೊಂದು ಸುದೀರ್ಘ ಓದುವ ಪಟ್ಟಿ .|ವು ಏಕ್ ಮೋಟ್ ವೊದೆರ್ ಪಟ್ಟಿ ಚ .|ವು ಮೋಟ ವೊದೇರ್ ಪಟ್ಟಿ ಚ .
ಕೊನೆಗೆ ಹುಲಿ ನರಿಯ ಬಳಿಗೆ ಬಂತು .|ಅಂತೆಮ ಬಾಘ್ ಲೋಮಡಿರ ಕನ್ನ ಆಯೋ .|ಅಂತೆಮ ಬಾಘ್ ಬಾಘೆರ ಕನ್ನ ಆಯೋ .
ನಾನು ಅವನ ಬಗ್ಗೆ ತಲೆ ಕೆಡಿಸಿಕೊಂಡಿಲ್ಲ .|ಮ ವೊರ್ ಬಗ್ಗೆ ಮಾತೋ ಹಾಳ್ ಕಿದೊಕೊಂತಿ .|ಮ ಓರ್ ಬಗ್ಗೆ ಮಾತೋ ಕೆಡ್ಸಾಯೋಕೊಂತಿ .
ನಾನು ಕಾಮನಬಿಲ್ಲು ನೋಡಲು ಇಷ್ಟಪಡುತ್ತೇನೆ .|ಮನ್ ಇಂದ್ರ ಧನುಷ್ ದೇಕೇರ್ ಪಸಂದ್ ಚ .|ಮ ಕಾನ್ದ್ರ ಧನುಷ್ಯಾ ದೇಖೇನ ಇಷ್ಟ ಕರುಚು .
ಅವನ ಮಾತು ನಿಮಗೆ ಕೇಳಿಸುತ್ತಿದೆಯಾ ?|ತಮ್ ಓ ಚೊರಾನ್ ಪೂಚೊ ಛೋ ಕಾಯಿ ?|ತಮ್ ಓರ್ ವತೇ ಸಂಬಾಳೋ ಛೋ ಕಾಯಿ ?
ಅತಿಥಿಗಳನ್ನು ತಮ್ಮ ಮನೆಗೆ ಸ್ವಾಗತಿಸಲಾಗುತ್ತದೆ .|ಪಾಮಣೆನ ಅಪ್ನ ಘರೇನ್ ಬಲಾಣು .|ಪಾಮಣೇನ ವೂನೂರ್ ಘರೇನ್ ಸ್ವಾಗತ್ ಕರಚ .
ಅತಿಥೇಯ ರಾಷ್ಟ್ರ ಭಾರತ .|ಅಥಿತೇಯ ರಾಷ್ಟ್ರ ಭಾರತ್ ಚ .|ಪಾಮಯ ರಾಷ್ಟ್ರ ಭಾರತ್ ಛ .
ಆಡಿಯೋ ಗುಣಮಟ್ಟ ಉತ್ತಮವಾಗಿದೆ .|ಆಡಿಯೋ ಗುಣಮಟ್ಟ ಠೀಕ್ ಛ .|ಆಡೋ ಗುಣಮಟ್ಟ ಆಚೊ ಛ .
ಮನೆಯಲ್ಲಿ ಕೆಲಸ ಮಾಡುವ ಮಹಿಳೆಯರು ಮತ್ತು ಮಕ್ಕಳು ಸಹಾಯ ಮಾಡುತ್ತಾರೆ .|ಘರೇರ್ ಕಾಮ್ ಕರೆನ್ ಸಹಾಯ ಕರ ಜೋಣ ಬಾಯಿಗೋಳೆ ಅನ ಛಿಜ್ಯಪರ್ .|ಘರೇಮಾಯಿ ಕಾಮ್ ಕರೆವಾಳ್ ಬಾಯಿಗೋಳೆ ಅನ್ ಛಿಜಿಯಾಪರ್ ಮದತ್ ಕರಚ .
ನನ್ನ ರಜಾದಿನಗಳಲ್ಲಿ ಪ್ರತಿದಿನ ಮಳೆ ಬರುತ್ತಿತ್ತು .|ಮನ್ ಸೂಟಿ ವೇತ್ತಿ ಜನಾ ದಾಡ್ಡಿ ಪಾಣಿ ಪಡತಿತಿ .|ಮಾರ ವಾಟೆಮ ದಾಡ್ಡಿ ಪಾಣಿ ಪಡರೊತೊ .
ಇಡೀ ರಾತ್ರಿ ಆಚರಿಸಲು ಮಹಿಳೆಯರು ನಂತರ ಸೇರುತ್ತಾರೆ .|ಬಾಯಿಗೋಳೇ ಪೂರಾ ರಾತ ಜಸ್ನ ಕರೇನ ಗೋಳಾವಚ .|ಸಾರಿ ರಾತ್ ಆಚರಣೆ ಕರೆನ್ ಬಾಯಿಗೋಳೆ ಭಳಚ .
ಯಾವ ಸಂಸ್ಥೆಗಳು ದೇಶದಲ್ಲಿ ಪ್ರಸಿದ್ಧವಾಗಿವೆ ?|ಕುಣಸ್ ಸಂಸ್ಥೆ ದೆಶೆಮಾಯಿ ಪ್ರಸಿದ್ಧ ಛ .|ಕುಣಸ್ ಸಂಸ್ಥೆನೂರ ದೆಶೆಮ ಪ್ರಸಿದ್ಧ ಚ ?
ನಾವು ಅವಳನ್ನು ಹಲವಾರು ತಿಂಗಳುಗಳಿಂದ ನೋಡಿಲ್ಲ .|ಹಮ್ ವೊನ ಕತ್ರಾಕೋ ಮೀನಾತಿ ದಿಟೆಕೊಂತಿ .|ಹಮ್ ವೊನ್ ಘಣ್ ಮೀನಾತಿ ದಿಟೋಕೊಂತಿ .
ಅವರು ದೇವರುಗಳ ಹಸುವಿನ ರಕ್ಷಣೆ ಪಡೆದರು .|ವೊನ ದೇವೆರ ಗಾವಡಿತಿ ಸಂರಕ್ಷಣೆ ಮಳಚ .|ಓ ದೇವೇನೂರ ಗಾವಡಿರ ರಕ್ಷಣೆ ಲಿದೆಚ್ .
ರಾಮ ಹಿಂದೂಗಳು ಅತ್ಯಂತ ಪೂಜ್ಯ ದೇವರು .|ರಾಮ್ ಹಿಂದೂ ವನೂರ್ ಪೂಜ್ಯ ದೇವ್ ಛ .|ರಾಮ ಹಿಂದುನೂರ ಸೆತ್ತಿ ಪೂಜಾ ಚ .
ದಳಗಳನ್ನು ಮುಚ್ಚಲು ಸಾಕಷ್ಟು ನೀರು ಸೇರಿಸಿ .|ಫೂಲೆರ್ ದಳ ಬುರೇನ್ ಘಣ ಪಾಣಿ ಭೇಳೋ .|ಪಾತಳೋ ಬಂದ್ ಕರೆನ್ ಘಣ ಪಾಣಿ ಘಾಲೊ .
ನಾನು ಅವನಿಗೆ ಉಡುಗೊರೆಯಾಗಿ ಭರವಸೆ ನೀಡಿದ್ದೇನೆ .|ಮ ಓನ್ ಭರೋಸಾ ಭೆಟ್ ರೂಪೇಮ್ ದಿನಿಚು .|ಮ ಓನ್ ಉಡುಗೊರೆ ದೂಚು ಕರನ್ ಭರೋಸಾ ದೂಚು .
ಅಲ್ಲಿಗೆ ತಲುಪಲು ನೀವು ಎಷ್ಟು ಸಮಯ ತೆಗೆದುಕೊಳ್ಳುತ್ತೀರಿ ?|ವತ್ ಜಾತಾಣಿ ಪೂಚೆನ ಕತ್ರಾ ಟೈಮ್ಲೊಚೊ ?|ತು ವತ ಜಾಯೆಚಿ ?
ನೀವು ದಿನಚರಿಯನ್ನು ಅನುಸರಿಸಬೇಕು .|ತಮ್ ಏಕ್ ರೂಟಿನ್ ಫಾಲೋ ಕರೆರ್ ಜರೂರತ್ ಚ .|ತಮ್ ದಾಡ್ಡಿ ಚರಿನ್ ಅನುಸರಸಾಣು .
ಅವನು ತನ್ನ ಕಣ್ಣೀರನ್ನು ಒರೆಸಿದನು .|ವು ವೋರ ಆಂಕಿರ ಆಸುನ್ ಲುಯೋಚ .|ವು ವೋರ ಆಂಸುನ ಲುಯೋ .
ನಾನು ಅವರ ಚಳುವಳಿಯನ್ನು ಬೆಂಬಲಿಸುವುದಿಲ್ಲ .|ಮ ವನೂರ್ ಚಳು ವಲಿನ್ ಬೆಂಬಲ ದುನಿ .|ಮ ಶಿಯೆರ್ ಬೆಂಬಲ ಕರುನಿ .
ನನ್ನ ಪೋಷಕರು ನನ್ನನ್ನು ಮನೆಯಲ್ಲಿಯೇ ಇರುವಂತೆ ಮಾಡಿದರು .|ಮಾರ ಮಾ ಬಾಪ ಮನ ಘರೇಮ ರಜಿಂವ ಕಿದೆ .|ಮಾರ್ ಮಾ ಬಾಪ್ ಮನ್ ಘರೇಮಾಯಿ ರೇಣು ಕರನ್ ಕಿದೆ .
ನಗುತ್ತಿರುವ ಮುಖವನ್ನು ನೋಡಲು ನಾನು ಇಷ್ಟಪಡುತ್ತೇನೆ .|ಹಾಸೆರೊ ಮುಂಡೊ ದೆಕೆನ ಘಣ ಇಷ್ಟಾವಚ್ .|ಹಾಸರಿ ಜೋಣ ಮುಂಡೊ ದೇಖೇನ ಮನ್ ಪಸಂದ್ ಚ .
ಹರಿ ತರಗತಿಯಲ್ಲಿ ಸೋಮಾರಿ ಹುಡುಗ .|ಹರಿ ಕ್ಲಾಸೇರ ಸೆತ್ತಿ ಜಾಸ್ತ್ ಆಲಸಿ ಛೋರಾ ಚ .|ಹರಿ ಕ್ಲಾಸೆಮ್ ಆಲಸಿ ಛೋರಾ ಚ .
ನಾವು ಅವನಿಗಾಗಿ ಬಹಳ ಸಮಯ ಕಾಯುತ್ತಿದ್ದೇವೆ .|ಹಮ್ ಓರ್ ಸಾರು ಘಣ ವಳಾತಿ ಟೈಮ್ ದೆಕ್ರೆಚಾ .|ಹಮ್ ವೊರ್ ವಾಸ ಘಣ್ ವಾಟ್ ದೇಕರೇತೇ .
ಪೋಷಕರು ತಮ್ಮ ಮಕ್ಕಳ ಮೇಲೆ ನಿಗಾ ಇಡಬೇಕು .|ಮಾ ಬಾಪ್ ಚಿಝಫರ್ ಪರ್ ಆಂಖಿ ಮೇಲ ಮಲನು .|ಮಾ ಬಾಪ್ ವುನೆರ್ ಛಿಜ್ಯಪರೆಪರ್ ಏಕ್ ಆಂಖಿ ಮೇಲನು .
ನಾವು ಈ ಸಮಸ್ಯೆಯನ್ನು ಬಹಳ ಗಂಭೀರವಾಗಿ ತೆಗೆದುಕೊಂಡಿದ್ದೇವೆ .|ಹಮ್ ಏ ಸಮಸ್ಯೆನ ಘಣ್ ಗಂಭಿರತಾತಿ ಲಿದೆಚಾ .|ಹಮ್ ಇ ಸಮಸ್ಯೆನ ಘಣ್ ಗಂಭೀರ ಲೆಮಲೆಚಾ .
ನನಗೆ ಕರೆ ಮಾಡಿದ ವ್ಯಕ್ತಿ ಯಾರೆಂದು ನನಗೆ ತಿಳಿದಿಲ್ಲ .|ಮನ್ ಫೋನ್ ಕೀದೊಜೋಣ ಮಾಣಸ್ ಕುಣಚ ಮಾಲಮ್ ಛೆನಿ ಅಣು ಕೇನ .|ಮನ್ ಫೋನ್ ಕಿದೋ ಜೋಣ ಮಾಣಸ್ ಕುಣಚ ಮನ್ ಮಾಲಮ್ ಛೆನಿ .
ಸುಂದರವಾದ ಚಿಕ್ಕ ಫರ್ ಮರವು ಸಂತೋಷವಾಯಿತು .|ಸುಂದರ ನಾನಕ್ಯ ಫಿರ್ ಜಾಡ್ ಸಂತೋಸೇಮ್ ಎತ್ತಿ .|ಛಂದ್ ಛ ಜಕೋಣಿ ನಾಣಕಿಸ್ ಝಾಡ್ ಘಣ ಖುಷಿ ವೇಗಿ .
ರಾಜನು ಬಹಳ ಕಡಿಮೆ ತೆರಿಗೆಗಳನ್ನು ಸಂಗ್ರಹಿಸುತ್ತಾನೆ .|ರಾಜು ಘಣ್ ಕಮ್ ಟ್ಯಾಕ್ಸ್ ಗೋಳಾಕರಚ .|ರಾಜಾ ಘಣ ಕಮ್ ತೆರಿಗೆ ಗೋಳಾ ಕರಚ .
ನಿಮ್ಮ ಮೂಗನ್ನು ಊದಿಕೊಳ್ಳಿ .|ತಮಾರ್ ನಾಕೇನ್ ಫುಕಾರೊ .|ತಮಾರ್ ನಾಕ ಗಾಮ್ ಘಾಲೊ .
ಅವನ ಬಗ್ಗೆ ಅನೇಕ ಜಾನಪದ ಕಥೆಗಳನ್ನು ಹೇಳಲಾಗುತ್ತದೆ .|ವೋರ ಬಗ್ಗೆ ಘಣ ಜಾನಪದ ಸಾಕಿನೊ ಕಚ .|ಓರ್ ಬಗ್ಗೆ ಘಣ ಜಾನಪದ ಸಾಕಿನೊ ಕಚ .
ನಾನು ಅವನ ಮಾತನ್ನು ನಿಯಮಿತವಾಗಿ ಕೇಳುತ್ತಿದ್ದೇನೆ .|ಮ ಓರ್ ವಾತೇ ಕನ್ನಾವನಾ ಸಾಮಳುಚು .|ಮ ಓರ್ ವಾತೇ ಕನ್ನಾವನಾ ಸಾಮಳಿಚು .
ಅವನಿಗೆ ಏನು ಬೇಕು ಎಂದು ಅವನು ಹೇಳಿದನಾ .|ವು ವೊನ್ ಕಾಯಿ ಚಾವ ಜಕೋಣ ಕೊ ಕ ?|ಓನ್ ಕಾ೦ಯೀ ಚಾಯೆ ಕರನ್ ಉ ಕೆಣು .
ಅವನು ನಂಬಲರ್ಹ ಎಂದು ನನಗೆ ತಿಳಿದಿದೆ .|ಓನ್ ನಂಬಣು ಕರನ್ ಮನ್ ಮಾಲಮ ಛ .|ಓನ್ ನಂಬೆನ್ ವೆನಿ ಕರನ್ ಮನ್ ಮಾಲಮ ಛ .
ನಾನು ಶಾಂತಿಯುತವಾಗಿ ಬದುಕಲು ಇಷ್ಟಪಡುತ್ತೇನೆ .|ಮನ್ ಶಾಂತಿತಿ ರೇರ್ ಪಸಂದ್ ಚ .|ಮ ಶಾಂತಿತಿ ರೇರ್ ಪಸಂದ್ ಚ .
ಅವನು ಒಬ್ಬಂಟಿ ಎಂದು ಜನರು ನಂಬುತ್ತಾರೆ .|ವು ಎಕ್ಲೊ ಚ ಕೇನ ಲೋಗ ನಂಬಚ .|ಉ ಎಕ್ಲೊ ಛ ಕರನ್ ಮಾಣಸ ನಂಬಚ್ .
ನಂತರ ಸ್ಥಳೀಯವಾಗಿ ಪರಿಸ್ಥಿತಿ ನಿರ್ಮಾಣವಾಯಿತು .|ಲಾರ್ತಿ ಸ್ಥಳೀಯ ಪರಿಸ್ಥಿತಿ ವಿ .|ಲಾರ್ತಿ ಸ್ಥಳೀಯ ಪರಿಸ್ಥಿತಿ ನಿರ್ಮಾಣ ವಿ .
ಪ್ರತಿಪಕ್ಷ ಶಕ್ತಿಯುತವಾಯಿತು .|ಪ್ರತಿಪಕ್ಷ ಶಕ್ತಿಯುತ ವೇಗಿಚ್ .|ಪ್ರತಿಪಕ್ಷ ಶಕ್ತಿುತ ವೇಗಿಚ .
ಕೆಲವು ಸರಳ ನಿಯಮಗಳನ್ನು ಅನುಸರಿಸಬೇಕು .|ದಸೆಕ್ ಸರಳ ನಿಯಮ ಪಾಲನೆ ಕರಣು .|ದಸೆಕ್ ಸರಳ್ ನಿಯಮ ಅನುಸರಸಾಣು .
ಅವರು ಕೇವಲ ಒಂದು ಅಂಗಿಯನ್ನು ಮಾತ್ರ ಹೊಂದಿದ್ದರು .|ವೊರ್ ಕನ್ ಬರೆ ಏಕ್ ಜಿಗಲಾ ಚ .|ವು ಬರೆ ಏಕ್ ಜಿಗಲಾ ಅತ್ರಾಜ್ ವೇತ್ತಿ .
ನಿಮ್ಮ ವಾರಾಂತ್ಯ ಹೇಗಿತ್ತು ?|ತಮಾರ್ ವೀಕೆಂಡ್ ಕು ವೇತ್ತಿ ?|ತಮಾರ್ ವಾರೆರ್ ಕು ವೇತ್ತಿ ?
ಸಾಮಾಜಿಕ ಅಂತರ ಕಾಯ್ದುಕೊಳ್ಳುವುದು ಮುಖ್ಯ .|ಸೇತಿ ದಸೆಕ್ ಅಂತರ್ ರಕಾಡನು .|ಸಾಮಾಜಿಕ್ ಅಂತರ್ ವನೂರ್ ವಾಟ್ ದೆರೋ ಮುಖ್ಯ ಛ .
ಕೃಷ್ಣ ಅವರ ಕೊಳಲು ನುಡಿಸಿದರು .|ಕೃಷ್ಣಾ ವೋರ ವಾಸಳಿ ವಜಾಯೋ .|ಕೃಷ್ಣಾ ವೋರ ವಾಸಳಿ ವಜಾಯೋ .
ಕುಟುಂಬದಲ್ಲಿ ವಿವಾದಗಳು ಉಂಟಾಗಬಹುದು .|ಪರಿವಾರೇಮ ವಿವಾದ ವೆಸಕಚ .|ಕುಟುಂಬೆ ಮಾಯಿ ವಿವಾದ್ ಆವಚ .
ಹಸು ಹೊಸ ಕರುವಿಗೆ ಜನ್ಮ ನೀಡಿತು .|ಗಾವಡಿ ಏಕ್ ಪಿಲ್ಲಾ ಜಣಿ .|ಗಾವಡಿ ಪಿಲ್ಲಾನ ಜನ್ಮ ದಿನಿ .
ಮಕ್ಕಳು ಆಗಾಗ್ಗೆ ರೋಗಗಳಿಗೆ ತುತ್ತಾಗುತ್ತಾರೆ .|ಛಿಜ್ಯಪರೆನ್ ಕನ್ನಾವನಾ ಜಡ್ದ್ ಆವಚ .|ಛಿಜಿಯಾಪರ್ ಘಣ ರೋಗ್ ವನುನ್ ಆವಚ .
ಸ್ಯಾಮ್ ತುಂಬಾ ದುರಾಸೆಯವನು .|ಸ್ಯಾಮ್ ಘಣೋ ಲೋಭಿ ಛ .|ಸ್ಯಾಮ್ ಘಣ ದುರಾಬ ಛ .
ತಾಯಿಯು ತುಂಬಾ ಸೌಮ್ಯವಾಗಿದ್ದಾಳೆ .|ಯಾಡಿ ಘಣ ನಮ್ರ ಚ .|ಯಾಡಿ ಘಣ ಸೌಮ್ಯ ರಚ .
ಆಹಾರ ಧಾನ್ಯಗಳು ಅಥವಾ ಧಾನ್ಯಗಳು .|ಧಾನ್ಯ ಯಾ ಅನಾಜ್ .|ಆಹಾರ ಧಾನ್ಯ ನಿಕಾಣಿ ಧಾನ್ಯ .
ಅವಳ ನಾಲಿಗೆಯನ್ನು ಕತ್ತರಿಸಲಾಯಿತು .|ಓರ್ ಜೀಬ್ ಕತರೇಚ .|ವೊರ್ ಜೀಬ ಕಾಟಲಿದೋಚ .
ಪ್ರಕರಣ ಸಂಬಂಧ ಪೊಲೀಸರು ತನಿಖೆ ನಡೆಸುತ್ತಿದ್ದಾರೆ .|ಪೊಲೀಸ್ ಪ್ರಕರಣೇರ ತನಿಖೆ ಕರರೇಚ .|ಪ್ರಕರಣ ಸಾರು ಪೊಲೀಸ್ ತನಿಖೆ ಕರ್ರೆಚ .
ನೀವು ಅವಳಿಗೆ ಸಹಾಯ ಮಾಡಬೇಕು, ಮತ್ತು ಶೀಘ್ರದಲ್ಲೇ !|ತು ವೊನ್ ಜಲ್ದಿ ಸಹಾಯ್ ಕರನು .|ತಮ್ ವೊನ ಸಹಾಯ ಕರನು ಅನ ಜಲ್ದಿ ಸಹಾಯ ಕರನು .
ನೀವು ಅವನಿಗೆ ಸ್ವಲ್ಪ ಸಹಾಯವನ್ನು ಮಾತ್ರ ನೀಡಬೇಕು .|ತು ವೊನ್ ದಸೆಕ್ ಸಹಾಯ್ ಕರನು .|ತು ವೊನ ದಸೆಕ್ ಸಹಾಯ ನ ಅತ್ರಾಜ್ ದೇಣು .
ಮನುಷ್ಯನು ಎಲ್ಲಾ ಭರವಸೆಯನ್ನು ಕಳೆದುಕೊಂಡನು .|ಮಾಣಸ ಸೆ ಭರೋಸಾ ಗಮಾಲಿದೊಚ .|ಮಾಣಸ್ ಸೆ ಭರೋಸಾ ಗಮಾಲಿದೋಚ .
ದಯವಿಟ್ಟು ರಾಮನನ್ನು ಕಳುಹಿಸಿಕೊಡಿ .|ವಿನತಿ ಛ ರಾಮೆನ್ ಮೇಲದೋ .|ಕೃಪಯಾ ರಾಮೇನ ದೇಮಲೋ .
ಅವನು ಜಮೀನಿನಲ್ಲಿ ಕೆಲಸ ಮಾಡುತ್ತಾನೆ .|ವು ಖೇತೇಮ್ ಕಾಮ್ ಕರಚ .|ವು ಖೇತೇಮ್ ಕಾಮ್ ಕರಚ .
ನಾನು ಪ್ರತಿದಿನ ಬಾಳೆಹಣ್ಣು ತೆಗೆದುಕೊಳ್ಳುತ್ತೇನೆ .|ಮ ದಾಡ್ಡಿ ಕೇಳಾ ಲುಚು .|ಮ ದಾಡ್ಡಿ ಕೆಳಾ ಲುಚು .
ಅದಕ್ಕಾಗಿಯೇ ನಾನು ಅದರ ಮೇಲೆ ಇಲ್ಲ .|ಜನಾಜ್ ಮ ಯೆಮ್ ಛೆನಿ .|ಜೇರ್ಸಾರು ಮ ಓರ್ ಪರ್ ಛೆನೀ .
ನಿಮ್ಮ ಕೋಣೆ ಅಚ್ಚುಕಟ್ಟಾಗಿದೆ .|ತಾರ್ ಖೋಲಿ ಸಾಫ್ ಚ .|ತಾರ್ ಖೋಲಿ ಸ್ವಚ್ಛ ಚ .
ಈ ಮಾವಿನಕಾಯಿಗಳು ಹುಳಿ .|ಏ ಅಂಬಾ ಖಾಟ್ ಚ .|ಈ ಅಂಬಾ ಖಾಟೊ ಛ .
ಅವಳನ್ನು ಹೋಗಲು ಬಿಡಬೇಡ .|ವೊನ್ ಜಾಯೆದಮತ್ .|ವೊನ ಜಾಣು ಕೆನ್ ಛೋಡೋಮತ್ .
ಇವು ನನ್ನ ಪುಸ್ತಕಗಳು, ಇವು ನಿಮ್ಮವು .|ಈ ಮಾರ್ ಪುಸ್ತಕ್ ಛ, ಈ ತಮಾರ್ ಛ .|ಏ ಮಾರ್ ಪುಸ್ತಕ್ ಅನ್ ಏ ತಮಾರ್ ಛ .
ಕಪ್ ಅನ್ನು ಮೇಜಿನಿಂದ ಸರಿಸಿ .|ಕಪ್ಪೆನ್ ಟೇಬಲ್ ಪರ್ತಿ ಸರ್ಕಾವೊ .|ಕಪ್ ಉಪ್ಪೇತಿ ಮೇಲೋ .
ಚಿತ್ರವನ್ನು ಅಂತರ್ಜಾಲದಿಂದ ತೆಗೆದುಕೊಳ್ಳಲಾಗಿದೆ .|ಫೋಟೋ ಇಂಟೆರ್ನೆಟ್ಟೇತಿ ಲೇಮಲೆಚ .|ಪಿಕ್ಚರ್ ಇಂಟರ್ಟೇಮ್ ಲೆಚ .
ನಿಮ್ಮ ಕೈಲಾದಷ್ಟು ಅವನಿಗೆ ಕೊಡಿ .|ತಮಾರ್ ಹಾತೆಬುತ್ತಿ ವ ಜತರಾ ದೊ .|ಓನ್ ತಮಾರ್ ಹಾತೆಬುತ್ತಿ ವಜತರಾ ದೊ .
ಪಾವತಿಸಲು ಅವಳು ವೇಶ್ಯೆಯಾದಳು .|ವು ಭರೇರ ವಾಸ ಏಕ ವೇಶ್ಯಾ ವೇಗಿ .|ವು ಭರೇನ್ ವೇಶ್ಯ ವೇತ್ತಿ .
ಚಾವಣಿ ವಸ್ತುವು ಉಚಿತವಾಗಿದೆ .|ಛಾವಣಿರ ಸಾಮಗ್ರಿ ಬಗರ್ ಪಿಸಾರ .|ವಾವಡಿ ವಸ್ತು ಫುಕ್ಕ್ಷಣ ಚ .
ಹೂದಾನಿ ಮುರಿದವರು ಯಾರು ?|ಫೂಲ್ ಏರ ಹಂಡಿ ಕುಣ ತೋಡೊ ಛ ?|ಫೂಲೆರ್ ಫುಟನ್ ಕುಣ ಛ .
ಮುಟ್ಟುಗ್ ಅಥವಾ ಮೂರು ಎಲೆಗಳು .|ಮುಟ್ಟುಗ ನಿತರ ತೀನ ಪಾಲೊ .|ಡುಬೇರ ನಿಕಾಣಿ ತೀನ್ ಪಾಲೋ .
ನದಿಯು ನಗರವನ್ನು ಮುಳುಗಿಸಿತು .|ನದಿ ನಗರೇನ ಡುಬಾಡನಾಕಿಚ .|ನಂದಿ ನಗರ ಡುಬಗಿಚ್ .
ಇದು ಮಾಂಸಾಹಾರಿ ಸಸ್ತನಿ .|ಈ ಮೌಸಾಹಾರಿ ಸಸ್ತನಿ ಛ .|ಈ ಬೋಟಿನ ಸಾಥಿನಿ ಚ .
ಜನಪದ ಕಥೆಗಳ ಬಗ್ಗೆ ಆಸಕ್ತಿ ಕಡಿಮೆಯಾಗಿದೆ .|ಜಾನಪದ ಸಾಕಿನೂರ ಬಗ್ಗೆ ಆಸಕ್ತಿ ಕಮ ವೇಗಿಚ .|ಜಾನಪದ ಸಾಕಿನೂರ ಬಗ್ಗೆ ಆಸಕ್ತಿ ಕಮ ಚ .
ಈ ಸಮಸ್ಯೆಯನ್ನು ಭೇದಿಸಲು ಕಷ್ಟವಾಯಿತು .|ಏ ಸಮಸ್ಯೆರ ಸಮಾಧಾನ ಕಾಡೇರ್ ಕಠಿಣ ಚ .|ಈ ಸಮಸ್ಯೆನ್ ಭೇದೆನ್ ಕಷ್ಟಾ ವೇಗಿಚ್ .
ನೀವು ಈ ಗ್ರಾಮದಲ್ಲಿ ಎಷ್ಟು ದಿನ ವಾಸಿಸುತ್ತಿದ್ದೀರಿ ?|ತಮ್ ಈ ಹಳ್ಳಿಮಾಯಿ ಕತ್ರಾ ದಾಡ ರೊಚೊ .|ತಮ್ ಈ ಹಳ್ಳಿಮಾಯಿ ಕತ್ರಾ ದಾಡ್ ರೊಚೊ ?
ಎರಡನೆಯ ಮಗ ಕಾರ್ಯದರ್ಶಿಯಾಗಿರಲಿ .|ಈ ಮೊದಲೆರ್ ಚೋರಾ ಮೋಟೋ ಮಾನಸ್ ವನು .|ದಿನೆ ಬೇಟಾ ಕಾರ್ಯದರ್ಶಿ ವೇದ .
ರಾಜ ಗಂಭೀರವಾಗಿ ಯೋಚಿಸತೊಡಗಿದ .|ರಾಜಾ ಗಂಭಿರತಾ ತಿ ವಿಚಾರ ಕರೆಲಗೋ .|ರಾಜಾ ಗಂಭೀರ ರೂಪೇತಿ ವಿಚಾರ ಕರೆಲಗೋ .
ನಂತರ ಅವನು ನಿಧಾನವಾಗಿ ತಲೆ ಅಲ್ಲಾಡಿಸುತ್ತಾನೆ .|ಲಾರ್ತಿ ವು ಸಾವಕಾಶ್ ಮಾತೋ ಹಲಾಯೋ .|ಲಾರ್ತಿ ವು ಸಾವ್ಕಾಸ್ ಹಲಾವು ಕರಚ .
ಜಗತ್ತಿನಲ್ಲಿ ಶಾಂತಿ ನೆಲೆಸಬೇಕು .|ಜಗತ್ತೇಮ ಶಾಂತಿ ರೇಣು .|ಜಗತ್ತೇಮ್ ಶಾಂತಿ ರೇಣು .
ಪಕ್ಷದ ಮುಖಂಡರು ಉಪಸ್ಥಿತರಿದ್ದರು .|ಪಕ್ಷೆರ್ ಮುಖಂಡ ಹಾಜರ್ ವೆತ್ತೆ .|ಪಕ್ಷೆರ್ ಮುಖಂಡನೋ ವೆತ್ತೆ .
ಅವನು ತಂದ ಸಾಮಾನುಗಳನ್ನು ಪರಿಶೀಲಿಸಲಾಗುತ್ತದೆ .|ವೊ ವು ಲಾಮಲ ಜೋಣ ಸೆಮಾನ್ ದೇಕಚ .|ವು ಲಾಮಲ ಜೆ ಸೆಮಾನ ದೇಕಚ .
ನಾನೊಬ್ಬ ಆಧ್ಯಾತ್ಮಿಕ ವ್ಯಕ್ತಿ .|ಮ ಏಕ್ ಆಧ್ಯಾತ್ಮಿಕ ಮಾಣಸ್ ಚು .|ಮ ಏಕ್ ಆಧ್ಯಾತ್ಮಿಕ ಮಾಣಸ್ ಚು .
ವದಂತಿಗೆ ಯಾವುದೇ ಆಧಾರವಿಲ್ಲ .|ಅಪವಾಹಾ ನ ಕಾಂಯಿ ಆಧಾರ ಛೆನಿ .|ವದಂತಿ ಕುಣಶಿ ಆಧಾರ್ ಛೆನೀ .
ಅವಳ ಹೊಟ್ಟೆ ನೋವು ಇನ್ನೂ ಉಳಿದಿದೆ .|ವೋರ ಪೇಟೆಮ ಅಬ್ ಬಿ ದುಕರೋಚ .|ಓರ್ ಪೇಟ ಅಜಿ ದುಕರೋಚ .
ಇವತ್ತು ಬೆಂಗಳೂರಿಗೆ ಹೋಗುತ್ತೇನೆ .|ಮ ಆಜ ಬೆಂಗಳೂರೇನ ಜಾವುನ್ಚು .|ಆಜ್ ಬೆಂಗಳೂರೇನ್ ಜಾವುಚು .
ಇದಕ್ಕೆ ಅಧ್ಯಕ್ಷರು ಸಹಿ ಹಾಕಿದರು .|ಏನ್ ಅಧ್ಯಕ್ಷರೋ ಸಹಿ ಘಾಲೇಚ .|ಏನ್ ಅಧ್ಯಕ್ಷರು ಸಹಿ ಕಿದೋಚ .
ಅವನು ಸ್ವಯಂ ನಿರ್ಮಿತ ಮನುಷ್ಯ .|ವು ಸೆಲ್ಫ್ ಮೇಡ್ ಮಾಣಸ್ ಚ .|ವು ಸ್ವಯಂ ನಿರ್ಮಿತ ಮಾಣಸ್ ಚ .
ನಾನು ನಿಮ್ಮ ಉಪಕರಣಗಳೊಂದಿಗೆ ಆಟವಾಡಿದೆ .|ಮ ತಾರ ಸೇಮಾನು ತಿ ರಮ್ಮೋ .|ಮ ತಮಾರ್ ಉಪಕರಣ ವನುತಿ ಆಟಾ ರಮ್ ಮಲಿಚ್ .
ಬಲವಾದ ಭಾಷೆಯಲ್ಲಿ ಪಾಲ್ಗೊಳ್ಳಬೇಡಿ .|ಘಟ್ಟಿ ಭಾಷಾಮಾಯಿ ಭಳೋಮತ್ .|ಬಲ ಭಾಷೆ ಮಾಯಿ ಭಾಲ್ವೊಮತ್ .
ನವಿಲು ಸುಂದರವಾದ ಗರಿಗಳನ್ನು ಹೊಂದಿದೆ .|ಮೋರೇರ ಫಾಂಕೇ ಘಣ ಛಂದ ಚ .|ನವಿಲು ಏಕ್ ಛಂದ ಚಡಿ ಚ .
ಇದು ಕಿವಿಯಿಂದ ತೂಗುಹಾಕುತ್ತದೆ .|ಈ ಕಾನೇತಿ ನೆತ್ ಪಡ ಚ .|ಈ ಕಾನೇತಿ ವಜನ್ ಘಾಲಚ .
ಅವನು ಮೆಟ್ಟಿಲುಗಳನ್ನು ಹತ್ತಿದನು .|ಉ ಚೋರಾ ಪೈರಿ ಚಡೊಚ .|ಉ ಸಿಡಿ ಚಡೊಚ್ .
ತನಗೇನೂ ಗೊತ್ತಿಲ್ಲ ಎಂದು ವಾದಿಸಿದರು .|ಮನ್ ಕಾಂಯಿ ಮಾಲಮ್ ಛೆನಿ ಕೆನ್ ವಾದ ಕಿದೋ .|ವು ಹಾಸತೋ ಕಾಂಯಿ ಮಾಲಮ್ ಛೆನಿ ಕೇನ ಕೆ .
ಆದ್ದರಿಂದ ದಯವಿಟ್ಟು ನಿಮ್ಮ ಆರೋಗ್ಯವನ್ನು ನೋಡಿಕೊಳ್ಳಿ .|ತೊ ಕೃಪಯಾ ತಾರ್ ಆರೋಗ್ಯರ ಕಾಳಜಿ ಕರ .|ಜೇರ್ಸಾರು ತಮಾರ್ ಆರೋಗ್ಯೆನ್ ದೆಕ್ಲೋ .
ನಾನು ಯಾವತ್ತೂ ಬೆಂಗಳೂರಿಗೆ ಹೋಗಿರಲಿಲ್ಲ .|ಮ ಕನ್ನಾಯಿಭಿ ಬೆಂಗಳೂರೇನ ಗಿಕೊಂತಿ .|ಮ ಕನ್ನಾಯಿ ಬೆಂಗಳೂರೇನ ಗೆ ಕೋನಿ .
ಅವರ ಕಲ್ಪನೆಯು ಆಶ್ಚರ್ಯಕರವಾಗಿ ಚೆನ್ನಾಗಿ ಕೆಲಸ ಮಾಡಿತು .|ವನೂರ್ ಕಲ್ಪನೆ ಆಚೊ ಕಾಮ್ ಕಿದಿಚ .|ವುನೆರ್ ವಿಚಾರ ಘಣ್ ಆಶ್ಚರ್ಯಜನಕ ಕಾಮ್ ಕಿದಿ .
ನನ್ನ ತಲೆಯಲ್ಲಿ ತೀವ್ರವಾದ ನೋವನ್ನು ನಾನು ಅನುಭವಿಸುತ್ತೇನೆ .|ಮಾರ್ ಮಾತೋ ಘಣೋ ದುಕರೊಚ್ .|ಮನ್ ಮಾರ್ ಮಾತೋ ಘಣ ದುಖ್ ಲಾಗುಚು .
ಅಗಲಿಕೆಗಾಗಿ ಅವಳ ತೀವ್ರ ದುಃಖದ ಭಾವನೆ .|ವೋರ ದೂರ್ ವೇ ಜೇರ ದುಃಖ .|ಜರೂರತ್ ಛ ಜೇತಿ ವೋರ ಘಣ್ ದುಃಖೇರ ಭಾವನೆ ಚ .
ಸಕ್ಕರೆಯನ್ನು ಪ್ರಜ್ಞಾಪೂರ್ವಕವಾಗಿ ತೆಗೆದುಕೊಳ್ಳಬೇಕು .|ಸಕ್ಕರ್ ದಸೆಕ್ ಖಾಣು .|ಸಕ್ಕರ್ ಪ್ರಜ್ಞಾನ ಹನು ಲೇಣು .
ನಿಮ್ಮೊಂದಿಗೆ ವ್ಯವಹರಿಸುವುದು ತುಂಬಾ ಕಷ್ಟಕರವಾಗಿದೆ .|ತಮಾರ್ ಜೋಡಿ ವ್ಯವಹಾರ್ ಕರೆರೋ ಘಣ ಕಷ್ಟಾ ಛ .|ತಮಾರ್ ಜೋಡಿ ವ್ಯವಹಾರ್ ಕರೆರೋ ಘಣ ಕಷ್ಟಾ ಛ .
ಆಂತರಿಕ ಸಮಿತಿಯ ರಚನೆ ಏನು ?|ಆಂತರಿಕ ಸಮಿತಿರ ರಚನೆ ಕಾಂಯಿ ಚ ?|ಮಾಯಿರ್ ಕಮಿಟಿರ ರಚನೆ ಕಾಂಯಿ ಚ ?
ಅವರಿಗೆ ತರಕಾರಿಗಳ ಮಹತ್ವ ಅರಿವಾಗುತ್ತಿಲ್ಲ .|ವನುನ್ ಕಾಯಿಪಲ್ಲೆರ್ ಬಗ್ಗೆ ಮಾಲಮ ವೇರಿಕೊಂತಿ .|ವನುನ್ ಕಾಯಿಪಲ್ಲೆ ವನುನ್ ಕಾ೦ಯೀ ಹಳವ ಕೊಂತಿ .
ಡಿಸೈನರ್ ತುಂಬಾ ಪ್ರತಿಭಾವಂತರಾಗಿದ್ದರು .|ಡಿಸೈನರ್ ಘಣ ಹುಷಾರ್ ಛ .|ಡೈನಿರ್ ಘಣ್ ಪ್ರತಿಭಾವಂತ ವೆತ್ತೋ .
ನಾನು ಹೋಗುತ್ತಿದ್ದೇನೆ, ನಾನು ಹೋಗುತ್ತಿದ್ದೇನೆ ತಂದೆ .|ಬಾಪು ಮ ಜಾರಿಚು, ಮ ಜಾರಿಚು .|ಮ ಜಾರೊಚು ಮ ಜಾರೊಚು .
ನಾನು ಭರವಸೆ ನೀಡಿದರೆ, ನಾನು ಅದನ್ನು ಉಳಿಸಿಕೊಳ್ಳುತ್ತೇನೆ .|ಮ ಭರೋಸಾ ದಿನಿಕತೋ ಓನಮ ರಕಾಡುಚು .|ಮ ಭರೋಸಾ ದಿನೋ ಕತೋ ಓನ್ ಬಚಾಡುಚು .
ಅವಳ ಸಂಕಟ ಇಷ್ಟಕ್ಕೇ ಮುಗಿಯಲಿಲ್ಲ .|ವೊರ್ ಸಂಕಟ ಅತ್ರಾನಜ್ ಖುಟೋಕೋನಿ .|ವೊರ್ ಸಂಕಟ ಅತ್ರಾಜ ಖುಟೊಕೊಂತಿ .
ಪ್ರಧಾನಿ ಜನರಿಗೆ ಶುಭಾಶಯ ಕೋರಿದರು .|ಪ್ರಧಾನಿ ಲೊಕುನ್ ಶುಭಾಶಯ ದಿನೊಚ್ .|ಪ್ರಧಾನ್ ಲೊಕುನ್ ಶುಭಾಶಯ ದಿನೇಚ .
ಮೊಟ್ಟೆಗಳು ಮೂಳೆಗಳ ಆರೋಗ್ಯಕ್ಕೂ ಪ್ರಯೋಜನಕಾರಿ .|ಇಂಡಾ ಹಡಕಾ ಗಟ್ಟಿ ಕರೆನ್ ಉಪಯೋಗ್ ವಚ .|ಇಂಡಾನೋ ಹಡಕಾ ರ ಆರೋಗ್ಯೇರ ಆರೋಗ್ಯಕಾರಿ ರಚ .
ಶೇಖರಣಾ ಮಾರ್ಗವನ್ನು ನಿರ್ದಿಷ್ಟಪಡಿಸಬೇಕು .|ಗೋಳಾ ಕರೆರ್ ರಸ್ತಾನ ನಿರ್ದಿಷ್ಟ ಕರನು .|ಶೇಖರಣ ಮಾರ್ಗ ನಿರ್ದಿಷ್ಟ ಕರಣು .
ಆದರೆ, ಇದಕ್ಕೆ ಪ್ರಾಧಿಕಾರ ನಿರಾಕರಿಸಿದೆ .|ಪಣ ಪ್ರಾಧಿಕಾರ ಹಯಿ ಕರೆನ್ ಮತ್ ಕೆನಾಕೇಚ .|ಪಣ ಏನ್ ಪ್ರಾಧಿಕಾರ್ ನಿರಾಕರಿಕೋನಿ .
ಅವನು ಚಿಕ್ಕವನಾಗಿದ್ದಾಗ ಇದೆಲ್ಲವೂ ಪ್ರಾರಂಭವಾಯಿತು .|ಎ ಸೆ ವು ನಾಣಕ್ಯ ವೆತ್ತೋಜನಾ ಶುರು ವೇಮಲೋಚ .|ವು ನಾಣಕ್ಯ ವೆತ್ತೋ ಜನಾ ಈ ಸೆ ಚಾಲು ವೇಗೋ .
ಅವರು ಎರಡು ವರ್ಷಗಳಿಂದ ಈ ಸಮಸ್ಯೆಯ ಮೇಲೆ ಕೆಲಸ ಮಾಡುತ್ತಿದ್ದಾರೆ .|ವು ಎ ಸಮಸ್ಯೆಪರ್ ದೀ ವರ್ಸೆರ್ ಕಾಮ್ ಕರ್ರೋಚ .|ಓ ದಿ ವರಸೆತಿ ಈ ಸಮಸ್ಯೆ ಪರ್ ಕಾಮ್ ಕರ್ರೆಚ .
ಎಲ್ಲಾ ಮೀನುಗಳು ನೊಣಗಳೊಂದಿಗೆ ಹಿಡಿಯುವುದಿಲ್ಲ .|ಸೆ ಮಾಳಿಓ ಮಾಕಿವನುನ್ ಪಕಡೇನಿ .|ಸೆ ಮಾಚಳಿ ಪಕಡೇವಾಳೋ ಪಕಡೇನಿ .
ಈ ಹಿಂದೆ ಇಂತಹ ಘಟನೆಗಳು ನಡೆದಿವೆಯೇ ?|ಮೊದಲೇ ಅಸ ಘಟನೆ ವೇಮಲಿಚ ಕ ?|ಲಾರ್ ಅಸ ಘಟನೇನೋ ಚಾಲಿಚ ಕ ?
ಅವನು ತಪ್ಪಿತಸ್ಥನಾಗಿದ್ದರಿಂದ ಅವನಿಗೆ ಶಿಕ್ಷೆಯಾಯಿತು .|ಉ ತಪ್ಪ್ ಕರಮಲೋ ಜೇತಿ ಓನ್ ಶಿಕ್ಷೆ ಹುಯಿಚ .|ವು ಗಲತ ವೇತ್ತೋ ಜೇತಿ ವೊನ ಶಿಕ್ಷೆ ವಿ .
ನಾವು ಬೇರೆಲ್ಲಿಯಾದರೂ ನೋಡೋಣವೇ ?|ಅಪಣ ದುಸರ್ ಜಾಗ್ ಅಜಿ ದೆಕಾ ಕಾ೦ಯೀ ?|ಹಮ್ ಅಗರ ತಮೇನ ದಿಟೋಕೋನಿ ಕ ?
ರಾಜ್ ತನ್ನ ತಂದೆಯನ್ನು ತುಂಬಾ ಮಿಸ್ ಮಾಡಿಕೊಳ್ಳುತ್ತಾನೆ .|ರಾಜ್ ವೊರ್ ಬಾಪೇನ ಘಣ್ ಹರ್ದೆ ಕರಚ .|ರಾಜ್ ಓರ್ ಬಾಪೇನ್ ಘಣ ಬೇಟಿ ಕರಚ .
ನನ್ನ ವಕೀಲರ ಮಾತನ್ನು ನಾನು ಒಪ್ಪುತ್ತೇನೆ .|ಮಾರ್ ವಕೀಲೆರ್ ವಾತೆ ಮ ನಂಬುಚು .|ಮ ಮಾರ್ ವಕೀಲ್ ವಾತೇ ಒಪ್ಪುಚು .
ನಾನು ಇಂದು ಈ ಬೋರ್ಡ್ ಅನ್ನು ಸರಿಪಡಿಸುತ್ತೇನೆ .|ಮ ಈ ಬೋರ್ಡ್ ಆಜ್ ಠೀಕ್ ಕರುಚು .|ಮ ಆಜ್ ಈ ಬೋರ್ಡ್ ಠೀಕ್ ಕರುಚು .
ಒಂದು ಕಪ್ ಕತ್ತರಿಸಿದ ಈರುಳ್ಳಿ .|ಏಕ್ ಕಪ್ ಕಾಟಮಲೆ ಜೋಣ ಕಾಂದಾ .|ಏಕ್ ಕಪ್ ಕಾಟೊ ಜಕೋಣಿ ಕಾಂದಾ ಕಾಟೊ .
ಈತ ಇಬ್ಬರಲ್ಲಿ ಅತಿ ಎತ್ತರದವನು .|ವು ದೊಯೀಮ ಸೆತ್ತಿ ಲಾಂಬೊ ಚ .|ವು ಏಕೇನ ಏಕ್ ಲಾಂಬೊ ಚ .
ಕಾಗೆಯಿಂದ ಹಾವಿನ ಕಚ್ಚುವಿಕೆ ಪಾರಾಯಿತು .|ಕಾಗಲಾ ಸಾಪ ಕಾಟಜೇತಿ ಬಚಾಡೋ .|ಕಾಗಲಾ ದೂಧ್ ಕಾಟೆರ್ ಶುರು ವೇಗೋ .
ಪ್ರತಿಭಟನಾಕಾರರು ಕೆಲಕಾಲ ರಸ್ತೆ ತಡೆ ನಡೆಸಿದರು .|ಪ್ರತಿಭಟನೆ ಕರೆವಾಳ್ ರೋಡ್ ತಡೆ ಕಿದೆಚ .|ಪ್ರತಿಭಟನಾಕಾರನೋ ದಸೆಕ್ ವಾಟ್ ಥಾಮೆ .
ನೀನು ಯಾರೊಡನೆ ಮಾತನಾಡುತ್ತಿದ್ದೀಯ ?|ತು ಕೇರ್ ಜೋಡಿ ವಾತೇ ಕರ್ರಿಚಿ .|ತು ಕೇರ್ ಬಗ್ಗೆ ವಾತೆ ಕರರೊಚಿ ?
ಒಬ್ಬ ವ್ಯಕ್ತಿಯು ತನ್ನ ಮಿತಿಗಳನ್ನು ತಿಳಿದುಕೊಳ್ಳಬೇಕು .|ಈ ಮಾಣಸ ಓರ್ ಮಿತಿ ಸಮಜಣು .|ಏಕ್ ಮಾಣಸ್ ವೊರ್ ಮಿತಿನುನ ಮಾಲಮ್ ಕರನು .
ನೀವು ದೀರ್ಘವಾದ ಉಸಿರನ್ನು ತೆಗೆದುಕೊಳ್ಳಬೇಕು .|ತಮ್ ಮೋಟೋ ಉಸಲೇನ್ ಲೇನು .|ತಮ್ ಘಣ್ ದಾಡೆರ್ ಸಾಸ್ ಲೇಣು .
ಹದಿನಾರು ವಿದ್ಯಾರ್ಥಿಗಳಿಗೆ ಬಹುಮಾನ ವಿತರಿಸಲಾಯಿತು .|ಸೊಳಾ ವಿದ್ಯಾರ್ಥಿ ವನುನ್ ಬಹುಮಾನ ದಿನೇಚ .|ಸೋಳಹ ಸೆ ವಿದ್ಯಾರ್ಥಿವನುನ್ ಬಹುಮಾನ ದಿನೆಚ್ .
ನೀವು ಯಾವುದನ್ನೂ ಕ್ರಮಭದ್ದವಾಗಿ ಇಟ್ಟಿಲ್ಲ .|ತು ಕಾಂಯಿ ಠೀಕ್ ಮೇಲೊಕೊಂತಿ .|ತಮ್ ಕಾ೦ಯೀ ಕ್ರಮ ಲೆಣು .
ಇದೆಲ್ಲವೂ ಗೊಂದಲದ ಸಂಗತಿಯಾಗಿದೆ .|ಏ ಸೆ ಗೊಂದಲೆರಚ .|ಈಸೆ ಗೊಂದಲೇರ್ ಸಂಗತಿ ಛ .
ಅವರದು ಸಂಘರ್ಷದ ವ್ಯಕ್ತಿತ್ವ .|ಓರ್ ಸಂಘರ್ಶೆರ್ ವ್ಯೆಕ್ತಿತ್ವ ಛ .|ವನೂರ್ ಸಂಘರ್ಷೆರ್ ವ್ಯಕ್ತಿತ್ವ ಛ .
ಸಾಮಾಜಿಕ ಜಾಲತಾಣಗಳು ಬಹಳ ಜನಪ್ರಿಯವಾಗಿವೆ .|ಸೋಸಿಯಲ್ ನೆಟ್ ವರ್ಕಿಂಗ್ ವೆಬ್ ಸೈಟ್ ನೋ ಘಣ್ ಜನಪ್ರಿಯ ವೇಗಿಚ .|ಸಾಮಾಜಿಕ ಜಾಲತಾಣ ಘಣ ಜನಪ್ರಿಯ ಛ .
ಹೊಸದಾಗಿ ಮದುವೆಯಾದ ದಂಪತಿಯನ್ನು ಮನೆಯ ಹೊರಗೆ ಕೂರಿಸಲಾಗುತ್ತದೆ .|ನವೀನ ವಾಯಾ ವೇಮಲಜೆನ್ ನವಲೆರಿ ವೇತಡು ನ ಘರೇರ್ ಬಾಹರ್ ಬಸಾರಚ .|ಏಕ್ ನವೀನ ವಾಯಾ ವೇಂಡಿನ ಘರೇರ್ ಭಾರ್ ಘಾಲಚ .
ಇದು ಚಾಲಕರು ಮತ್ತು ಪಾದಚಾರಿಗಳಿಗೆ ಅಪಾಯಕಾರಿಯಾಗಿದೆ .|ಈ ಡ್ರೈವೇರೆ ವನುನ್ ಅನ್ ಚಾಲನ್ ಜಾವಜೆನ್ ಅಪಾಯಕಾರಿ ಛ .|ಈ ಡ್ರೈವಕರು ಅನ್ ಟಾಂಗೆನ್ ಅಪಾಯಕಾರಿ ಛ .
ಅನೇಕ ಜನರು ಊಟದ ನಂತರ ತಿಂಡಿಗಳನ್ನು ತೆಗೆದುಕೊಳ್ಳುತ್ತಾರೆ .|ಘಣ ಲೋಕ್ ಬಾಟಿ ಖಾಲ ಜೆರಪಚ್ ಸ್ನಾಕ್ಸ್ ಖಾವಚ್ .|ಘಣ ಮಾಣಸ್ ಖಾಣೊ ಖಾದೆ ಜೆರ್ ಪಚ ವು ಖಾಣೊ ಖಾವಚ .
ಅವರು ದೇವಸ್ಥಾನದಲ್ಲಿ ಒಟ್ಟುಗೂಡಲು ಬಯಸುತ್ತಾರೆ .|ವೊ ವೊತ್ತ ಗುಡಿಮಾಯಿ ಸೇನಜ ಭೇಳೆನ ಬಯಸಚ .|ವೊ ಗುಡಿ ಮ ಸೇನಜ ಭೆಳೆನ ಬಯಸೆಚ .
ನೀವು ಇನ್ನೂ ಈ ಪುಸ್ತಕಗಳಲ್ಲಿ ಯಾವುದನ್ನಾದರೂ ಓದಿದ್ದೀರಾ ?|ತಮ್ ಏ ಪುಸ್ತಕೇವನುಮಾಯಿ ಅಜಿ ಕಾ೦ಯೀ ತೊಯೀ ಓದೆಚೊ ಕಾ೦ಯೀ .|ತಮ್ ಅಜಿ ಈ ಪುಸ್ತಕೇ ಮಾಯಿ ಕುಣಶಿ ಓದಮಲೆಚೊ ಕಾ೦ಯೀ ?
ಅವರು ಅನೇಕ ವರ್ಷಗಳ ಕಾಲ ಬುದ್ಧಿವಂತಿಕೆಯಿಂದ ಆಳಿದರು .|ವು ಕತ್ರಾಕೋ ವರ್ಷ ಬುದ್ಧಿವಂತಿಕೇತಿ ಆಡಳಿತ ಕಿದೋ .|ವು ಘಣ್ ವರ್ಸೆರ ಬುದ್ಧಿವಂತಿಕೆ .
ಸರ್ಕಾರಿ ಆಸ್ಪತ್ರೆಗಳಿಗೆ ಹೋಗಲು ಅವರಿಗೆ ಯಾವುದೇ ನಿರ್ಬಂಧವಿಲ್ಲ .|ಸರಕಾರೀ ದಾವಾಖಾನಿನ ಜಾಯೇನ ವೂನುನ ಕಾಂಯಿ ನಿರ್ಬಂಧ ಛೆನಿ .|ಸರ್ಕಾರಿ ದಾವಾಖಾನಿನ್ ಜಾಯೆನ್ ವನುನ್ ಕುಣಶಿ ನಿರ್ಬಂಧ ಛೆನೀ .
ನೀವು ಅದನ್ನು ನನ್ನ ಗಂಡನ ಮೇಜಿನಿಂದ ತೆಗೆಯುತ್ತೀರಾ ?|ತಮ್ ಓನ್ ಮಾರ್ ಧಣಿ ರ ಟೇಬಲ್ ಪರ್ತಿ ಕಾಡೋ ಚೊ ಕಾಯಿ ?|ತು ವೊನ್ ಮಾರ್ ಧಣೀರ್ ಮೇಲೆಚಿ ಕ ?
ಮಳೆಯಿಂದ ದೂರವಾಣಿ ಸಂಪರ್ಕ ಕಡಿತಗೊಂಡಿದೆ .|ಪಾಣಿ ಪಡೋ ಜೇತಿ ಫೋನೆರ್ ಸಂಪರ್ಕ ಕಡಿತ ವೇಗಿಚ .|ಪಾಣಿ ಪಡೋಜೇತಿ ಫೋನ್ ಕಾಟನಾಕೆತೆ .
ಮುಂಜಾನೆಯೇ ಅವರಿಗೆ ಎಣ್ಣೆ ಸ್ನಾನ ಮಾಡಲಾಗಿತ್ತು .|ವೊನ ಪರ್ಬಾತಿಜ್ ತೆಲೇರ್ ಹಂಗೋಳಿ ಕರಾನಾಕೆತೆ .|ಪರ್ಬಾತಿ ವುನೆನ್ ತೇಲ ಹಂಗೋಳಿ ಕರಾಯೆ .
ಈ ಪುರುಷರ ಉಡುಗೆ ಮತ್ತು ಉಡುಪುಗಳನ್ನು ಗುರುತಿಸಿ .|ಈ ಮಾಟಿ ವನೂರ್ ಓಡೆರೋ ಫೆರೆರೋ ಗುರುತ್ ಕರೋ .|ಏ ಮಾಟಿರ್ ಡ್ರೆಸ್ ಅನ್ ಕಪಡಾ ಪರ್ತಾ ಕರೋ .
ರಕ್ತ ಹೆಪ್ಪುಗಟ್ಟುವಿಕೆಯ ವಿಧಗಳು .|ಲೋಇ ಹೆಪ್ಪ್ಗಟ್ಟೇರ್ ನಾಳಿ ನಾಳಿ ವಿಧಾನ ಛ .|ರಯುಕ್ತ ಗಟ್ಟು ವಿಧಿ ಛ .
ನಾವು ಕೃಷಿ ಬೆಳವಣಿಗೆಯನ್ನು ಉತ್ತೇಜಿಸಬೇಕಾಗಿದೆ .|ಅಪಣ ಕೃಷಿ ಬೆಳವಣಿಗೆನ ಉತ್ತೇಜನೆ ಕರನು .|ಅಪಣ ಕೃಷಿ ಬೆಳವಣಿಗೆ ಉತ್ತರ ದೇಣು .
ಓ! ಸ್ನೇಹಿತರೇ, ನೀವು ಬೆಳ್ಳಿಯನ್ನು ಧರಿಸಿದ್ದೀರಿ .|ಏ! ದೋಸ್ತಣೆ ತಮ ಚಾಂದಿ ಘಾಲಮಲಿಚೊ .|ಏ! ದೋಸ್ತೇ, ತು ಚಾಂದಿ ಪೆರಮಲೀ .
ಡಾರ್ಲಿಂಗ್, ನೀವು ಬೆವರು ಮಾಡುತ್ತಿದ್ದೀರಿ .|ಡಾರ್ಲಿಂಗ್, ತೋನ ಪರಸಣಾ ಆರೇಚ .|ಡೊಲಿ, ತಮ್ ಬೆಳೆಚೊ .
ಪಠ್ಯದಲ್ಲಿ ಸಮಯವಲಯವನ್ನು ತೋರಿಸಿ .|ಟೆಕ್ಸ್ಟೆಮ ಟೈಂಝೋನ್ ದಕಾಳೊ .|ಪಠ್ಯೆಮಾಯಿ ಟೈಮ್ ದಕಾಳೊ .
ನಮ್ಮ ಯೋಜನೆಗೆ ಮೂವತ್ತು ಕೋಟಿ ರೂಪಾಯಿ ಘೋಷಣೆ ಮಾಡಲಾಗಿದೆ .|ಹಮಾರ್ ಯೋಜನೆನ್ ತೀನ್ ಕೋಟಿ ರಪ್ಯಾ ಮಂಜೂರ್ ಕಿದೆಚ್ .|ಅಪಣ ಯೋಜನೆರ ತೀಸ್ ಕರೋಡ್ ರಪಿಯಾ ಘೋಷಣೆ ಕರಮಲೆಚ .
ಉಳಿದವುಗಳನ್ನು ಕ್ಷೇತ್ರಕಾರ್ಯದ ಮೂಲಕ ಸಂಗ್ರಹಿಸಲಾಗುತ್ತದೆ .|ಬಾಕಿ ರೇಮಲ ಜೇನ ಕಾರ್ಯಕ್ಷೇತ್ರ ತಿ ಗೋಳಾಕರಚ .|ಬಾಕಿನುನ ಕ್ಷೇತ್ರ ಕಾಮ್ ಕರನ್ ಗೋಳಾಕರಚ .
ಇಬ್ಬರೂ ಪ್ರತಿಷ್ಠಿತ ವ್ಯಕ್ತಿಗಳ ಸಾಲಿನಲ್ಲಿ ಕುಳಿತಿದ್ದರು .|ದೊಯೀ ಪ್ರತಿಷ್ಠಿತ ಮಾಣಸೇರ ಸಾಲೆಮ ಬೇಟೆತೆ .|ದೋಇ ಪ್ರತಿಷ್ಠಿತ ಲೋಕ್ ಸಾಲೆತೆ .
ಎಲೆಗಳು ಚಳಿಗಾಲದಲ್ಲಿ ಮರಗಳಿಂದ ಬೀಳುತ್ತವೆ .|ಝಾಡೇರೋ ಪಾಲೋ ಸಿಯೇರ ದಾಡೇಮ ಝಡಚ .|ಪಾಲೊ ಶಿಯೇರ ದಾಡೆಮ ಪಡಚ್ .
ನಂತರ ಅವರು ನಿಧಾನವಾಗಿ ಕೃಷಿ ಮತ್ತು ವ್ಯಾಪಾರಕ್ಕೆ ತೆರಳಿದರು .|ಲಾರ್ತಿ ವೊ ಸಾವಕಾಶ ಕೃಷಿ ಅನ ವ್ಯಾಪಾರೇಮ ದರಗೆ .|ಲಾರ್ತಿ ವು ಸಾವ್ಕಾಸ್ ಅನ ವ್ಯಾಪಾರೇನ ಗೆ .
ನೀರಿನ ಟ್ಯಾಂಕ್ ಒಡೆದು ಮಹಿಳೆ ಸಾವನ್ನಪ್ಪಿದ್ದಾಳೆ .|ಪಾಣಿರ್ ಟ್ಯಾಂಕ್ ಫುಟನ ಏಕ್ ತಾಂಡರಿ ಮರಗಿಚ .|ಪಾಣಿ ಟ್ಯಾಂಕ್ ಫುಟನ್ ಬಾಯಿಗೋಳೆ ಮರ್ಗಿಚ .
ಅವನು ತನ್ನ ಸಿದ್ಧಾಂತವನ್ನು ಎಂದಿಗೂ ರಾಜಿ ಮಾಡಿಕೊಳ್ಳುವುದಿಲ್ಲ .|ವು ವೊರ್ ಸಿದ್ಧಾಂತೇನ ಕನ್ನಾಯಿ ರಾಜಿ ವೇನಿ .|ಉ ಓರ್ ಸಿದ್ಧಾಂತ ಕನ್ನಾಯಿ ರಾಜಾನಿ .
ಪ್ರಕ್ರಿಯೆಯನ್ನು ಎರಡರಿಂದ ಮೂರು ಬಾರಿ ಪುನರಾವರ್ತಿಸಿ .|ಪ್ರಕ್ರಿಯಾ ದಿಯೇತಿ ತೀನ್ ವಣಾ ಫರ್ತಿನ ಕರೋ .|ಪ್ರಕ್ರಿಯಾನ್ ತೀನ್ ವಣಾ ಅಜೆಕ್ ವಣಾ ಕರೋ .
ಹುಡುಗಿಯನ್ನು ಕೊಂದ ವ್ಯಕ್ತಿಗೆ ಶಿಕ್ಷೆ ವಿಧಿಸಲಾಗಿದೆ .|ಛೋರೀನ್ ಮಾರೆ ಜೆ ಮಾಟಿನ್ ಶಿಕ್ಷೆ ದಿನೆ ಛ .|ಛೋರಿನ ಮಾರಮಲ ಜೆ ಮಾಣಸೇನ ಸಜಾ ಘಾಲಚ .
ನೀವು ನನ್ನನ್ನು ಇತರರ ಮೇಲೆ ಅವಲಂಬಿಸುವಂತೆ ಮಾಡಿದ್ದೀರಿ .|ತು ಮನ ದುಸರೇರ ಪರ ಭರೋಸಾ ಕರ ಜು ಕರಗೋ .|ತು ಮನ್ ದುಸರೇರ್ ಪರ್ ನಿರ್ಭರ್ ರೇಣು .
ಅದೊಂದು ಸುಂದರ ರಾತ್ರಿ, ಹುಣ್ಣಿಮೆ ಇದೆ .|ವು ಏಕ್ ಛಂದ್ ರಾತ್ ಚ, ಪೂರಾ ಚಾಂದಾ ಛ .|ಉ ಘಣ ಛಂದ್ ರಾಮೆ ಛ .
ಭಾನುವಾರದಂದು ನಾನು ವಿಶ್ರಾಂತಿ ಪಡೆಯುತ್ತೇನೆ .|ಮ ರವಿವಾರೇರ ಅರಾಮ್ ಕರುಚು .|ಮ ರವಿವಾರೇರ್ ಅರಾಮ್ ಕರುಚು .
ನನ್ನ ಬಟ್ಟೆಗಳು ಈಗಾಗಲೇ ಒಣಗಿವೆಯೇ ?|ಮಾರ ಲತಾಕೌಡ ಸುಖಾಗೆಚ ಕ ?|ಮಾರ್ ಜಿಗಲಾ ಮೊದಲೆಜ್ ಸುಕಾಯೋ ಕ ?
ಶುಲ್ಕಗಳನ್ನು ಸಾಮಾನ್ಯವಾಗಿ ವಿಧದಲ್ಲಿ ಪಾವತಿಸಲಾಗುತ್ತದೆ .|ಶುಲ್ಕ ಕಸ ರಜೆಪರ ಭರಚ .|ಶುಲ್ಕಣ ಕನ್ನಾಯಿಬಿ ಭರಚ್ .
ಹನ್ನೆರಡು ಇಂಚುಗಳು ಒಂದು ಪಾದವನ್ನು ಮಾಡುತ್ತವೆ .|ಬಾರಾ ಇಂಚ್ ಏಕ್ ತಳವಾ ಕರಚ್ .|ಬಾರಾಹ ಇಂಚನೋ ಏಕ ಟಾನ್ಸಾ ಕರಚ .
ನನಗೆ ವಿಚಿತ್ರವಾದ ಶಬ್ದ ಕೇಳಿಸಿತು .|ಮ ಏಕ್ ವಿಚಿತ್ರ ಅವಾಜ್ ಸಾಮಳೋ .|ಮನ್ ವಿಚಿತ್ರ ಸಾಮಳಾಯಿ .
ಪ್ರಸ್ತುತ ಸರ್ಕಾರ ಕರ್ನಾಟಕದಲ್ಲಿ ಕುಸಿದಿದೆ .|ಕರ್ನಾಟಕ ಸರ್ಕಾರ್ ಪತನ ವೇಮಲೀಚ .|ಅಬ್ ಸರ್ಕಾರ್ ಕರ್ನಾಟಕೇಮ ಪಡಗಿಚ .
ಆದರೆ ಸಾಧ್ಯತೆ ಅಸಂಭವವೆಂದು ತೋರುತ್ತದೆ .|ವೆರೋ ಅಸಂಭವ್ ಚ ಕೆನ್ ಅನಸಾರಿಚ .|ಪಣ ಸಾಧ್ಯತೆ ವೆನಿ ಕರನ್ ಮಾಲಮ್ ವಚ .
ಬಿಳಿ ಬಣ್ಣವು ಶಾಂತಿಯನ್ನು ಸಂಕೇತಿಸುತ್ತದೆ .|ಧೊಳೋ ರಂಗ್ ಶಾಂತಿರ ಪ್ರತೀಕ್ ಚ .|ಧೊಳೋ ಬಣ್ಣ ಶಾಂತಿ ಸಂಕೇತ ಕರಚ .
ಅಧ್ಯಕ್ಷರ ಜತೆ ಸಭೆ ನಡೆಸಿದ್ದೇನೆ .|ಅಧ್ಯಕ್ಷರೇ ವನು ಜೋಡಿ ಸಭೆ ಚಲಾಯೆಚು .|ರಾಷ್ಟ್ರಪೇರ್ ಲಡಾಯಿ ಏಕ್ ಮೀಟಿಂಗೇಮ್ ಚು .
ಕುಟುಂಬದೊಂದಿಗೆ ಉತ್ತಮ ಸಾಮರಸ್ಯದಿಂದಿರಿ .|ಪರಿವಾರೇರ್ ಜೋಡಿ ಆಚ್ ತಾಲಮೇಲ ರಕಾಡೊ .|ಪರಿವಾರೇರ್ ಜೋಡಿ ಠೀಕ್ ಸಾಮರಸ್ಯ ರೋ .
ಐದು ನಿಮಿಷಗಳ ಹಿಂದೆ ಅವನು ಹೊರಗೆ ಹೋದನು .|ವು ಪಾಂಚ್ ನಿಮಿಷೇರ್ ಲಾರ್ ಭಾರ ದರಗೊ .|ಪಾಂಚ್ ನಿಮಿಷೇರ್ ಆಂಗ್ ಉ ಭಾರ್ ಗೆ .
ಅವರು ಮಾಂಸವನ್ನು ಸಣ್ಣ ತುಂಡುಗಳಾಗಿ ಕತ್ತರಿಸುತ್ತಾರೆ .|ವೊ ಬೋಟಿರ ನಾಣಕಿ ನಾಣಕಿ ಟುಕಡಾ ಕಾಟಚ .|ಓ ಬೋಟಿ ವನುನ್ ಏಕ ನಾಣಕ್ಯ ಟುಕಡಾ ಕಾಟಚ .
ನೇರವಾಗಿ ನಿಂತು ಪಾದಗಳನ್ನು ಒಟ್ಟಿಗೆ ಇರಿಸಿ .|ಸೀದಾ ಹುಬರನ ದೊಯೀ ಟಾಂಗ್ ಠೀಕ್ ಮೇಲೋ .|ಸೀದಾ ಹುಬರೋ ಅನ ಟಾಂಗ್ ಮೇಲೋ .
ಅವನು ತನ್ನ ಹಿಂದೆ ಇಬ್ಬರು ಮಕ್ಕಳನ್ನು ಬಿಟ್ಟು ಹೋಗುತ್ತಾನೆ .|ಉ ಓರ್ ಲಾರ್ ದಿ ಛಿಜಿಯಾಪರ್ ಛೋಡ್ ದೆನ್ ಜಾವಚ .|ವು ವೊರ್ ಲಾರ್ ದೀ ಛಿಜ್ಯಪರೇನ ಛೋಡನ ಜಾವಚ .
ಬುಡಕಟ್ಟು ಪದ್ಧತಿಗಳಲ್ಲಿ ಬದಲಾವಣೆಗಳು ವೇಗವಾಗಿ ನಡೆಯುತ್ತಿವೆ .|ಬುಡಕಟ್ಟು ಪದ್ಧತಿಮ್ ಬದಲಾವ್ ಘಣ ಜಲ್ದಿ ವೇರಿಚ .|ಬುಡಕಟ್ಟು ಪದ್ಧತಿಮ ಬದಲಾವ್ ಘಣ ಜಲ್ದಿ ವೇರಿಚ .
ನಾನು ಎಷ್ಟು ಚಿಂತಿತನಾಗಿದ್ದೇನೆ ಎಂದು ನಿಮಗೆ ತಿಳಿದಿಲ್ಲ .|ಮನ್ ಕತ್ರಾ ಚಿಂತ್ಯಾ ವೆರೀತಿ ತೋನ್ ಮಾಲಮ್ ಛೆನಿ .|ಮನ್ ಕತ್ರಾ ಚಿಂತಿತ ಚ ಕೆನ್ ಮಾಲಮ್ ಛೆನಿ .
ನಾಯಿಯನ್ನು ಕಂಡ ಕಳ್ಳ ಓಡಿಹೋದ .|ಕುತ್ರಾನ್ ದೇಕನ್ ಚೋರ್ ಧಾಸಗೊ .|ಕುತ್ರಾನ್ ಧಣಿ ಧಾಸಗೊ .
ಯಾವುದೇ ಕೆಲಸ ಮಾಡುವ ಮುನ್ನ ಯೋಚಿಸಿ ನಿರ್ಧರಿಸಿ .|ಕುಣಶಿಭಿ ಕಾಮ್ ಕರೆರ್ ಆಂಗ್ ವಿಚಾರ್ ಕರನ್ ನಿರ್ಧಾರ್ ಕರೋ .|ಕುಣಶಿಭಿ ಕಾಮ್ ಕರೆರ್ ಆಂಗ್ ಯೋಚನೆ ಕರೋ .
ಪ್ರತಿಯೊಬ್ಬ ಪುರುಷನು ಪ್ರತಿ ಮಹಿಳೆಯನ್ನು ಗೌರವಿಸಬೇಕು .|ಹರ್ ಏಕ್ ಮಾಟಿ ಹರ್ ಏಕ್ ಬಾಯಿಗೋಳೆನ ಮರ್ಯಾದಿ ದೇಣು .|ಪ್ರತಿ ಏಕ್ ಮಾಟಿ ವನುನ್ ಮರ್ಯಾದಿ ಕರನು .
ಕೆಲವರು ಉತ್ತಮವಾಗಿ ಕಾರ್ಯನಿರ್ವಹಿಸುತ್ತಿದ್ದಾರೆ ಮತ್ತು ಕೆಲವರು ಇಲ್ಲ .|ದಸೆಕ್ ಮಾಣಸ್ ಠೀಕ್ ಕಾಮ್ ಕರರೇಚ ಅನ ದಸೆಕ್ ಛೆನಿ .|ದಸೆಕ್ ಮಾಣಸ್ ಠೀಕ್ ಕಾಮ್ ಕರ್ರೋಚ ಅನ ದಸೆಕ್ ಛೆನಿ .
ಅವರು ಯಾವುದೇ ವಿಧ್ಯುಕ್ತ ಸ್ನಾನವನ್ನು ಮಾಡಲಿಲ್ಲ .|ವೊ ಎಕ್ಕಿ ಔಪಚಾರಿಕ ಹಂಗೋಳಿ ಕಿದಿ ಕೊಂತಿ .|ಓ ಕುಣಶಿ ವಿಧ್ಯಯುಕ್ತ ಹಂಗೋಳಿ ಕಿದೆ ಕೊಂತಿ .
ಅವರು ನಮಗೆ ಉಪನ್ಯಾಸ ನೀಡುವುದನ್ನು ನಿಲ್ಲಿಸಬೇಕು .|ವು ಹಮೆನ್ ಉಪನ್ಯಾಸ ದೇರ್ ಬಂದ್ ಕರನು .|ಓ ಹಮೆನ್ ಉಪನ್ಯಾಸ್ ದೆಣು .
ಎರಡು ಕುಟುಂಬಗಳ ನಡುವೆ ಸಮಾನತೆಯ ಸಂಬಂಧವಿದೆ .|ದೋಇ ಕುಟುಂಬ ಮಾಯಿ ಸಮಾನ್ ಸಂಭಂದ್ ಛ .|ದೋಇ ಪರಿವಾರೇರ್ ನಡು ಏಕ್ ಸಮಾನತೆರ ಸಂಬಂಧ ಚ .
ನಾವು ಎಷ್ಟು ಸಾಧ್ಯವೋ ಅಷ್ಟು ವೇಗವಾಗಿ ನಡೆದೆವು .|ಹಮ್ ಕತ್ರಾ ಸಾಧ್ಯ ಛ ಅತ್ರಾ ಚಾಲೆಚಾ .|ಹಮ್ ಕತ್ರಾ ವಜತರಾ ಘಣ ಜೊರ್ತಿ ಚಾಲೆಚಾ .
ನೀನು ಅವಳ ಮೇಲೆ ಇನ್ನೂ ಕೋಪಗೊಂಡಿದ್ದೀಯಾ ?|ತು ಅಬ್ ಬಿ ವೊತಿ ರಿಸ್ ಕರಮಲೋಚಿ ಕ ?|ತು ವೊಪರ್ ಅಜಿ ರಿಸ್ ಕರ್ಮಲೋಚಿ ಕ ?
ಅವರ ರಾಜೀನಾಮೆಗೆ ಒತ್ತಾಯಿಸಿದರು .|ವೊ ವೋರ ರಾಜೀನಾಮೆರ ಮಾಂಗ್ ಕಿದೆ .|ವನೂರ್ ರಾಜೀನಾಮೆನ್ ಒತ್ತಾಯ ಕಿದೆ ಛ .
ಇದನ್ನು ಜಂಟಿಯಾಗಿ ನಿಭಾಯಿಸುವ ಅಗತ್ಯವಿದೆ .|ಯೇನ ಭಳನ್ ನಿಪಟಾಯೆರ್ ಜರೂರತ್ ಚ .|ಏನ್ ಇಂಟನ್ ನಿಭಾಯಿಸೆನ್ ಅವಶ್ಯಕತೆ ಛ .
ಭಾರತದ ಸರ್ವೋಚ್ಛ ನ್ಯಾಯಾಲಯ .|ಭಾರತೇರ್ ಸರ್ವೋಚ್ಚ ನ್ಯಾಯಾಲಯ ಛ .|ಭಾರತೇರ್ ಸರ್ವೋಚ್ಚ ನ್ಯಾಯಾಲಯ ಛ .
ಆತನನ್ನು ತನ್ನ ಸಮುದಾಯದ ಜನರು ಗೇಲಿ ಮಾಡುತ್ತಾರೆ .|ವೊನ ವೋರ ಸಮುದಾಯರ ಮಾಣಸ ಚಿಡಾವಚ .|ಓನ್ ಓರ್ ಸಮುದಾಯೆರ್ ಲೋಕ್ ಗಳದ ಕರಚ .
ತೀವ್ರ ಅನಾರೋಗ್ಯವು ಸಾವಿಗೆ ಕಾರಣವಾಗಬಹುದು .|ಘಣ ಅರಾಮ್ ನ ರೀ ಕತೋ ಮರ್ ಸಕಚ್ .|ಘಣ ಆರಾಮ್ ತಪ್ಪೆನ್ ಕಾರಣ್ ವಚ್ .
ಮರಕ್ಕೆ ಕಾರು ಡಿಕ್ಕಿ ಹೊಡೆದಿದೆ .|ಕಾರ್ ಝಾಡೇನ ಡಿಕ್ಕಿ ಮಾರ್ದಿನಿ .|ಝಾಡೇನ ಕಾರ್ ಡಿಕ್ಕಿ ಮಾರ್ದಿನೀಚ .
ಆತನ ಮೇಲೆ ನಿರಂತರ ನಿಗಾ ಇಡಲಾಗಿದೆ .|ವೊಪರ್ ನಿರಂತರ್ ಅಂಕಿ ಮೇಲಮಲೆಚ .|ವೊಪರ್ ಏಕ್ ನಿರಂತರ ಆಂಖಿ ಮೇಲಚ .
ಅವನು ಅವಳ ಬಗ್ಗೆ ತುಂಬಾ ಹೆಮ್ಮೆಪಡುತ್ತಾನೆ .|ವೊನ್ ವೊರ್ ಪರ್ ಘಣ್ ಗರ್ವ್ ಚ .|ವು ವೊರ್ ಬಗ್ಗೆ ಘಣ್ ಹೆಮ್ಮೆ ಚ .
ಸ್ನಾನ ಮುಗಿದ ನಂತರ ಮತ್ತೆ ಸೂರ್ಯ ಬೆಳಗಿದನು .|ಹಂಗೊಳಿ ವೇಗಿ ಜೆರಪಚ್ ಸೂರ್ಯ ಬೆಳಗೊಚ್ .|ಹಂಗೊಳಿ ವೆಜಾವ್ ಜೆರ್ ಪಚ್ ಅಜಿ ಸುರ್ಯಾ ಖುಟೋಚ .
ಅವನು ಕೆಲಸವನ್ನು ಮುಗಿಸಲು ತಡರಾತ್ರಿಯವರೆಗೆ ಕೆಲಸ ಮಾಡಿದನು .|ವು ವೋರ ಕಾಮ್ ಖುಟಾಡೆನ್ ಘಣ ರಾತೇಲಗಾ ಕಾಮ ಕರರೊತೊ .|ಉ ಕಾಮ್ ಕರೆನ್ ಘಣ ರಾತ್ ಕಾಮ್ ಕಿದೋಚ .
ಸಶಸ್ತ್ರ ಪಡೆಗಳನ್ನು ರಾಜಕೀಯಗೊಳಿಸಬೇಡಿ .|ಆರ್ಮಿ ಫೋರ್ಸ್ ವನುನ್ ರಾಜಕೀಯಮಾಯಿ ಲಾವೊಮತ್ .|ಸಸ್ತ್ರ ರಾಜಕೀಯ ಕರ್ ಮತ್ .
ನಿಮ್ಮ ಅನುಪಸ್ಥಿತಿಯನ್ನು ನೀವು ಹೇಗೆ ಪರಿಗಣಿಸುತ್ತೀರಿ ?|ತು ಎತ್ತೋ ಕೋನಿ ಜೆರ್ ಹಿಸಾಬ್ ಕು ದೇಚೀ .|ತು ತಾರ್ ರೇನಿ ಜೋಣ ಕು ವಿಚಾರ್ ಕರೆಚಿ ?
ಹೂವು ಹಣ್ಣು ತರಕಾರಿಗಳ ಬೆಲೆ ಸ್ಥಿರವಾಗಿದೆ .|ಫೋಲ್, ಹಣ್ಣ ಅನ್ ಕಾಯಿಪಲ್ಲೆರ್ ರೇಟ್ ಬದ್ಲಿ ಹುಯಿಕೊಂತಿ .|ಫೂಲ್ ಫಳ್ ಅನ ಕಾಯಿಪಲ್ಲೆ ಸ್ಥಿರ ಚ .
ಅಂಧ ವರನು ಸಾಮಾನ್ಯ ಮನುಷ್ಯನಂತೆ ನಟಿಸಿದನು .|ಆಂದೋ ಯೆತಡು ಏಕ ಸಾಮಾನ್ಯ ಮಾಣಸ ಛ ಜು ದಿಖಾವಾ ಕಿದೋ .|ಆಂದೋ ಯೆತಡು ಛ ಜು ನಾಟಕ್ ಕಿದೋ .
ನಿಮ್ಮ ಮಕ್ಕಳ ಭವಿಷ್ಯಕ್ಕಾಗಿ ಯೋಜನೆ ರೂಪಿಸುವಿರಿ .|ತಮ್ ತಮಾರ್ ಛಿಜ್ಯಪರೇರ್ ಭವಿಷ್ಯೆರ್ ಯೋಜನೆ ಕರೊಚೊ .|ತು ತಾರ್ ಛಿಜ್ಯಪರೇರ್ ಭವಿಷ್ಯ ಸಾರು ಯೋಜನೆ ಕರೆಚಿ .
ಮನೆಯಲ್ಲಿ ನಿಮ್ಮನ್ನು ಕ್ವಾರಂಟೈನ್ ಮಾಡುವುದು ಹೇಗೆ ?|ಘರೆಮ್ ತಾರ್ಮೂನ್ ತು ಕ್ವಾರಂಟೈನ್ ಕು ಕರೆಚಿ .|ಘರೆಮ್ ತಮೆನ್ ಕ್ವಾರಂಟನ್ ಕು ಕರೆರೋ ?
ಅನೇಕ ಪುರುಷರು ಸರಿಯಾಗಿ ಬರೆಯಲು ತರಬೇತಿ ಪಡೆದಿಲ್ಲ .|ಘಣ ಮಾಟಿಓ ಠೀಕ್ ಲಕೆರೊ ತರಬೇತಿ ಲಿದೆಕೊಂತಿ .|ಕತ್ರಾಕೋ ಮಾಟಿ ಠೀಕ್ ಲಕ್ಕೇಕೊಂತಿ .
ನಿಮ್ಮ ಪ್ರಯತ್ನಗಳಿಗೆ ನೀವು ಪ್ರತಿಫಲವನ್ನು ಪಡೆಯುತ್ತೀರಿ .|ತಮಾರ್ ಪ್ರಯತ್ನ್ಯೆನ್ ತಮ್ ಪ್ರತಿಫಲ ಲೊಚೊ .|ತಮ್ ತಮಾರ್ ಪ್ರಯತ್ನ ವನುನ್ ತಮ್ ಪ್ರತಿಫಲ್ ಲೊಚೊ .
ನನ್ನ ಪಾಠ ಮಾಡಲು ನನ್ನ ಮೇಜಿನ ಬಳಿ ಕುಳಿತುಕೊಳ್ಳುತ್ತೇನೆ .|ಮ ಪಾಠಾ ಕರೆನ್ ಮಾರ್ ಟೇಬಲ್ ಪರ್ ಭೇಸುಚು .|ಮಾರ್ ಪಾಠಾ ಕರೆನ್ ಮಾರ್ ಟೇಬಲೆಚು .
ಅವರು ದಾಖಲೆಗಳನ್ನು ಹಿಂಪಡೆಯಲು ವಿಫಲರಾಗಿದ್ದಾರೆ .|ಓ ದಾಖಲೆ ಹೋಟೊ ಲೆಮಾಯಿ ವಿಫಲ ವೇಗೆಚ್ .|ಓ ದಾಖಲೆ ವನುನ್ ಹೊಟೊ ಲೆಸಾರು ಸೋತಗೆಚ್ .
ಅವನು ನಾನು ಅಂದುಕೊಂಡಿದ್ದಕ್ಕಿಂತ ಬುದ್ಧಿವಂತನಾಗಿದ್ದನು .|ಉ ಮ ಸಮಜ ಮಲಿಜೆತಿಭೀ ಜಾಸ್ತಿ ಸಾಣೊ ಛ .|ವು ಸಮಜೋ ಜೇತಿ ಬಿ ಮ ಸಾಣೋ ವೆತ್ತೋ .
ಲುಕ್ಕಡ್ ಏಳು ದೇವತೆಗಳ ಸೇವಕ .|ಲುಕ್ಕಡ್ ಸಾತ್ ದೇವೇನೂರ್ ಸೇವಕ್ ಚ .|ಲುಕ್ಕಿ ಸಾತ ದೇವಿನೂರ ಸೇವಕ .
ಆದರೆ ಅವಳು ಕೋಣೆಯ ಮೂಲೆಯಲ್ಲಿ ಬಂಧಿಯಾಗಿದ್ದಳು .|ಪಣ ವು ಘರೇರ್ ಏಕ್ ಮುಲ್ಲಿಮ್ ಕೈದ್ ವೇತ್ತಿ .|ಪಣ ವು ಏಕ್ ಖೋಲಿ ರ ಮುಲ್ಲಿಮ ಪಕಡಗಿ .
ಅದನ್ನು ಅಲಂಕರಿಸಲು ಕನ್ನಡಿಯನ್ನು ಬಳಸುತ್ತಾರೆ .|ವೊ ವೊನ ಅಲಂಕಾರ ಕರೇನ ಕಾಚೇರ ಉಪಯೋಗ ಕರಚ .|ವೊನ ಅಲಂಕಾರ ಕರೇನ ಕಾಚೆ ಉಪಯೋಗ ಕರಚ .
ಇದಕ್ಕೆ ಶಸ್ತ್ರಚಿಕಿತ್ಸೆಯೊಂದೇ ಚಿಕಿತ್ಸೆ .|ಏರ್ ಎಕ್ಕಜ್ ಇಲಾಜ್ ಸರ್ಜರಿ ಚ .|ಏನ್ ಸರ್ಜರೇನ್ ಚಿಕಿತ್ಸೆ ಛ .
ಅವನಿಗೆ ಎತ್ತರದ ಮರಗಳನ್ನು ಹತ್ತುವ ಅಭ್ಯಾಸವಾಗಿದೆ .|ವೋನ ಲಾಂಬ್ ಝಾಡ್ ಚಡೇರ ರೂಡಿ ವೆಮೆಲಿಚ .|ವೋನ ಲಾಂಬೊ ಝಾಡ ಚಡೇರ್ ಅಭ್ಯಾಸ ಚ .
ಉಪ್ಪು ಮತ್ತು ಮೆಣಸು ರುಚಿಗೆ ಸೇರಿಸಲಾಗುತ್ತದೆ .|ನುಣ ಅನ ಕಾಳಿಮರ್ಚೆ ರುಚಿರ್ ವಾಸ ಘಾಲಚ .|ನುಣ ಅನ ಕಾಳಿ ಮರ್ಚಿನ ಘಾಲಚ .
ಉಲ್ಲಂಘಿಸುವವರ ವಿರುದ್ಧ ಕ್ರಮ ಕೈಗೊಳ್ಳಲಾಗುವುದು .|ಉಲ್ಲಂಘನೆ ಕರಜೇರ್ ವಿರುದ್ಧ ಕ್ರಮ ಲಚ .|ಉಲ್ಲಂಘನೆ ಕರೆನ್ ವಿರುದ್ಧ ಕ್ರಮ ಲಚ .
ಆಹಾರವನ್ನು ಸೇವಿಸುವ ಮೊದಲು ನಿಮ್ಮ ವೈದ್ಯರನ್ನು ಪರೀಕ್ಷಿಸಿ .|ಖಾಣೊ ಖಾಯೇರ್ ಆಂಗ್ ತಮಾರ್ ಡಾಕ್ಟರೇತಿ ಪರೀಕ್ಷೆ ಕರಾವೋ .|ಖಾಣೊ ಖಾಯೆರ್ ಆಂಗ್ ತಮಾರ್ ಡಾಕ್ಟರೇನ್ ಪೂಚೊ .
ಹೆಚ್ಚಿನ ಜನರು ಅವರಿಗೆ ಅರ್ಹವಾದದ್ದನ್ನು ಪಡೆಯುತ್ತಾರೆ .|ಜಾಸ್ತ್ ಮಾಣಸೇನ ವುಜ್ ಮಳಚ ಜೆರ್ ವೊ ಹಕ್ಕ್ ದಾರ್ ಚ .|ಜಾಸ್ತಿ ಲೋಕ್ ವನುನ್ ಅರ್ಹತೆ ಲಚ .
ವಿವಾಹಿತ ಮಹಿಳೆಯರು ಮಾತ್ರ ಈ ಆಭರಣವನ್ನು ಧರಿಸುತ್ತಾರೆ .|ಬರೆ ವಾಯಾ ಕರಮಲ್ ಜೋಣ ಬಾಯಿಗೋಳೆ ಏ ಆಭರಣ ಘಾಲಸಕಚ .|ಬರೆ ವಾಯಾವಾಳ ಬಾಯಿಗೋಳೆ ಏ ಆಭರಣ ಘಾಲಚ .
ಬಂಧಿತ ಆರೋಪಿಯನ್ನು ಪೊಲೀಸರು ವಿಚಾರಣೆ ನಡೆಸುತ್ತಿದ್ದಾರೆ .|ಪಕಡಮಲೆ ಜೆ ಆರೋಪಿನುರ ಪೊಲೀಸ್ ವಿಚಾರಣೆ ಕರರೇಚ .|ಬಂಧಿತ ಆರೋಪಿನ ವಿಚಾರಣೆ ಕರ್ರೆಚ .
ಕಲಿಕೆಯು ಎಂದಿಗೂ ಮುಗಿಯದ ಪ್ರಕ್ರಿಯೆ .|ಸಿಕೇರ್ ಕನ್ನಾಯಿ ನ ಖುಟೆರ್ ಪ್ರಕ್ರಿಯಾ ಚ .|ಶಿಕಾ ಕನ್ನಾಯಿಭಿ ಮುಕ್ಸಾಯೆರ್ ಪ್ರಕ್ರಿಯೆ ಛ .
ವಿಜ್ಞಾನ ಮತ್ತು ಧರ್ಮ ಬೇರೆ ಬೇರೆ .|ವಿಜ್ಞಾನ ಅನ ಧರ್ಮ ದೊಯೀ ನಾಳಿ ನಾಳಿ ಚ .|ವಿದ್ನ್ಯಾನ ಅನ್ ಧಾರ್ಮ ನಾಳಿ ಛ .
ನಿಮಗೆ ಇಂದು ಸ್ವಲ್ಪ ಜ್ವರವಿದೆ, ಅಲ್ಲವೇ ?|ತೋನ್ ಆಜ್ ದಸೆಕ್ ತಾವ್ ಚ, ಹಾವ ಕೋನಿ ?|ತೋನ್ ಆಜ್ ದಸೆಕ್ ತಾವ್ ಆವ, ಹಾವ್ ಕೋನಿ ?
ಹದಿಹರೆಯದ ಬಾಲಕನನ್ನು ಬಂಧಿಸಲಾಗಿದೆ .|ಕುವಾರ್ ಛೋರಾನ್ ಗಿರಫ್ತಾರ ಕರಮಲೆತೆ .|ಮೋಠಾರೆರ್ ಛೋರಿ ವನುನ್ ಬಂಧನ್ ಕಿದೆಚ್ .
ಆನೆಗಳು ಬಾಳೆಹಣ್ಣು ತಿನ್ನಲು ಇಷ್ಟಪಡುತ್ತವೆ .|ಹಾಥಿ ನೋ ಕೇಳಾ ಖಾಯೇನ ಪಸಂದ್ ಪಡಚ .|ಆನೆ ಕೇಳಾ ಖಾಯೇನ ಪಸಂದ್ ಚ .
ಆಕೆಗೆ ವಿಚ್ಛೇದನ ನೀಡಲು ಬಯಸಿದ್ದರು .|ವು ವೊನ ವಿಚ್ಛೇದನ ದೇನ ಚಾವರೊತೊ .|ಓನ್ ವಿಚ್ಛೇದೇರ ಚಾವರೊತೊ .
ಅವನು ಕೆರೆಗೆ ಕಲ್ಲು ಎಸೆದನು .|ವು ವಾವಡಿರ್ ಮಾಯಿ ಭಾಟಾ ಫೆಕೊಚ .|ವು ತಳಾವೇಮ ಭಾಟಾ ಮಾರೋ .
ಅವರ ಶಿಕ್ಷಣ ಮತ್ತು ಕೌಶಲ್ಯಗಳನ್ನು ಪ್ರದರ್ಶಿಸುವುದು ಕಡ್ಡಾಯವಾಗಿದೆ .|ವುನೇರ್ ಶಿಕ್ಷಣ ಅನ ಕೋಶಲ್ಯ ದಕಾಳೆರ್ ಅನಿವಾರ್ಯ ಚ .|ವನೂರ್ ಶಿಕ್ಷಣ ಅನ್ ಕೌಶಲ್ಯ ಪ್ರದರ್ಶನ ಕರೆರ್ ಪ್ರದರ್ಶನ ಛ .
ಇದಲ್ಲದೆ, ಅವರು ಮದುವೆಗಳನ್ನು ಸ್ಥಾಪಿಸುವಲ್ಲಿ ನಿರತರಾಗಿದ್ದರು .|ಯೇನ ಛೋಡನ ವೊ ವಾಯಾ ಕರಾವಚ .|ಯೇನ ಛೋಡನ ವೊ ವಾಯಾನ ಸ್ಥಾಪನೆ ಕರಚ .
ಮನೆಯ ಕೆಲಸದ ವಿಷಯದಲ್ಲಿ ಭಿನ್ನಾಭಿಪ್ರಾಯ ಉಂಟಾಗುತ್ತದೆ .|ಘರೇರ್ ಕಾಮೇರ ವಾಸ ಮತಭೇದ ವಚ .|ಘರೇರ್ ಕಾಮೇರ್ ವಿಷಯ ನಾಳಿ ವಚ .
ಕೆಲವೊಮ್ಮೆ ಹಾಡುವಿಕೆಯು ಅಶ್ಲೀಲ ವಿಷಯಕ್ಕೆ ಕಾರಣವಾಗುತ್ತದೆ .|ಏಕ್ ಏಕ್ ಸಲಾ ಹೊಲಸ ಗೀದೆ ಗೀದಗಾವಚ .|ಏಕ್ ಏಕ್ ಸಲಾ ಗೀದಗಾವಿಕತಾ ರ ಹೊಲಸ್ ವಿಚಾರ್ ವಚ .
ಅವರು ಹಿಟ್ಟಿನಿಂದ ಮಾಡಿದ ಹಿಟ್ಟಿನ ಒಂದು ರೀತಿಯ ಉಂಡೆಯನ್ನು ಮಾಡುತ್ತಾರೆ .|ವೊ ಆಟೆತಿ ಏಕ್ ಉಂಡಿ ಕರಚ .|ವೊ ಆಟೆರ ಆಟೇತಿ ಕರಚ .
ಸುಣ್ಣದ ಜೊತೆಗೆ ಮೂರು ವೀಳ್ಯದೆಲೆಗಳನ್ನು ತೆಗೆದುಕೊಳ್ಳಲಾಗುತ್ತದೆ .|ತೀನ್ ಪಾನೇರ್ ಜೋಡಿ ಚುನ್ನೋ ಲಚ .|ಚುನ್ಯಾ ಜೋಡಿ ತೀನ್ ಪಾನ್ ಲಚ .
ಅವನು ತನ್ನ ಎಲ್ಲಾ ಸಹೋದ್ಯೋಗಿಗಳಿಗಿಂತ ಜೂನಿಯರ್ .|ವು ವೊರ್ ಜೋಡಿ ಕಾಮ್ ಕರೆವಾಳ್ ಸೇತಿ ನಾಣಕ್ಯ ಚ .|ವು ವೋರ ಸೆ ಉದ್ಯೋದ್ಯೋದ್ಯೆತಿ ಜಾಸ್ತ್ ಜಿನಿಯರ್ ಚ .
ಅವಳು ತುಂಬಾ ಮಹತ್ವಾಕಾಂಕ್ಷೆಯುಳ್ಳವಳು .|ಉ ಘಣ ಮಹತ್ವಾಕಾಂಕ್ಶಿರ್ ಛ .|ವು ಘಣ್ ಮಹತ್ವಾಕಾಂಕ್ಷಿ ಚ .
ಆ ಅಂಶವನ್ನು ಹೊರತುಪಡಿಸಿ ಉಳಿದ ಎಲ್ಲಾ ಅಂಶಗಳು ಸರಿಯಾಗಿವೆ .|ಉ ಏಕ್ ಅಂಶ ಛೋಡದೇನ ದುಸರ್ ಸೆ ಅಂಶ ಠೀಕ್ ಛ .|ವೊ ಅಂಶ ತಿ ಛೋಡನ ರೇಮಲೋ ಜೋಣ ಸೆ ಅಂಶ ಠೀಕ್ ಚ .
ಮಹೇಂದ್ರ ಮತ್ತಿತರರು ವಿವಾಹ ಸಮಾರಂಭದಲ್ಲಿ ಉಪಸ್ಥಿತರಿದ್ದರು .|ಮಹೇಂದ್ರ ಅನ್ ದುಸರ್ ಸೆ ವಾಯಾಮಾಯಿ ಆಮ್ಲೆತೆ .|ಮಹಂದ್ರ ಅನ್ ದುಸರ್ ವಾಯಾವಾಳ್ ವಾಯಾರ ಸಮಾರಂಭ ವೆತ್ತೆ .
ಉರಿಯುವ ಒಲೆಯ ಮಸುಕಾದ ಬೆಳಕು ಇದ್ದಂತೆ .|ಚುಲೆಮ ಲಗರೋ ಜೆ ಅಂಗಾರೇರ ವಜಾಳೋ ಕಾಮ್ ವೆತ್ತೋ ಜೇತಿ .|ಉರಿಯಾಲಿ ಒಂಲಿರ ವಜಾಳೋ ವೇತ್ತಿ .
ಅಸಮರ್ಪಕ ಜೀರ್ಣಕ್ರಿಯೆಯಿಂದ ನನಗೆ ಆರೋಗ್ಯವಾಗುತ್ತಿಲ್ಲ .|ಊಟಾ ಜೀರ್ಣ ವೆರಿಕೊಂತಿ ಜೇತಿ ಮನ್ ಆರಾಮ್ ಲಾಗರಿಕೊಂತಿ .|ಅಸಮರ್ಪಲ ಜಟಿಲ ತಿ ಮನ್ ಅರಾಮ್ ವೆರಿಕೊಂತಿ .
ಇದು ಆರೋಗ್ಯಕರ ತೂಕವನ್ನು ಕಾಪಾಡಿಕೊಳ್ಳಲು ಸಹ ನಿಮಗೆ ಸಹಾಯ ಮಾಡುತ್ತದೆ .|ಈ ತಮೇನ ಆರೋಗ್ಯಕರ ವಜನ್ ರಕಾಡೇನ್ ಬಿ ಸಹಾಯ ಕರಚ .|ಈ ಆರೋಗ್ಯಕರ ತುಕಮ್ ಕರೆನ್ ಭೀ ತಮೆನ್ ಮದತ್ ಕರಚ .
ಹಿತ್ತಾಳೆಯು ತಾಮ್ರ ಮತ್ತು ಸತುವನ್ನು ಹೊಂದಿರುತ್ತದೆ .|ಹಿತ್ತಾಳೆಮಾಯಿ ತಾಂಬ್ರ ಅನ್ ಸತು ರಚ್ .|ಪಿತ್ರಾಮ್ ತಾಲ ಅನ ಗಾವಡಿನ ರಚ .
ಆರೋಗ್ಯ ಪರಿವರ್ತನೆಯು ಸಾಮಾಜಿಕ ಪ್ರಗತಿಯ ಕೇಂದ್ರ ಲಕ್ಷಣವಾಗಿರಬೇಕು .|ಆರೋಗ್ಯ ಪರಿವರ್ತನೆ ಸಮಾಜೇರ ಪ್ರಗತಿರ ಕೇಂದ್ರ ಲಕ್ಷಣ ವೇಣು .|ಆರೋಗ್ಯ ಪರಿವರ್ತನೆ ಸಾಮಾಜಿಕ ಪ್ರಗತಿರ ಕೇಂದ್ರ ರೇಣು .
ಪುಸ್ತಕದ ಕೊನೆಯ ಭಾಗವು ಆತುರದ ಲಕ್ಷಣಗಳನ್ನು ತೋರಿಸುತ್ತದೆ .|ಪುಸ್ತಕೇರ ಅಂತೇರ ಭಾಗೇಮ್ ಗಡಬಡೆರ್ ಲಕ್ಷಣ ದಿಕಾವಚ .|ಪುಸ್ತಕೇರ ಆಖರಿ ಭಾಗೇರ ಲಕ್ಷಣ ದಕಾಳಚ .
ರವಿಕೆಗಳ ತೋಳುಗಳ ಮೇಲೆ ಅಲಂಕಾರ ಮಾಡಲಾಗಿರುತ್ತದೆ .|ಕಾಂಚಳಿನ ತೊಳೆಪರ ಅಲಂಕಾರ ಕರಮಲಚ .|ರತಳಾನೂರ ಹಾತೆಪರ ಅಲಂಕಾರ್ ಕರಚ .
ಮರೋನಿಗೆ ಪ್ರತ್ಯೇಕತೆಯ ನೋವನ್ನು ಅನುಭವಿಸಲು ಪ್ರಾರಂಭಿಸಿತು .|ಮಾರೋನಿನ ದೂರ ವೆರೋಚ ಕೇನ ದುಃಖ ವೇಲಗೋ .|ಮಾರೋನ ದೂರ ವ ಜೋಣ ದುಃಖ್ ವಿ .
ನಾನು ತುಂಬಾ ದಣಿದಿದ್ದೇನೆ, ನಾನು ಮುಂದುವರಿಯಲು ಸಾಧ್ಯವಿಲ್ಲ .|ಮ ಘಣ ಹರಗೀಚು ಮನ್ ಅಬ್ಬೆ ಧಾಸೆರ್ ವೆನಿ .|ಮನ್ ಘಣ್ ಸುಸ್ತ್ ವೇಗೋಚ, ಮನ್ ಆಂಗ್ ಜಾಯೆರ್ ವೇನಿ .
ಭಾಗವು ತುಂಬಾ ಕಷ್ಟಕರವಾಗಿದೆ, ನಾನು ಅದನ್ನು ಗ್ರಹಿಸಲು ಸಾಧ್ಯವಿಲ್ಲ .|ಈ ಭಾಗ ಘಣ ಕಠಿಣ್ ಛ ಏನ್ ಓದೆನ್ ಕಷ್ಟಾ ವಚ .|ಭಾಗ್ ಘಣ ಕಷ್ಟಾ ಛ, ಮನ್ ಕರೆನ್ ವೆನಿ .
ಸ್ಫೋಟದ ನಂತರ ಗುಂಡಿನ ಚಕಮಕಿ ನಡೆಯಿತು .|ಸ್ಫೋಟ ಹುಯಿ ಜೇರ್ಪಚ ಗೋಳಿ ಚಲಾಯೆಚ್ .|ಸ್ಫೋಟ ಲಾರ್ತಿ ಗುಂಡೇರ್ ಚಕಮಕಿ ಚಾಲು ವೇಗಿ .
ಕ್ರಿಮಿಕೀಟಗಳು ನಮ್ಮ ಆಸ್ತಿಯನ್ನು ನಾಶಮಾಡುತ್ತವೆ .|ಕೀಡಾ ಮಕೋಡಾನೋ ಅಪಣ ಆಸ್ತಿ ಹಾಳ್ ಕರಚ .|ಕ್ರಿಮಿಕ್ ಹಮಾರ್ ಆಸ್ತಿ ನಾಶ ಕರಚ .
ಕಾರ್ಮಿಕರಿಗೆ ತಂಬಾಕು ಮತ್ತು ಬೀಡಿಗಳನ್ನು ಸಹ ನೀಡಲಾಗುತ್ತದೆ .|ಕಾಮಕರೆವಾಳೆನ ತಂಬಾಕು ಅನ ಬಿಡಿ ಭಿ ದಚ .|ಕಾಮ್ ಕರೆವಾಳೆನ್ ತಂಬಾಕು ಅನ್ ಬೀಡಿ ಭೀ ದಚ .
ಎರಡು ದೇಶಗಳ ನಡುವಿನ ದ್ವಿಪಕ್ಷೀಯ ಸಂಬಂಧ .|ದೋಇ ದೆಶೆರ್ ನಡೂರ್ ದ್ವಿಪಕ್ಷೀಯ ಸಂಬಂಧ .|ದಿ ದೆಶೆರ್ ನಡುನೂರ ದ್ವಿಪಕ್ಷೀಯ ಸಂಬಂಧ ಛ .
ಇಡೀ ಕಾರ್ಯಾಚರಣೆಯಲ್ಲಿ ಅವನ ಪಾಲ್ಗೊಳ್ಳುವಿಕೆ ಏನು ?|ಸೆ ಕಾರ್ಯಾಚರಣೆಮ ವೊರ್ ಪಾತ್ರ ಕಾಂಯಿ ಚ ?|ಸಾರಿ ಕಾರ್ಯಾಚರಣೆ ಮಾಯಿ ಓರ್ ಭಾಗ್ ಕಾ೦ಯೀ ಚಾಯೆ .
ನಾನು ಬೇಸಿಗೆ ಮತ್ತು ಚಳಿಗಾಲದಲ್ಲಿ ರಜೆ ತೆಗೆದುಕೊಳ್ಳುತ್ತೇನೆ .|ಮ ಬೇಸಿಗೆ ಅನ ಶಿಯೆರ್ ದಾಡೆಮ್ ರಜಾ ಲುಚು .|ಮ ಬ್ಯಾಸಗಿ ಅನ ಶಿಯೆರ್ ದಾಡೆಮ್ ರಜಾ ಲುಚು .
ಆ ಸಮಯದಲ್ಲಿ ಏಳು ಹೆಡೆಯ ನಾಗರಹಾವು ಕಾಣಿಸಿಕೊಂಡಿತು .|ವೊ ಸಮಯ ಪರ ಏಕ ಸಾತ ಹೇಡಿ ರ ಸಾಪ ದಿಕಾಯೋ .|ಓ ಟೈಮೆಮ ಸಾತ ಹೆಣಾರ ನಾಗರಿಕ ಆಯಿ .
ಬಹುಪಾಲು ಜನರು ಒಣ ಭೂಮಿಯನ್ನು ಕೃಷಿಯಲ್ಲಿ ತೊಡಗಿಸಿಕೊಂಡಿದ್ದಾರೆ .|ಜಾಸ್ತಿ ಮಾಣಸ ಸುಖ್ ಜಮೀ ಮಾಯಿ ಪೀಕ್ ಕಾಡಚ .|ಜಾಸ್ತ್ ಮಾಣಸ್ ಸುಕಾಯೆನ್ ಖೇತೆಮ ಕಾಮ್ ಕರಚ .
ಸಂಗೀತವು ಜಾನಪದ ಕಲೆಗಳ ಅವಿಭಾಜ್ಯ ಅಂಗವಾಗಿದೆ .|ಸಂಗೀತ ಜಾನಪದ ಸಾಕಿರ ಅಭಿನ್ನ ಅಂಗ ಚ .|ಸಂಗೀತ ಜಾನಪದ ಕಲಾರೇರ ಅವಭಾಗ್ಯ ಚ .
ಅವರು ಪ್ರಕೃತಿಯ ಅದ್ಭುತಗಳು ಮತ್ತು ಅದ್ಭುತಗಳನ್ನು ಪೂಜಿಸುತ್ತಾರೆ .|ವೊ ಪ್ರಕೃತಿರ ಚಮತ್ಕಾರೇರ ಪೂಜಾ ಕರಚ .|ಓ ಪ್ರಕೃತಿ ಅಅದ್ಭುತ ಅನ್ ಅದ್ಭುತ ವನುನ್ ಪೂಜಾ ಕರಚ .
ನಿಖರವಾದ ನಷ್ಟವನ್ನು ಇನ್ನೂ ಅಂದಾಜಿಸಲು ಸಾಧ್ಯವಾಗಿಲ್ಲ .|ಕತ್ರಾ ನೂಕ್ಸಾನ್ ವೇಗಿಚ್ ಕರನ್ ಅಂದಾಜ್ ಕಿದೆಕೊಂತಿ .|ನಿಖಚಿತ ಅಜಿ ಅಂದಾಜಾ ಕರೆನ್ ಸಾಧ್ಯ ಹುಯಿಕೊಂತಿ .
ಉತ್ತಮ ಸಂಖ್ಯೆಯ ಬಹುಪತ್ನಿತ್ವವಿದೆ ಎಂದು ಇದು ಸೂಚಿಸುತ್ತಿದೆ .|ಜಾಸ್ತ್ ವಾಯಾ ಕರಮಲೆ ಜೆರ್ ಜಾಸ್ತ್ ಸಂಖ್ಯಾ ಛ .|ಏಕ್ ಆಚೊ ಸಂಖ್ಯೆರ್ ಬಹುಮಾನ ಛ ಕೇನ ವು ಸೂಚನೆ ಚ .
ನಗರದಾದ್ಯಂತ ಶಾಲಾ ಕಾಲೇಜುಗಳು ತೆರೆದಿದ್ದವು .|ನಗರೆಮ ಸಾಲಿ ಅನ ಕಾಲೇಜ್ ಕಾಡಮಲೆತೆ .|ಗಾಮೇಮಾಯಿ ಸಾಲಿ ಜಂಗಲೇವಾಳ್ ಕಾಲೇಜ್ ವೆತ್ತೆ .
ಅವಳ ಅಗಲಿಕೆಗಾಗಿ ಅವಳು ತೀವ್ರವಾದ ದುಃಖವನ್ನು ಅನುಭವಿಸುತ್ತಾಳೆ .|ವೊನ ವೊ ದೂರ್ ವೇ ಜೇರ ಘಣ ದುಃಖ ವಿ .|ವೋರ ಜರೂರತ್ ಛ ಜೋಣ ವು ಘಣ್ ದುಃಖ್ ವಚ .
ಇದಕ್ಕೆ ಸಾರ್ವಜನಿಕರು ಸಹಭಾಗಿತ್ವ ನೀಡುವಂತೆ ಕೋರಿದರು .|ವು ಯೆಮ್ ಲೋಗ್ ಭಳನು ಕೇನ ಕೆ .|ಏನ್ ಲೋಕ್ ಸಹಕಾರ್ ದೆಣು ಕರನ್ ಕೇಚ .
ಹಿಂದೂ ಪಂಥಾಹ್ವಾನದ ಅನೇಕ ದೇವತೆಗಳನ್ನು ಪೂಜಿಸುವುದು .|ಹಿಂದೂ ದೇವೆರ ಕತ್ರಾಕೋ ದೇವೆರ್ ಪೂಜಾ ಕರಚ .|ಹಿಂದೂ ಪೇಂಡೆರ್ ಕತ್ರಾಕೋ ದೇವಿ ದೇವತಾರ ಪೂಜಾ ಕರೆರ್ ಪೂಜಾ ಚ .
ಮಕ್ಕಳು ವಿದ್ಯಾಭ್ಯಾಸದಲ್ಲಿ ಪ್ರಗತಿ ಸಾಧಿಸುವರು .|ಛಿಜ್ಯಪರ್ ಸಾಲಿಮ್ ಪ್ರಗತಿ ಕರಚ .|ಛಿಜಿಯಾಪರ್ ವಿದ್ಯಾಮಾಯಿ ಪ್ರಗತಿ ಕರಚ್ .
ಮೂರನೆಯದನ್ನು ಚಿಕ್ಕ ಕಿರುಬೆರಳಿನ ಮೇಲೆ ಧರಿಸಲಾಗುತ್ತದೆ .|ನಾಣಕಿ ಅಂಗಳಿಮ ತೀನ್ ನೇ .|ತಿಸನೇರ ನಾಣಕಿ ಅಂಗಳಿಪರ ಘಾಲಚ .
ಪಂಚಾಯತ್ ತೆಗೆದುಕೊಳ್ಳುವ ನಿರ್ಧಾರಗಳು ಎರಡೂ ಪಕ್ಷಗಳಿಗೆ ಬದ್ಧವಾಗಿರುತ್ತವೆ .|ಪಂಚಾಯತ್ ಲಜಕೋನೀ ನಿರ್ಧಾರ್ ದೊಯಿನ್ ಸಂಬಂಧ್ ಪಡಚ್ .|ಪಂಚಾಯತ್ ಲೆಜೇರ್ ದೊಯೀ ಪಕ್ಷೇವಾಳ ಬದ್ಧ ಘಾಲಚ .
ಅವರು ಕಾನೂನು ತೀರ್ಮಾನವನ್ನು ನೀಡುವಲ್ಲಿ ಹೆಸರುವಾಸಿಯಾಗಿದ್ದಾರೆ .|ಗನ್ ವಿಚಾರ್ ಕರೆರ ಲಾರ್ಥಿ ಲಡಾಯಿ ಅನ್ ಬಳೇರ ಸೆ ಕಮ್ ವೇತಿ ಜಾರಿಚ್ .|ಓ ಕಾನೂನ್ ತೀರ್ಮಾನೆನ ನಾಮ್ ಕಮಾ ಮಲೆಚ .
ವಿಧವೆ ಮದುವೆ ಸಾಂಪ್ರದಾಯಿಕವಾಗಿ ಅನೇಕ ಜಾತಿಗಳಲ್ಲಿ ಅನುಮತಿಸಲಾಗಿದೆ .|ವಿಧವೆ ವಾಯಾ ಸಂಪ್ರದಾಯಾಕ್ ವಾಗಿ ವೇಣು ಕರನ್ ಸೆ ಜಾತಿ ಮಾಯಿ ಕರ್ಮಲೇಚ .|ವಿಧವೆ ವಾಯಾ ವನು ಮಾಯಿ ಘಣ ಜಾತಿವಾಳ್ ಅನುಮತಿ ದಿನೇಚ .
ಸಂಬಂಧಪಟ್ಟವರು ನೀಡಿದ ಸಮಯದೊಳಗೆ ಯಾವುದೇ ಮನೆಯನ್ನು ನಿರ್ಮಿಸದಿದ್ದರೆ .|ಅಗರ್ ಸಂಬಂಧಿತ ಮಾಣಸ್ ದೇಮಲ ಜೆ ಸಮಯ್ ಮ ಘರ ನ ಭಾಂದೆ ಕತೋ .|ಸಂಬಂಧ ದಿನೆ ಜಕೋಣಿ ಟೈಮ್ ಮಾಯಿ ಕುಣಶಿ ಘರ್ ಭಾಂದೆಕತೋ .
ಹೊಲಕ್ಕೆ ಹೊರಡುವ ಮುನ್ನ ತಾಯಿ ಮಗುವಿಗೆ ಸರಿಯಾಗಿ ಊಟ ಹಾಕಿದರು .|ಖೆತೇನ ಜಾಯೆನಿ ಜೆರ್ ಆಂಗ ಯಾಡಿ ಪಾಪುನ ಠೀಕ ಖಾಣೊ ಖರಾವಚ .|ಖೇತೇಮ್ ಜಾಯೆರ್ ಆಂಗ್ ಪಾಪುನ ಠೀಕ್ ಬಾಟಿ ಘಾಲ .
ನೀರಿನಲ್ಲಿ ವಾಸಿಸುವ ಪ್ರಾಣಿಗಳನ್ನು ಜಲಚರ ಎಂದು ಕರೆಯಲಾಗುತ್ತದೆ .|ಪಾಣಿಮ ರಜೋಣ ಪ್ರಾಣೀನೂನ ಜಲಚರ ಪ್ರಾಣಿ ಕಚ .|ಪಾಣಿಮ ರ ಜೋಣ ಜಾನ್ವರೆನುನ ಜಲಚರ ಕಚ .
ಹಕ್ಕಿಗಳು ಅವಳ ಬಾಯಾರಿಕೆಯನ್ನು ನೀಗಿಸಲು ಸಹಾಯ ಮಾಡಿದವು .|ಪಕ್ಷಿನೋ ವೋರ ಪಾಣಿರ ತರಸ್ ಹಟಾಯೆನ ಮದದ್ ಕಿದೆ .|ಪಕ್ಷಿನೋ ವೋರ ಪಾಣಿರ ತರಸ್ ಹಟಾಯೆನ ಮದದ್ ಕಿದೆ .
ಒಬ್ಬ ವಿಧವೆ ತನ್ನ ಪತಿಯ ಉದಾತ್ತ ಗುಣಗಳನ್ನು ಹೊಗಳುತ್ತಾಳೆ .|ಏಕ ವಿಧವಾ ವೋರ ಧಣೀರ ನೇಕ ಗುಣಾರ ಪ್ರಶಂಸೆ ಕರಚ .|ಏಕ್ ವಿಧವೆ ಓರ್ ಆಚೊ ಗುಣ ರಚ್ .
ಗೊರ್ ಪಂಚಾಯತ್ ನಲ್ಲಿ ಗಾದೆಗಳಿಗೆ ವಿಶಿಷ್ಟ ಸ್ಥಾನವಿದೆ .|ಗೋರ್ ಪಂಚಾಯೆತೆಮ ನೀತಿವಚನೇರ ಅಲಗ ಸ್ಥಾನ ಚ .|ಗೊಯರ್ ಪಂಚಾಯತ್ ಮಾಯಿ ಗಾಡಿ ವನುನ್ ವಿಶಿಷ್ಟ ಸ್ಥಾನ ಛ .
ಕಿರಿಯ ಸಹೋದರನು ವಿಧವೆಯನ್ನು ಮದುವೆಯಾಗಬೇಕು ಮತ್ತು ಮಕ್ಕಳನ್ನು ಬೆಳೆಸಬೇಕು .|ನಾಣಕ್ಯ ಭಾಯಿ ವಿಧವಾತಿ ವಾಯಾ ಕರನು ಅನ ಛಿಜ್ಯಪರೇನ ಪೊಸಣು .|ನಾಣಕ್ಯ ಭಾಯಿ ವಿಧವಾತಿ ವಾಯಾ ಕರನು ಅನ ಛಿಜ್ಯಪರೇನ ಪೊಸನು .
ಮಹಿಳೆಯರಿಂದ ವಧುವಿನ ಅಳುವುದು ಕಲೆಯು ಯಾವುದೇ ಕುಲದಲ್ಲಿ ಕಂಡುಬರುವುದಿಲ್ಲ .|ಬಾಯಿಗೋಳೆ ನವಲೇರಿ ರೋವ ಜಕೋ ಕಲಾ ಕುಣಶಿ ಕುಲ ಮಾಯಿ ಛೆಯೀ .|ಬಾಯಿಗೋಳೆ ನವಲೆರಿರ್ ರೋಯೆರೋ ಕುಣಸಿಬಿ ಕುಲ ಮಳೆನೀ .
ಮಹಿಳೆಯು ಮಗುವನ್ನು ಎದೆ ಹಾಲಿನಿಂದ ಹೊರಹಾಕಲು ಬಯಸಿದರೆ .|ಮಾ ಪಾಪುನ ಛಾತಿರ ದೂಧ್ ಪರಾಯೆರ್ ಛೋಡಾಯೆನ್ ಚಾವತೋ .|ಬಾಯಿಗೋಳೆ ನ ರೀ ಕತೋ ದೂದೇತಿ ಭಾರ ಘಾಲೇರ್ ಚಾವರೊತೊ .
ಇಲ್ಲಿ ವಧು ಮತ್ತು ಮದುಮಗನು ಎರಡು ಬಾರಿ ಸಾಮಾನ್ಯ ಊಟವನ್ನು ತೆಗೆದುಕೊಳ್ಳಬೇಕಾಗುತ್ತದೆ .|ಯೆತ್ ನವಲೆರಿ ವೇತ್ದು ದಿ ವಣ ಖಾಣೋ ಖಾಣು ಪಡ್ಚ್ .|ಯೆತಡು ಅತ ಅನ ಯೆತಡು ದೀ ವಣಾ ಖಾಣೊ ಖಾಣು .
ನಾವು ಅರ್ಧ ಗಂಟೆಯ ಹಿಂದೆ ನಮ್ಮ ಉಪಹಾರವನ್ನು ಮುಗಿಸಿದ್ದೇವೆ .|ಹಮ್ ಅರ್ದಾ ತಾಸೆರ್ ಲಾರ್ ನಾಷ್ಟಾ ಕರಲಿದೆಚಾ .|ಹಮ್ ಅರ್ಧಾ ತಾಸೆರ್ ಲಾರ್ ಹಮಾರ್ ಉಪಡೋ ಖುಟಾಡೆಚಾ .
ಬಡ ಮೇಲ್ಜಾತಿಗಳಿಗೆ ಹತ್ತು ಪ್ರತಿಶತ ಕೋಟಾ .|ಗರೀಬ್ ಜಾತೇ ವಾಳೆಣ ದಸ್ ಪ್ರತಿಶತ ಕೋಟಾ ಛ .|ಗರೀಬ್ ಜಾತಿವನುನ್ ದಸ್ ಪ್ರತಿಶಾ ಕೋಟೆ ಛ .
ರವೀಂದ್ರನಾಥ್ ಮತ್ತಿತರರು ಉಪಸ್ಥಿತರಿದ್ದರು .|ರವೀಂದ್ರನಾಥ್ ಅನ್ ಅಜಿ ಸೆ ಆಮ್ಲೆತೆ .|ರವೀಂದ್ರನಾಥ್ ಅನ್ ಅಜಿ ದೂಸರ್ ವೆತ್ತೆ .
ಸಾಮಾನ್ಯವಾಗಿ ಬುಡಕಟ್ಟು ಜನಾಂಗದವರಲ್ಲಿ ಕಲೆಯು ಬಹಳ ಮುಖ್ಯವಾಗಿದೆ .|ಸಾಮಾನ್ಯವಾಗಿ ಬುಡಕಟ್ಟು ಜನಾಂಗ ಮಾಯಿ ಕಲಾ ಘಣ ಮುಖ್ಯ ಛ .|ಆದಿವಾಸಿ ಜನಾಂಗ ಜನಾಂಗ ಮ ಘಣ ಮುಖ್ಯ ಚ .
ಗುರುಗಳ ಸಲಹೆ ಅಥವಾ ಮಾರ್ಗದರ್ಶನದಿಂದ ಯಾವುದೇ ಪ್ರಯೋಜನವಿಲ್ಲ .|ಗುರುರ ಸಲಹೆ ನಿತರ ಮಾರ್ಗದರ್ಶನೇರ ಕಾಂಯಿ ಫಾಯದೋ ಛೆನಿ .|ಗುರು ಸಲಹೆ ನಿಕಾಣಿ ಮಾರ್ಗದರ್ಶಿ ಚೇಯಿ .
ಗಂಭೀರ ಅಲರ್ಜಿಯ ಪ್ರತಿಕ್ರಿಯೆಗಳು ಅಪರೂಪ .|ಗಂಭೀರ ಅಲರ್ಜಿರ ಪ್ರತಿಕ್ರಿಯಾ ಘಣ್ ಕಮ್ ರಚ .|ಗಂಭೀರ್ ಅಲರ್ಜಿರ ಪ್ರತಿಕ್ರಿಯೆ ಅಪರೂಪ ಚ .
ಕೆಲವು ಪ್ರದೇಶಗಳಲ್ಲಿ ಭಾರೀ ಮಳೆಯಾಗುವ ಮುನ್ಸೂಚನೆ ಇದೆ .|ದಸೆಕ್ ಪ್ರದೇಶೇ ಮಾಯಿ ಘಣ ಪಾಣಿ ಪಡೆರೋ ಮುನ್ಸೂಚನೆ ಛ .|ಏಕ್ ಏಕ್ ಪ್ರದೇಶೇಮ್ ಘಣ್ ಪಾಣಿ ಪಡೆರ್ ಮುನ್ಸೂಚನೆ ಚ .
ಹೆರಿಗೆಯ ಸ್ಥಳವು ತಾಯಿಯ ಆರೋಗ್ಯದ ಪ್ರಮುಖ ನಿರ್ಧಾರಕವಾಗಿದೆ .|ಜಣಾವ್ ಜೋಣ ಜಾಗಾ ಯಾಡಿರ ಆರೋಗ್ಯರ ಏಕ್ ನಿರ್ಧಾರಕ ಚ .|ಜಣಾವ್ ಜೋಣ ಜಾಗಾ ವೊರ್ ಆರೋಗ್ಯರ ಪ್ರಮುಖ ನಿರ್ಧಾರ ಚ .
ಕೆಲವರು ಫೇಸ್ ಬುಕ್ ನಲ್ಲಿ ಪೋಸ್ಟ್ ಮಾಡಿದ್ದಾರೆ .|ಕೆಲಓಬ್ಬರು ಫೇಸ್ಬುಕ್ ಮಾಯಿ ಪೋಸ್ಟ್ ಕರ್ಮಲೆಚ್ .|ದಸೆಕ್ ಮಾಣಸ್ ಫೇಸ್ಬುಕೆಮ್ ಪೋಸ್ಟ್ ಕಿದೇಚ .
ಅವರು ಚಿಕಿತ್ಸೆಗಾಗಿ ಸರ್ಕಾರಿ ಔಷಧಾಲಯಗಳಿಗೆ ಹೋಗುವುದಿಲ್ಲ .|ವೊ ಸರಕಾರೀ ಔಷಧಾಲಯನ ಇಲಾಜ್ ಕರಾಯೆನ್ ಜಾಯೆನಿ .|ಓ ಚಿಕಿತ್ಸೆ ಸಾರು ಔಷಧಕಾರಿ ವನುನ್ ಜಾಯೆನಿ .
ವಿವಾಹಿತ ಸ್ತ್ರೀಯರು ವಿವಾಹಿತ ಪುರುಷರ ಸಂಖ್ಯೆಯಲ್ಲಿದ್ದಾರೆ .|ವಾಯಾವಾಳ್ ಬಾಯಿಗೋಳೇರ್ ಸಂಖ್ಯೆ ವಾಯಾವಾಳ್ ಮಾಟಿನುತಿ ಜಾಸ್ತ್ ಚ .|ವಾಯಾವಾಳ ವಾಯಾವಾಳ್ ವಾಯಾ ವೇಮಲ ಜೆ ಮಾಟಿನುರ್ ಸಂಖ್ಯಾ ಮಾಯಿ ಛ .
ಈ ಯೋಜನೆಯಲ್ಲಿ ಸರ್ಕಾರ ಇನ್ನೂರು ಕೋಟಿ ರೂಪಾಯಿಗಳನ್ನು ಖರ್ಚು ಮಾಡಿದೆ .|ಈ ಯೋಜನೆನ್ ಸರ್ಕಾರ್ ದಿಶೆ ಕೋಟಿ ರಪ್ಯಾ ಮಂಜೂರ್ ಕಿದಿಚ .|ಈ ಯೋಜನೆಮಾಯಿ ಸರ್ಕಾರ್ ದಿಸೆ ಕೋಟಿ ರಪ್ಯಾ ಖರ್ಚ್ ಕಿದಿಚ .
ಭಾರೀ ಮಳೆಯಿಂದಾಗಿ ದೆಹಲಿಯಲ್ಲಿ ಗುಡುಗು ಸಹಿತ ಮಳೆಯಾಗಿದೆ .|ಅಬಾಳೋ ಜಾಸ್ತಿ ವೆತಾಣಿ ದೆಹಲಿಮಾಯಿ ಜೋರ್ ಪಾಣಿ ಪಡೋಚ .|ಜೋರ್ ಪಾಣಿ ಪಡೋಜೇತಿ ದೆಹಲಿಮ ಪಡನ ಪಾಣಿ ಪಡೋಚ .
ಸೋನಾವತಿ ಅಪಹರಣವಾಗಿರುವ ಮಾಹಿತಿ ಸಿಕ್ಕಿತ್ತು .|ಸೋನಾವತಿನ ಅಪಹರಣ ಕರಮಲೆಚ ಕೇನ ವೊನ ಮಾಹಿತಿ ಮಳಿ .|ಸೋನಾವತಿ ಅಪರಣ ವೇರ ಮಾಹಿತಿ ಮಳಿಚ .
ಪೋಲಿಸರು ಆತನಿಗಾಗಿ ಹುಡುಕಾಡುತ್ತಿದ್ದಾರೆ .|ಪೊಲೀಸ್ ಓನ್ ಧುನ್ಡರೆಚ .|ಪೊಲೀಸ್ ವೊನ ಧುನ್ದೆಚ .
ಆದರೂ ಆತಂಕ ಪಡುವಂಥದ್ದೇನೂ ಇಲ್ಲ .|ಪಣ ಚಿಂತಿ ಕರೆಸರಿಕ ಕಾ೦ಯೀ ಛೆನೀ .|ಕತೋಭೀ ಓನ್ ಆತಂಕ್ ಕರೆನ್ ಕಾ೦ಯೀ ಛೆನೀ .
ಆರಂಭಿಕ ನಿವೃತ್ತಿಯ ದೃಷ್ಟಿಯಿಂದ ಅವರು ತಮ್ಮ ಹಣವನ್ನು ಉಳಿಸಿದರು .|ಮದ್ಲೆತಿ ಓ ಪೀಸಾ ಬಚಾಡರೇತೇ .|ಜಲ್ದಿ ನಿವೃತ್ತಿ ವು ವುನೆರ್ ಪೀಸಾ ಬಚಾಡೋ .
ಕೇಂದ್ರ ಸರ್ಕಾರ ಅರವತ್ತು ಕೋಟಿಯನ್ನು ಭರಿಸಲಿದೆ .|ಕೇಂದ್ರ ಸರ್ಕಾರ್ ಸಾಠ ಕೋಟಿ ಭರಸಚ .|ಕೇಂದ್ರ ಸರ್ಕಾರ್ ಸಾಠ ಕೋಟಿ ಕೋಟಚ್ .
ಎಲ್ಲಾ ರೀತಿಯ ಹಿಂಸಾಚಾರಗಳು ಸ್ವೀಕಾರಾರ್ಹವಲ್ಲ .|ಸೆ ರೀತಿ ಹಿಂಸಾಚಾರ ಸ್ವೀಕಾರ್ ಚೇಯಿ .|ಸೆ ರಿತಿರ್ ಹಿಂಸಾಚಾರ ಸ್ವೀಕಾರ್ ಕಾವ .
ಲೆಮನ್ ರೈಸ್ ಮಾಡಲು ಯಾವ ಪದಾರ್ಥಗಳು ಬೇಕಾಗುತ್ತವೆ ?|ಲೇಮನ್ ರೈಸ್ ಕರೆನ್ ಕಾಂಯಿ ಕಾಂಯಿ ಚಾವಚ ?|ಲೆಮಾರ್ ರೈಸ್ ಕರೆನ್ ಕುಣಸ್ ಪದಾರ್ಥ ಚಾಯೆ ?
ಒಬ್ಬರು ಯಶಸ್ವಿಯಾಗಲು ಬಯಸಿದರೆ ಒಬ್ಬರ ಅತ್ಯುತ್ತಮ ಪ್ರಯತ್ನಗಳನ್ನು ಬಳಸಬೇಕು .|ಯೆಶಸ್ವಿ ವೇಣು ಕತೋ ಪ್ರಯತ್ನ ಕರ್ತೆ ರೇಣು .|ಏಕ್ ಸಫಲ ಚಾವಕತೋ ಏಕೇರ್ ಆಚ್ ಕೊಶಿಸ್ ಕರನು .
ತರಾತುರಿ ಮಾಡಿ, ಇಲ್ಲದಿದ್ದರೆ ನೀವು ತಡವಾಗಿ ಬರುತ್ತೀರಿ .|ಝಲ್ದಿ ಕರೋ ನಿಕಾಣಿ ತಮ್ ತಡಾ ಕರನ್ ಆವೊಚೊ .|ತಮ್ ಗರಾವರಿ ಕಿದೆಕತೋ ತಮ್ ತಡಾ ಕರನ್ ಆವೊಚೊ .
ಚಂಪಾ ಮೊಗ್ಗುಗಳು ತೆರೆದುಕೊಳ್ಳುತ್ತವೆ .|ಚಂಪಾ ಫೂಲ ಫೂಟಚ .|ಚಂಪಾ ಮೊಡನೋ ನಿಕಳಚ .
ನೆರೆಯ ಹಿಂದೂ ಜಾತಿಗಳ ಪ್ರಭಾವದಿಂದಾಗಿ .|ಆಜು ಬಾಜೂರ ಜಾತಿವಾಳೆರ ಪ್ರಭಾವೇತಿ .|ಹಿಂದೂ ಜಾತಿರ ಪ್ರಭಾವನೇತಿ ಚ .
ನಾನಕ್ ತನ್ನ ಸಹೋದರನನ್ನು ಬೀದಿಯಲ್ಲಿ ಭೇಟಿಯಾದನು .|ನಾನಕ್ ವೊರ್ ಭಾಯೀನ ಬೀದಿಮ ಭಳೋ .|ಮ ನಕ್ ವೋರ ಭಾಯಿ ವಾಟೆಪರ ಭಳೋ .
ನಾನು ಕುಟೀರದಿಂದ ಪುಟ್ಟ ಹುಡುಗಿಯನ್ನು ಭೇಟಿಯಾದೆ .|ಮ ಝುಪಡಿ ಮಾಯಿರ್ ಛೋರೀನ್ ಭೇಟಿ ಕಿದಿಚು .|ಮ ಕುಟಿರೇತಿ ನಾಣಕಿ ಛೋರಿನ್ ಭೇಟಿ ಕಿದೋಚು .
ಅವನು ಬೇವಿನ ಸೊಪ್ಪಿನ ಹಾಸಿಗೆಯ ಮೂಲಕ ಪ್ರವೇಶಿಸಿದನು .|ಉ ಲಿಂಬೆರ್ ಪಾಲೇರ್ ಹಾಸ್ಕಿ ತಿ ಮಾಯಿ ಆಯೋ .|ವು ಏಕ್ ನೀಮೆರ ಪಾಲೇರ್ ಹಾಸ್ಗಿ ಮಾಯಿನ ಗೆ .
ನಿನ್ನೆ ಲಾರಿ ಚಾಲಕ ಶವವಾಗಿ ಪತ್ತೆಯಾಗಿದ್ದಾನೆ .|ಕಾಲ್ ಲಾರಿ ಡ್ರೈವರ್ ಹೆಣಾ ವೆತಾಣಿ ಮಳೋಚ .|ಕಾಲ್ ಡ್ರೈವರ್ ಡ್ರೈವರ್ ಹೆಣಾತಿ ಪತ್ತೆ ವೇಗೋಚ .
ಉಳಿದ ಗುಂಪಿನಲ್ಲಿ ಒಂದು ಪಾಲು ದೊರೆತಿದೆ .|ರೇಗಿ ಜೆಮಯಿ ಗುಂಪೆಮ್ ಏಕ್ ಪಾಲ್ ಮಳಿಚ .|ಬಾಕಿರ್ ಗುಂಪ ಮಾಯಿ ಏಕ್ ಪಾತಲ್ ಛ .
ಆ ಹುಡುಗನು ತನ್ನ ಹೆಂಡತಿ ಮತ್ತು ತಾಯಿಯೊಂದಿಗೆ ಸಂತೋಷದಿಂದ ವಾಸಿಸುತ್ತಿದ್ದರು .|ಛೋರಾ ವೋರ ತಾಂಡರಿರ ಅನ ಯಾಡಿನ ಲೇನ ಖುಷಿತಿ ರೇ ಲಗೋ .|ಛೋರಾ ವೋರ ಗೋಣ್ಣಿ ಅನ ಯಾಡಿರ ಜೋಡಿ ಖುಷಿತಿ ರೇತೊತೊ .
ಕೇರಳದಲ್ಲಿ ಓರ್ವ ಕಾರ್ಮಿಕನ ಹತ್ಯೆಯಾಗಿದೆ .|ಕೇರಳಾ ಮಾಯಿ ಏಕ್ ಕಾರ್ಮಿಕೆರ್ ಹತ್ಯೆ ವೇಮಲಿಚ್ .|ಕೇರಳಾಮಾಯಿ ಏಕ್ ಸೈನಿಕೆರ್ ಕಾಮತ್ಯಾರೆ ಛ .
ಅವನು ಕಲ್ಲನ್ನು ಎಸೆದನು ಆದರೆ ಅದು ನಾಯಿಯನ್ನು ತಪ್ಪಿಸಿತು .|ಉ ಭಾಟಾ ಫೆಕೋಚ ಪಣ ಕುತರಾ ತಪ್ಪಸಾಲಿದೊಚ್ .|ವು ಭಾಟಾ ಮಾರೋಚ ಪಣ ವೋರ ಕುತರಾನ ತಪ್ಪೋ .
ಅವರು ನವಿಲಿನ ಹುರಿದ ಮಾಂಸವನ್ನು ತಿನ್ನುತ್ತಿದ್ದಾಗ .|ವೊ ಮೋರೇರ ಭುಂಜಮಲೆ ಜೋಣ ಬೋಟಿ ಖಾರೆ ಜನಾ .|ವು ಮೋರೇರ ಬೋಟಿ ಖಾರೊಜನಾ .
ನಾನು ದೈತ್ಯನ ತಂದೆ ಕಾನಾ ಎಂದು ನರಿ ಹೇಳಿತು .|ಲೋಮಡಿ ಮ ದೈತ್ಯರ ಬಾಪ ಕಾನಾ ಚು ಕೇನ ಕಿ .|ಮ ದಾರೀನೂರ ಬಾಪ್ ಕಾನಾ ಚ ಕೇನ ಲೋಮಡಿ ಕಿ .
ಇಲ್ಲಿ ಖಳನಾಯಕರೂ ಇಲ್ಲ, ನಾಯಕರೂ ಇಲ್ಲ .|ಅತ್ ಕೊಯಿ ವಿಲ್ಲನ್ ಅನ ಕೊಯಿ ಹೀರೊ ಛೆನಿ .|ಅತ್ ಖಾಳಕರ್ ಛೆನಿ, ನಾಯಕ್ ಛೆನಿ .
ಎಲ್ಲಾ ಬೆಕ್ಕುಗಳು ಕತ್ತಲೆಯಲ್ಲಿ ಬೂದು ಬಣ್ಣದಲ್ಲಿರುತ್ತವೆ .|ಸೆಜ್ ಶಿಬ್ಬಿಯೊ ರಾತ್ ಭೂರೀ ದಿಕಾವಚ .|ಸೆ ಸಿಬ್ಬಿನೋ ಅಂದಾರೋ ರಚ .
ನಾನು ಹತ್ತು ದಿನ ದೂರ ಇದ್ದೆ ಮತ್ತು ಪ್ರತಿ ದಿನ ಮಳೆ ಬರುತ್ತಿತ್ತು .|ಮ ದಸ್ ದಾಡ ದೂರ್ ವೇತ್ತಿ ಅನ್ ದಾಡ್ಡಿ ಪಾಣಿ ಪಡತಿತಿ .|ಮ ದಸ್ ದಾಡ್ ವೇತ್ತೋ ಅನ ಹರ್ ಏಕ್ ದಾಡ್ ಪಾಣಿ ಪಡರೊತೊ .
ಮಧುಮೇಹಿಗಳಿಗೆ ನಿಯಮಿತವಾಗಿ ಔಷಧಗಳನ್ನು ಸೇವಿಸುವುದು ಉತ್ತಮ .|ಸಕ್ಕರೆರ್ ರೋಗ್ ರ ಜಕೋಣಿ ದಾಡ್ಡಿ ಔಷದ್ ಲೇಣು .|ಡಯಾಬಿಟಿಗಿ ದಾಡ್ಡಿ ಔಷಧೇರ ಆಚೊ ರಚ .
ಎರಡನೇ ಟೆಸ್ಟ್ ಕೂಡ ಇಲ್ಲಿಯೇ ನಡೆಯಲಿದೆ .|ದಿನೇದ ಟೆಸ್ಟ್ ಭೀ ಎತ್ತಜ ಚಾಲಚ್ .|ದುಸರ್ ಟೆಸ್ಟ್ ಭೀ ಅತ್ತಜ ಚಾಲಚ .
ಮನೆಯಲ್ಲಿ ಕಪ್ಪು ಚುಕ್ಕೆಗಳನ್ನು ತೊಡೆದುಹಾಕಲು ಹೇಗೆ .|ಘರೆಮ ಕಾಳ್ ಕಲಿ ಕು ಕಾಡೇರೊ .|ಘರೆಮ್ ಕಾಳೊ ಭಂಟೆನುನ ಕು ಘಾಲೇನ್ ?
ಭಾರತದಲ್ಲಿ ಬುಡಕಟ್ಟು ಮಹಿಳೆಯರ ಆರೋಗ್ಯ ಸ್ಥಿತಿ ತುಂಬಾ ಕಳಪೆಯಾಗಿದೆ .|ಭಾರತೇಮ ಬುಡಕಟ್ಟು ಬಾಯಿಗೋಳೇರ ಆರೋಗ್ಯ ಸ್ಥಿತಿ ಘಣ ಮಾಂದ್ ಚ .|ಭಾರತೆಮ ಬುಡಕಟ್ಟು ಬಾಯಿಗೋಳೇರ ಆರೋಗ್ಯ ಘಣ್ ಮಾಂದ್ ಚ .
ವಿವಾಹಿತರು ಮತ್ತು ಅವಿವಾಹಿತ ಮಹಿಳೆಯರು ಅವುಗಳನ್ನು ಧರಿಸುತ್ತಾರೆ .|ವಾಯಾವಾಳ ಅನ ಬಗರ್ ವಾಯಾವಾಳ್ ಬಾಯಿಗೋಳೆ ವೂನುನ ಘಾಲಚ .|ವಾಯಾವಾಳ್ ಅನ ಬಗರ್ ವಾಯಾವಾಳ ಬಾಯಿಗೋಳೆ ವೂನುನ ಘಾಲಚ .
ನೀವು ಯಾಕೆ ಈ ರೀತಿ ಅಸಂಬದ್ಧವಾಗಿ ಮಾತನಾಡುತ್ತಿದ್ದೀರಿ ?|ತಮ್ ಕಾ ಹನು ಸಂಬಂಧ ಛೆಯೀಜು ವಾತೇ ಕರ್ರೆಚೊ .|ತು ಹಯಿ ಕಾ ವಾತೆ ಕರ್ರೊಚಿ ?
ಇದರಿಂದ ಧಾರ್ಮಿಕ ಭಾವನೆಗಳಿಗೆ ಧಕ್ಕೆಯಾಗಿದೆ .|ಯೇತಿ ಧಾರ್ಮಿಕ ಭಾವನೆನ್ ಧಕ್ಕೆ ವೇಮಲಿಚ್ .|ಯೇತಿ ಧಾರ್ಮಿಕ ಭಾವನೇನ ಧಾಸಗೀಚ .
ಇದು ಹಲವಾರು ವೀಕ್ಷಕರ ಅಸಮಾಧಾನಕ್ಕೆ ಕಾರಣವಾಗಿದೆ .|ಈ ಘಣ ವಿಕ್ಷಕೆರ್ ರಿಸೆನ್ ಕಾರಣ ವೇಮಲಿಚ್ .|ಈ ಘಣ ವೀರ ಅಸಮಾಧಾನೆನ್ ಕಾರಣ್ ಛ .
ಅತಿಥಿಗೆ ಮುಖ ತೊಳೆಯಲು ಮೊದಲು ನೀರು ಕೊಡುತ್ತಾರೆ .|ಪಾಮಣೇನ ಪೆಹಲೆ ಮುಂಡೋ ಧೊಯೆನ್ ಪಾಣಿ ದಚ .|ಪಾಮಣ್ ಮುಂಡೋ ಧೊಯೇನ ಪೆಹಲೆ ಪಾಣಿ ದಚ .
ನಾವು ಸ್ಕೂಟರ್ ರಿಪೇರಿ ಮಾಡಬೇಕಾಗಿತ್ತು .|ಹಮೇನ್ ಸ್ಕೂಟರ್ ರಿಪೇರಿ ಕರೆರ್ ವೇತ್ತಿ .|ಹಮ್ ಸ್ಕೂಟರ್ ಪೇರಿ ಕರೆರ್ ವೇತ್ತಿ .
ನೀವು ಮನೆಯವರೆಗೂ ಓಡಿದವರಂತೆ ಕಾಣುತ್ತೀರಿ .|ತು ಘರೇಲಗಾ ಧಾಸನ್ ಗೆ ಜು ದಿಕಾಯೆಚಿ .|ತು ಘರೇಲಗಾ ಧಾಸರೊಚಿ .
ಶೀಘ್ರದಲ್ಲಿಯೇ ಎಲ್ಲ ಸಮಸ್ಯೆಗಳನ್ನು ಬಗೆಹರಿಸಲಾಗುವುದು .|ಘಣ ಝಲ್ದಿ ಸೆ ಸಮಸ್ಯಾ ಬಗೆಹರಸಾಣು .|ವೊನ್ ಜಲ್ದಿ ಸಮಸ್ಯೆರ ಸಮಾಧಾನ ಕರಚ .
ಇದರಿಂದ ಭಯದ ವಾತಾವರಣ ನಿರ್ಮಾಣವಾಗಿದೆ .|ಯೇತಿ ಚಮಕಣಿರ ವಾತಾವರಣ ವೇಮಲಿಚ .|ಯೇತಿ ಚಮಕೇರ್ ವಾತಾವರಣ ಭಾಂದಗೀಚ .
ಈ ಲೇಖನವು ಅಲ್ಲಿಗೆ ಹೇಗೆ ಹೋಗುವುದು ಎಂದು ಹೇಳುತ್ತದೆ .|ಇ ಆರ್ಟಿಕಲ್ ವತ್ ಕು ಜಾಣು ಕಚ .|ಈ ಲೇಖನ ಕು ಜಾಣು ಕೇನ ಕಚ .
ಈತ ಜೂಜಾಟದ ಚಟ ಹೊಂದಿದ್ದಾನೆ .|ಏನ್ ಮಟ್ಕಾ ರಮೇರ್ ಚಟಾ ಛ .|ವು ಪೂರಾ ಜಾಯೆರ ಚಟಾ ಚ .
ಸರಿಯಾದ ಗಾತ್ರದೊಂದಿಗೆ ಟಿಶರ್ಟ್ ಅನ್ನು ಆರಿಸಿ .|ಠೀಕ್ ಸೈಜರ್ ಟೀಶರ್ಟ್ ಆಯ್ಕೆ ಕರ್ .|ಠೀಕ್ ಗಾತ್ರೆರ್ ಜೋಡಿ ಶರ್ಟ್ ಆಯ್ಕೆ ಕರೋ .
ಇದು ತಮಾಷೆಯ ಚಮತ್ಕಾರಗಳಲ್ಲಿ ಒಂದಾಗಿದೆ .|ಈ ವೊ ತಮಾಷಾಮ್ ಏಕ್ ಚ .|ಈ ಮಜಾಕೇರ ಬೇಟಿ ಮಾಯಿ ಏಕ್ ಛ .
ವರನಿಗೂ ಸಹ ಹೆಂಗಸರೇ ಸ್ನಾನ ಮಾಡಿಸಿದರು .|ಛೋರಾನ್ ಭೀ ಬಾಯಿಗೋಳೆ ಹಂಗೋಳಿ ಕರಾವಚ .|ನವಲೆರಿನ ಬಿ ಹೆಮಳಿ ಕರಾಯೋ .
ಬಹಳಷ್ಟು ಗಂಡಸರು ಕೂಡ ಕೃಷಿ ಕಾರ್ಮಿಕರಲ್ಲಿ ಭಾಗವಹಿಸುತ್ತಾರೆ .|ಘಣ್ ಮಾಟಿನೊ ಭೀ ಖೇತೇರ್ ಕಾಮ್ ಕರಚ .|ಘಣ್ ಮಾಟಿನೊ ಬಿ ಕೃಷಿರ ಕಾಮ್ ಕರೆಮ ಭಳಚ .
ನಿನ್ನೆಯಿಂದ ಜ್ವರ ಸ್ವಲ್ಪ ಮಟ್ಟಿಗೆ ತಗ್ಗಿದೆ .|ಕಾಲೆತಿ ತಾವ್ ದಸೆಕ್ ಕಡ್ಮಿ ಛ .|ಕಾಲೆತಿ ತಾವ್ ದಸೆಕ್ ಮಟ್ಟಗೋಚ .
ನಿಮಗೆ ಯಾವತ್ತೂ ತರಗತಿ ಇಲ್ಲ ಅಥವಾ ಏನು ? !|ತಾರ್ ಕನ್ನಾಯಿ ಕ್ಲಾಸ್ ರೇನಿ ಕ ?|ತಮೆನ್ ಕಾಂಯಿ ಕ್ಲಾಸ್ ಛೆನಿ ?
ನಾನು ಸಮಾಧಾನದ ನಿಟ್ಟುಸಿರು ಬಿಟ್ಟೆ .|ಮ ಸಮಾಧಾನೆರ್ ನಿಟ್ಟುಸಿರು ಛೋಡಿಚು .|ಮ ಸಮಾಧಾನ್ ಸಾಸೊ ಛೋಡ್ನಾಕೋ .
ಪತ್ನಿಗೆ ಅಕ್ರಮ ಸಂಬಂಧವಿದೆ ಎಂದು ಶಂಕಿಸಿದ್ದರು .|ವೋರ ಗೋಣ್ಣಿರ ಅನೈತಿಕ ಸಂಬಂಧ ಛ ಕೇನ ವೊನ ಶಂಕಾ ವೇತ್ತಿ .|ಪೇಪರೇನ ಅಕ್ರಮ ಕೇನ ಶಕ್ ವೆತ್ತೋ .
ಇದೇ ಎರಡು ರಾಜಕೀಯ ಪಕ್ಷಗಳ ನಡುವಿನ ವ್ಯತ್ಯಾಸ .|ಈಜ್ ದೋಇ ರಾಜಕಿಯೇರ್ ಪಕ್ಷೆರ್ ನಡುವೆರ್ ಅಂತರ್ ಛ .|ಈಜ್ ದೋಇ ರಾಜಕೀಯ ಪಕ್ಷೆರ್ ನಡು ವ್ಯತ್ಯಾಸ ಛ .
ಈ ಸಂದರ್ಭವನ್ನು ಸಾಮಾನ್ಯವಾಗಿ ಭಾವನೆಗಳು ಮತ್ತು ದುಃಖದಿಂದ ವಿಧಿಸಲಾಗುತ್ತದೆ .|ಏ ಸಂಧರ್ಬೆನ್ ಭಾವನೇತಿ ಅಜಿ ದುಖೇತೀ ವಿಧಾಸವಚ .|ಏ ಸಂದರ್ಭೆಮ ಏಕ್ ಭಾವನೆ ಅನ ದುಃಖ ಘಾಲಚ .
ಅವರು ದನಕರುಗಳನ್ನು ಮತ್ತು ದನಗಳನ್ನು ಬಂಧಿಸಿದರು .|ವು ಗಾವಡಿ ಚರಾವಾಳೆನುನ ಅನ ಗಾವಡಿನುನ ಭಾಂದಲಿದೋ .|ಓ ಜಾನವರೆವನುನ್ ಅನ್ ಜಾನ್ವರೆವನುನ್ ಪಕಡೇಚ .
ಯುವಜನರಲ್ಲಿ ಅಪೌಷ್ಟಿಕತೆ ಇನ್ನೂ ವ್ಯಾಪಕವಾಗಿದೆ .|ಅಪೋಷ್ಠಿಕತೆ ಯುವ ಲೋಗುಮ್ ಅಬ್ ಭೀ ಫೆಲರೋಚ .|ಯುವನೇಮ ಅಪೋಷ್ಠಿಕತೆ ಚ .
ನೀವು ದಣಿದಿದ್ದೀರಿ, ಮತ್ತು ನಾನು ಕೂಡ .|ತು ಮನ್ ಮಾಲಮ್ ಛ ಜೋಣ ಸೆತ್ತಿ ಮಾಂದೊ ಮಜಾಕಿಯಾ ಮಾಣಸ್ ಚಿ .|ತೋನ್ ಸುಸ್ತ್ ವೇಗೋತೊ ಅನ ಮ ಬಿ .
ಈ ಪ್ರಕರಣದಲ್ಲಿ ಪೊಲೀಸರು ಹನ್ನೊಂದು ಮಂದಿಯನ್ನು ಬಂಧಿಸಿದ್ದರು .|ಈ ಕೆಸೆಮ್ ಪೊಲೀಸನೊ ಗ್ಯಾರಹ್ ಮಾಣಸೇನ ಪಕಡಮಲೆತೆ .|ಎ ಕೆಸೆಮ ಪೊಲೀಸ್ ಅಗ್ಯಾರಹ್ ಮಾಣಸೇನ ಪಕಡಮಲೆತೆ .
ಔಷಧಿಗಳು ತೂಕ ಇಳಿಸಿಕೊಳ್ಳಲು ಸಹಾಯ ಮಾಡಬಹುದೇ ?|ಔಷದೋ ತುಕಾ ವತಾರೇನ್ ಮದತ್ ಕರಚ ಕಾಯಿ ಛೆಯೀ ಕೋ ?|ಔಷದ್ ಓ ತುಕಾ ಕಡ್ಮಿ ಕರೆನ್ ಮದತ್ ಕರ್ಸಕಾಚಾ ಕಾ೦ಯೀ ?
ನಾನು ಚೆನ್ನಾಗಿದ್ದೇನೆ, ಆದರೆ ನನಗೆ ತುಂಬಾ ಬಲವಿಲ್ಲ .|ಮ ಠೀಕ್ ಚು ಪಣ ಮ ಬಲಶಾಲಿ ಚು ಕರನ್ ಅನಸಾಯೆನಿ .|ಮ ಠೀಕ್ ಚು ಪಣ ಮನ್ ಘಣ್ ಘಟ್ ಛೆನಿ .
ಆಕೆಯ ಕ್ಷಮೆ ಯಾಚಿಸಲು ಬಂದಿದ್ದೇನೆ ಎಂದು ಉತ್ತರಿಸಿದರು .|ವು ವೊನ ತೋನ ಕ್ಷಮಾ ಮಾಂಗೇನ ಆಯೋಚು ಕೇನ ಕೆ .|ವು ವೋರ ಕ್ಷಮಾ ಮಾಂಗೆನ್ ಆಯೋಚು ಕೇನ ಕೆ .
ಎಲ್ಲ ಕೊಂಬೆಗಳನ್ನು ಸಂಗ್ರಹಿಸಿ , ಎಲ್ಲವನ್ನೂ ಒಟ್ಟಿಗೆ ಕಟ್ಟು .|ಸೇ ಟೊಂಗ್ಯ ವನುನ ಭೇಳನ ಭಾಂದ .|ಸೇಜ್ ಟೊಂಗ್ಯನುನ್ ಗೋಳಾಕರನ ಸೇಜ ಭಳನ್ ಭಾಂದ .
ಯುವಕ ಕೆಟ್ಟದ್ದಕ್ಕೆ ಹೋಗುತ್ತಿದ್ದಾನೆ ಎಂದು ನಾನು ಹೆದರುತ್ತೇನೆ .|ಛೋರಾ ಕಾ೦ಯೀತೊಯೀ ತಪ್ಪ್ ಕರಚಕರನ್ ಹಮ್ ಚಮಕಾಚಾ .|ಯುವಕ ಮಾ೦ದೋ ಜಾರೊಚ್ ಕರನ್ ಮನ್ ಚಮಕಣಿ ಲಾಗಚ .
ಬಹುಶಃ ನಾವು ಮುಂದಿನ ತಿಂಗಳು ಶಿಮ್ಲಾಗೆ ಹೋಗುತ್ತೇವೆ .|ಬಹುಶಃ ಹಮ್ ಆಂಗೇರ್ ಮೀನಾ ಶಿಮ್ಲಾ ಜಾಮಾಚಾ .|ಬಹುಶಃ ಹಮ್ ಆಂಗೇರ್ ಮೀನಾ ಶಿಮ್ಲಾ ಜಾಮಾಚಾ .
ಹುಲಿ ನರಿಯ ಗುಹೆಗೆ ವಿಚಾರಣೆಗೆ ಬಂದಿತು .|ಬಾಘ್ ವಿಚಾರಣೆ ಕರೇನ ಲೋಮಡಿರ ಗುಫಾಮ ಆಯೋ .|ಬಾಘ್ ಲೋಮಡಿರ ಗುಫಾಮ ಆಯೋ .
ಇಡೀ ನಗರದ ನೈರ್ಮಲ್ಯೀಕರಣ ಕಾರ್ಯ ನಡೆಯುತ್ತಿದೆ .|ಪೂರಾ ನಗರೇರ್ ನೈರ್ಮಲೀಕರಣ ಕಾಮ್ ಚಾಲರೋಚ .|ಸಾರಿ ಗಾಮೇರ್ ಸ್ವಚ್ಛ ಕರೆರ್ ಕಾಮ್ ಚಾಲ್ರಿಚ .
ಓಗ್ರೆ ಈ ವರ್ಗದ ಕಥೆಗಳನ್ನು ಹಂಚಿಕೊಳ್ಳುತ್ತಾರೆ .|ರಾಕ್ಷಸ ಏ ವರ್ಗೆರ ಸಾಕಿನುನ ಸೇನ ಕಚ .|ರಾಕ್ಷಸ ಏ ವರ್ಗೆರ ಸಾಕಿನ ಸೇನ ಕಚ .
ಅವರು ಆತ್ಮಹತ್ಯೆ ಮಾಡಿಕೊಳ್ಳಲು ಯಾವುದೇ ಕಾರಣವಿರಲಿಲ್ಲ .|ಉ ಆತ್ಮಹತ್ಯೆ ಕರೆನ್ ಕಾಯಿ ಭೀ ಕಾರಣ್ ವೇತ್ತಿ ಕೋನಿ .|ಓ ಆತ್ಮಹತ್ಯೆ ಕರೆನ್ ಕುಣಶಿ ಕಾರಣ್ ಹುಯಿಕೊಂತಿ .
ತನ್ನ ದುರ್ವರ್ತನೆಗಾಗಿ ಕ್ಷಮೆ ಯಾಚಿಸಬೇಕು .|ವು ಹರಕೆವಡಿ ಕಿದೋಜೆರ್ ವಾಸ ಕ್ಷಮಾ ಮಾಂಗಣು .|ಓರ್ ದುರ್ವರ್ತನೆ ಕರೆನ್ ಕ್ಷಮಾ ಮಾಂಗಣು .
ಸ್ವತಃ ಅಸಂಖ್ಯಾತ ಬಯಕೆಗಳ ಸಮೂಹವಾಗಿರುವುದರಿಂದ ಅವುಗಳನ್ನು ಪೂರೈಸಲು ಮಂತ್ರಗಳು ಆದರೆ ಈ ಮಧ್ಯ ಸಾಗರದಲ್ಲಿ ಉಳಿದಿವೆ .|ಸ್ವತಃ ಮಲಕೇರ ಆಸಾರ ಸಮೂಹ ಛ ಜನಾ ವೂನುನ್ ಪೂರಾ ಕರೆರ್ ಮಂತ್ರನೋ ಪಣ ಏರ್ ನಡು ಸಾಗರೇಮ ರೇಗೆಚ .|ಸ್ವತೆರ್ ವಾಸ ಸಂಖ್ಯಾತ ಚಾವಜೇತಿ ವೂನುನ ಈ ಪೂರೈಸೆರ್ ವಾಸ ಚ .
ದನಗಳ ಮೇಲಿನ ಅವರ ಆಸಕ್ತಿಯನ್ನು ಗಮನಿಸಿ ಹಿಂದಿನ ನಿಜಾಮರ ಸರ್ಕಾರವು ಅದೇ ಕಲ್ಯಾಣ ಯೋಜನೆಗಳನ್ನು ಜಾರಿಗೆ ತಂದಿತು .|ಜಾನ್ವರೇನುಮ ವೂನೂರ್ ರುಚಿ ದೇಕನ ನಿಜಾಮ ಸರಕಾರ ಸಮಾನ ಕಲ್ಯಾಣಕಾರಿ ಯೋಜನಾ ಶುರು ಕಿದೇತೆ .|ಜಾನ್ವರೆರ್ ಉಪ್ಪರೇರ್ ಆತರಿ ದೇಕೋ ಅನ ನಿಜಾಮ ಸರಕಾರಣ ಸರಕಾರ ಲಾಯೇ .
ನೇರವಾದ ಮತ್ತು ಗುಂಗುರು ಕೂದಲು ಇಪ್ಪತ್ತಮೂರು ವ್ಯಕ್ತಿಗಳು ಮಧ್ಯಮ ಮೂಗಿನ ಕುರಿತಾದ ಖಿನ್ನತೆಯನ್ನು ಹೊಂದಿದ್ದರು .|ಸೀದಾ ಅನ ಘುನ್ಗರ ಲಟ್ಟಾ ತೇಯಿಸ್ ಮಾಣಸೇರ ನಾಕ ಮಧ್ಯಮ ಖಿನ್ನತೆ ವೇತ್ತಿ .|ನೇದಾ ಅನ ಗುಂಪನೋ ಲಟ್ಟಾರ ಮಂದುರ ಬಗ್ಗೆ ತೀನ್ ಚಿಸ್ ಮಾಣಸ್ ವೆತ್ತೆ .
ಬೂತ್ ಅಡಿಯಲ್ಲಿ, ಒಂದು ಚದರ ಭಾಗವನ್ನು ತೆರವುಗೊಳಿಸಲಾಯಿತು ಮತ್ತು ಗೋವಿನ ಸಾಗಣೆಯಿಂದ ಸಾರಿಸಲಾಯಿತು .|ಬೂತೆರ್ ಹೆಟ್ ಏಕ್ ಚೌಕ ಭಾಗ ಸ್ವಚ್ಛ್ ಕರನ ಗೋಬರೇತಿ ಲಿಪೆ .|ಬೂತ್ ವಿಡಿಯೋ ಮಾಯಿ ಏಕ್ ಚಪ್ಪರೆರ್ ಭಾಗೇಮ ಸಾಠ ಭಾಗ ಕಿದೆ ಅನ ಗೋಬರ್ ಘಾಲೇತೆ .
ಹಲ್ಲುನೋವು, ಕೆಮ್ಮು, ಹೊಟ್ಟೆ ನೋವು ಇವುಗಳಿಗೆ ಸಾಮಾನ್ಯವಾಗಿ ಗಿಡಮೂಲಿಕೆ ಚಿಕಿತ್ಸೆ ನೀಡಲಾಗುತ್ತಿತ್ತು .|ದಾಂತ್ ದುಕಜೇನ, ಖಾಸಿ ಅನ ಪೇಟೆಮ್ ದುಕಜೇನ ಗಿಡಮೂಲಿಕೆತಿ ಇಲಾಜ್ ಕರಚ .|ದಾಂತ್ ವೋರ ದುಕೆರೊ, ಮುಟ್ಟೆರ ವಾಸ ಘಣ ದುಖೀಲಿಕಿತ್ಸೆ ದಚ .
ಬಾಹ್ಯ ಬಳಕೆಗೆ ಉದ್ದೇಶಿಸಲಾದ ಈ ಶೀತ ಮುಲಾಮುಗಳನ್ನು ಕೆಲವೊಮ್ಮೆ ಬೀಟಲ್ ಎಲೆಗಳೊಂದಿಗೆ ನುಂಗಲಾಗುತ್ತದೆ .|ಭಾರ್ ಲಗಾಡೆರ್ ವಾಸ್ ಛ ಜೋಣ ಯೇ ಶೀಳ ಬಾಮ್ ಏಕ್ ಏಕ್ ವಣಾ ಪಾನೇರ್ ಜೋಡಿ ಖಾವಚ .|ಭಾರ್ ಲಗಾಡೆರ್ ವಾಸ್ ಛ ಜೋಣ ಯೇ ಶೀಳ ಬಾಮ್ ಏಕ್ ಏಕ್ ವಣಾ ಪಾನ್ ಸಪಾರಿರ್ ಜೋಡಿ ಖಾವಚ .
ಜಾನಪದ ಕಥೆಗಳನ್ನು ಸ್ಟಿತ್ ಥಾಮ್ಸನ್ ಮಾದರಿಯ ಮಾದರಿಯ ಪ್ರಕಾರ ವರ್ಗೀಕರಿಸಲಾಗಿದೆ .|ಜಾನಪದ ಸಾಕಿನುನ ಸ್ಟಿತ್ ಥಾಮ್ಸನ್ ರ ಟೈಪ್ ಇಂಡೆಕ್ಸ್ ಮೊಡೇಲೆರ ನಾಯಿ ವರ್ಗಿಕೃತ ಕರಮಲೆಚ .|ಜಾನಪದ ಸಾಕಿನುನ ಸ್ಟಿತ್ ಸಮ್ಸನೇರ ಮಾದನೇರ ಪ್ರಕಾರ ವರ್ಗಿಕೃತ ಕರಮಲೆಚ .
ಇದು ಗ್ರಾಮೀಣ ವಾತಾವರಣದ ಹಿನ್ನೆಲೆಯಲ್ಲಿ ನ್ಯಾಯವನ್ನು ಪೂರೈಸುವ ಪ್ರಾಚೀನ ವ್ಯವಸ್ಥೆಯಾಗಿದೆ .|ಈ ಗ್ರಾಮೀಣ ವಾತಾವರಣೆಮ ನ್ಯಾಯ ದರಾಯೆರ ವ್ಯವಸ್ಥೆ ಚ .|ಈ ಹಳ್ಳಿರ ವಾತಾವರಣೆಮ ನ್ಯಾಯ ದ ಜೋಣ ವ್ಯವಸ್ಥೆ ಚ .
ಬುಡಕಟ್ಟು ಸಮುದಾಯವು ಒಟ್ಟು ಮಲೇರಿಯಾ ಪ್ರಕರಣಗಳಲ್ಲಿ ಇಪ್ಪತ್ತೈದು ಪ್ರತಿಶತದಷ್ಟು ಕೊಡುಗೆ ನೀಡುತ್ತದೆ .|ಸೇಜ್ ಮಲೇರಿಯಾ ಕೆಸೆನುಮ ಬುಡಕಟ್ಟು ಸಮುದಾಯೆವಾಳೆರ್ ಪಚ್ಚಿಸ್ ಪರಸೆಂಟ್ ರಚ .|ಬುಡಕಟ್ಟು ಸಮುದಾಯೆವಾಳ್ ಮಲಾರಿಯಾ ಕೆಸೆಮಾಯಿ ಪಚ್ಚಿಸ್ ಕೊಡುಗೆ ದಚ .
ಭಾರತ ಬ್ಯಾಡ್ಮಿಂಟನ್ ಮಿಶ್ರ ತಂಡ ಚಿನ್ನದ ಪದಕವನ್ನು ಮುಡಿಗೇರಿಸಿಕೊಂಡಿತು .|ಭಾರತೇರ್ ಬಡಮಂಟೈನ್ ತಂಡ ಸೋನೇರ್ ಪದಕ ಗೆದ್ದಿ ಛ .|ಭಾರತ್ ಬ್ಯಾಡ್ಮಿಂಟನ್ ತಂಡ ಸೋನೇರ ಪದಕ ಕಿದೆ .
ಪೆರಾಂಬುಲೆಂಟ್ ಜನರು ಎಂದು ವಿವರಿಸಲಾದ ಸಮುದಾಯವು ಭಾರತದ ವಾಯುವ್ಯದಿಂದ ಬಂದವರು .|ಸಮುದಾಯ ರ ಲೋಗ್ ಭಾರತೇರ್ ಉತ್ತರ ಪಶ್ಚಿಮೇತಿ ಛ .|ಪೆರಾಂಬುಂಟ್ ಛ ಕರನ್ ಸಮುದಾಯೆವಾಳ್ ಭಾರತೇರ್ ಸಮುದಾಯ ಮಾಯಿ ಆಮ್ಲೇಚ .
ಮಗು ಕುಳಿತುಕೊಳ್ಳಲು ಸಾಧ್ಯವಾಗುವವರೆಗೆ, ತಾಯಿ ಎಲ್ಲಿಗೆ ಹೋದರೂ ಮಗುವನ್ನು ತನ್ನೊಂದಿಗೆ ಕರೆದುಕೊಂಡು ಹೋಗುತ್ತಾಳೆ .|ಪಾಪು ಬೆಸೆರ್ ಸಿಕೆಲಗಾ ಮಾ ವೊನ್ ವು ಕತ್ತಿಬಿ ಜಾವ ತೋಬಿ ಲೇಜಾವಚ .|ಪಾಪು ಬೆಸೆನ್ ವಚ ಪಣ ಮಾ ಬಾಪ ಕತ್ ಬಲಾ ಲೇಜಾವಚ .
ಅರಣ್ಯಾಧಿಕಾರಿಗಳ ಗಮನಕ್ಕೆ ತಾರದೆ ತಮ್ಮ ಕಾರ್ಯಾಚರಣೆ ನಡೆಸಬೇಕಿದೆ .|ವೊ ಜಂಗಲೇರ್ ಅಧಿಕಾರಿನ ಮಾಲಮ್ ವೇನಿ ಜು ಕಾಮ್ ಕರಚ .|ಜಂಗಲೇನ ಬಗರ್ ಕಾಮ್ ಕರೆರ್ ಜರೂರತ್ ಚ .
ಹೀಗಾಗಿ ವ್ಯಕ್ತಿತ್ವಗಳ ಘರ್ಷಣೆ ಮಾತ್ರವಲ್ಲದೆ ವ್ಯವಸ್ಥೆಗಳ ಘರ್ಷಣೆ ಸಹ ಇದೆ .|ಜನಾಜ್ ಮಾಣಸೇರ್ ಲಡಾಯಿರ ಜೋಡಿ ವ್ಯವಸ್ಥೆರ ಲಡಾಯಿ ಭೀ ವಚ .|ಜೇರ್ಸಾರು ವ್ಯಕ್ಷಿನೂರ ಲಡಾಯಿ ಚಾಲೇರ್ ವ್ಯವಸ್ಥೆನೂರ ಲಡಾಯಿ ಭೀ ಛ .
ಹೆಂಗಸರು ನೃತ್ಯ ಹಾಡುತ್ತಾರೆ ಮತ್ತು ಪುರುಷರನ್ನು ತಮ್ಮ ಬೆತ್ತಗಳನ್ನು ಎಚ್ಚರಿಕೆಯಿಂದ ಗುರಿಯಿಟ್ಟು ಹೊಡೆಯುತ್ತಾರೆ .|ಬಾಯಿಗೋಳೇ ನಾಚಚ ಗಿದಗಾವಚ ಅನ ಮಾಟಿನುನ ವೂನೂರ ಲಕಡಿತಿ ಮಾರಚ .|ಬಾಯಿಗೋಳೆ ನಾಚೇನುನ ನಾಚಚ ಅನ ಮಾಟಿನುನ ವೂನೂರ್ ಗುರಿ ನ ಮಾರಚ .
ಹೆಂಗಸರು ವಿಶಿಷ್ಟವಾದ ಉಡುಪನ್ನು ಧರಿಸುತ್ತಾರೆ, ಅದು ಅವರ ತಲೆಯನ್ನು ಸಹ ಸುತ್ತುವರೆದಿರುತ್ತದೆ .|ಬಾಯಿಗೋಳೇ ಅಜೀಬ್ ಸೆಮಾನ್ ಪೇರಚ ವೊಮ ಮಾತೇಪೆರ್ ಭೀ ಢಾಕ್ ಮಲಚ .|ಬಾಯಿಗೋಳೆ ವೂನೂರ್ ಅಜೀಬ್ ಸೆಮಾನ್ ಪೇರಚ ವೂನುಪರ್ ಬಿ ವು ಸುತ್ತ ಫರಚ .
ಒಂದು ಗಂಟೆ ಅಥವಾ ಅರ್ಧ ಗಂಟೆಯ ಊಟದ ವಿರಾಮದೊಂದಿಗೆ ಸಂಜೆ ಐದು ಗಂಟೆಯವರೆಗೆ ಮುಂದುವರಿಯುತ್ತದೆ .|ಏಕ್ ತಾಸ್ ನಿಕಾಣಿ ಅರ್ಧಾ ತಾಸ್ ಬಾಟಿಖಾಯೆನ್ ಅರಾಮ್ ಕರನ ಸಾಂಜ್ ಪಾಂಚೇಲಗಾ ಚಾಲಚ .|ಏಕ್ ಘಂಟಿ ನಿಕಾಣಿ ಅರ್ಧಾ ತಾಸ್ ಖಾಣೊ ವಾತೇಲಗಾ ಪಾಂಚ್ ತಾಸ್ ಲಗಾ ಸಾಂಜ ಜಾವಚ .
ಮೇವಾ ಮತ್ತು ಮಾಂಡವಾ ಎಂಬ ಎರಡು ಎತ್ತುಗಳಿಂದ ಎಳೆಯಲು ಚರ್ಮದ ಪಟ್ಟಿಗಳಿಗೆ ಅದನ್ನು ಕಟ್ಟಲಾಗಿತ್ತು .|ದೀ ಬಳದನೋ ಮೇವಾ ಅನ ಮಂಡವ ನುತಿ ಖೇಚ್ಛೇರ ವಾಸ ವೊನ ಚಮಡೇರ ಬೆಲ್ತೇತಿ ಭಾಂದಮಲೆತೇ .|ಮೇವಾ ಅನ ಮಾಂಡ ಕ ಜೋಣ ದೀ ಬಳದೆರ್ ವಾಸ ಬಳಾನ ಭಾಂದೆ .
ಗರಾಶಿಯಾ ಅವರ ಪಾರುಗಾಣಿಕೆ ಬೆಟ್ಟದ ಬುಡಕಟ್ಟು ಜನಾಂಗದವರು .|ಗಾರಾಶಿಯ ಓ ಪಾರುಗಾಣಿಕೆ ಬೆಟ್ಟರ್ ಬುಡಕಟ್ಟು ಜನಾಂಗ್ ವಲಛ್ .|ಗರಾಶಾ ವೂನೂರ್ ಪರಾಣಗಾಣಿಕೆ ವೂನೂರ್ ಆದಿವಾಸಿ ಜನಾಂಗ ಚ .
ಬ್ರಾಡ್ ಹಾಡ್ಜ್ ಐವತ್ತನಾಲ್ಕು ರನ್ ಗಳಿಸಿ ಔಟಾಗದೆ ಉಳಿದರು .|ಬ್ರಾಡ್ ಹೋಡ್ಜ್ ಚಾರ್ ಪರ್ ಪಚಾಸ್ ರನ್ ಕರನ್ ಬನ್ ಔಟ್ ವೇರ್ ರೇಗೊ .|ಬ್ರಿಡ್ ಸಾಪ್ ಪಾಂಚ್ ಚೌವನ್ ರಫಿನ್ ಬಚಾಡೋ .
ಈ ಎರಡು ಅರಣ್ಯವಾಸಿ ಬುಡಕಟ್ಟುಗಳ ನಡುವೆ ತಮ್ಮ ಉಳಿವಿಗಾಗಿ ಹೋರಾಟ ನಡೆಯುತ್ತಿತ್ತು .|ಏ ದೊಯೀ ವನವಾಸಿ ಜಾತಿನುಮ ವೂನೂರ ಅಸ್ತಿತ್ವೇರ ವಾಸ ಲಡಾಯಿ ಚಾಲರಿತಿ .|ಏ ದೊಯೀ ಜಂಗಲೇರ ವಾಸ ವೂನೂರ್ ಬಚಾಡೇ ಅನ ಸಂಘರ್ಷ ಚಾಲರೆತೆ .
ಆರೋಗ್ಯ ಸಂಸ್ಥೆಗಳಿಗೆ ಪ್ರವೇಶಿಸಲಾಗದಿರುವುದು ಅವರ ಕಳಪೆ ಆರೋಗ್ಯ ಸ್ಥಿತಿಗೆ ಕೊಡುಗೆ ನೀಡುವ ಸಮಸ್ಯೆಯಾಗಿದೆ .|ಆರೋಗ್ಯ ಸಂಸ್ಥೆನ ಜಾಯೆನಿ ಜೋಣ ಭೀ ವುನೆರ್ ಮಾಂದ ಆರೋಗ್ಯ ಸ್ಥಿತಿರ ಕಾರಣ ಚ .|ಆರೋಗ್ಯ ಸಂಸ್ಥೆನುನ ಜಾಯೇನ ಮಾಂದ ಜೋಣ ಆರೋಗ್ಯ ಸ್ಥಿತಿರ ಕಾರಣ ಚ .
ಭಾರತೀಯ ಸಂಸ್ಕೃತಿ ಮತ್ತು ಸಂಪ್ರದಾಯದ ಸಂಕೇತವಾದ ಹೋಳಿಯನ್ನು ಭಾರತದಾದ್ಯಂತ ಆಚರಿಸಲಾಗುತ್ತದೆ .|ಭಾರತೇರ ಸಂಸ್ಕೃತಿ ಅನ ಸಂಪ್ರದಾಯರ ಪ್ರತೀಕ ಹೋಳಿನ ಪೂರಾ ಭಾರತೇಮ ಕರಚ .|ಭಾರತೀಯ ಸಂಸ್ಕೃತಿ ಅನ ಸಂಪ್ರದಾಯೆರ ಸಂಪ್ರದಾಯ ಹೋಳಿ ಭಾರತೇನ ಆಚರಣೆ ಕರಚ .
ಬುಡಕಟ್ಟು ಸಮುದಾಯಗಳು ದೇಶದ ಒಟ್ಟು ಜನಸಂಖ್ಯೆಯ ಸುಮಾರು ಎಂಟು ಪ್ರತಿಶತ ರಷ್ಟಿವೆ ಮತ್ತು .|ಬುಡಕಟ್ಟು ಸಮುದಾಯ ದೇಶೇರ ಜನಸಂಖ್ಯೆರ ಆಠ ಪರಸೆಂಟ್ ಚ .|ಬುಡಕಟ್ಟು ಸಮುದಾಯೆವಾಳ್ ವೂನೂರ್ ಜನಸಂಖ್ಯರ ಆಟ್ ಪ್ರತಿಶತ ಚ .
ಆಲ್ಕೊಹಾಲ್ಯುಕ್ತ ಪಾನೀಯಗಳು ಮತ್ತು ಧೂಮಪಾನವನ್ನು ತ್ಯಜಿಸಬೇಕು .|ದಾರು ಅನ ಸಿಗರೇಟ್ ಬಂದ್ ಕರನು .|ದಾರು ಪಿಯೆರೋ ಅಸಫಲತೆ ಅನ ಬಿಡಿ ಪಿಣು .
ದೇವಿಯ ಆರಾಧನೆಗಾಗಿ ಮಾಡಿದ ಚಿಹ್ನೆಗಳು ಅವನ ವೀರತ್ವವನ್ನು ತೋರಿಸುತ್ತವೆ .|ದೇವೀರ ಆರಾಧನೆರ ವಾಸ ಕರಮಲೆ ಜೋಣ ಚಿಹ್ನೆ ನೋ ವೋರ ವೀರತಾ ದರ್ಶಾವಚ .|ದೇವೀರ ಆರಾಧೇರ ವಾಸ ಕರಮಲಮಲ ಜೋಣ ಗುರುತ್ ವೋರ ವೀರತಾ ದಕಾಳಚ .
ಕೆಲಸದಿಂದ ಹಿಂದಿರುಗಿದ ತಕ್ಷಣ, ಅವರು ತಮ್ಮ ಮಕ್ಕಳೊಂದಿಗೆ ಸ್ವಲ್ಪ ಸಮಯದವರೆಗೆ ಸ್ವಲ್ಪ ಆಹಾರವನ್ನು ಸೇವಿಸುತ್ತಾರೆ .|ವೊ ಕಾಮೇತಿ ಆತೆ ಸಾತ್ ವೂನೂರ್ ಛಿಜ್ಯಪರೇರ ಜೋಡಿ ಖಾಣೊ ಖಾವಚ .|ವೊ ಕಾಮೇತಿ ಆತೆ ಸಾತ್ ವೂನೂರ್ ಛಿಜ್ಯಪರೇರ್ ಜೋಡಿ ದಸೆಕ್ ಸಮಯ್ ಖಾವಚ .
ಜನಾಂಗೀಯ ಗುಂಪನ್ನು ರೂಪಿಸುವ ಕುಟುಂಬಗಳು ಧರ್ಮದ ಮೂಲಕ ಸಂಬಂಧ ಹೊಂದಿವೆ .|ಏಕ್ ಜಾತಿರ ಗುಂಪ ಕರೆವಾಳ್ ಪರಿವಾರನೊ ಧರ್ಮೇತಿ ಜೂಡ್ಮಲೆಚ .|ಜನಾಂಗೀಯ ಗುಂಪನ ಕರೆರ್ ಕುಟುಂಬ ಧರ್ಮ್ ಸಂಬಂದ್ ಕರಚ .
ಅಂತಿಮವಾಗಿ ಶಿವನ ಪೂಜೆಯನ್ನು ನೆರವೇರಿಸಿದ ನಂತರ ಅವರಿಗೆ ಸಂತಾನ ಪ್ರಾಪ್ತಿಯಾಯಿತು .|ಅಂತೆಮ ಭಗವಾನ ಶಿವಾ ರ ಪೂಜಾ ಕಿದೆ ಜೇರ ಪಚ ಏಕ ಬೇಟಾ ಮಳೋ .|ಅಂತೆಮ ಶಿವರೇರ ಪೂಜಾ ಕರಚ ಜೇರ ಪಚ ವೂನುನ ಸಂತೇರ ಗುಪ್ತ ವಿ .
ಒಂದು ತಲೆ ಹೊರೆ ಇಂಧನವನ್ನು ಸಂಗ್ರಹಿಸಲು ಇದು ಕೇವಲ ಒಂದು ಅಥವಾ ಎರಡು ಗಂಟೆಗಳನ್ನು ತೆಗೆದುಕೊಳ್ಳುತ್ತದೆ .|ಲಕಡಿರ ಏಕ್ ಹೆಡ್ಲೋಡ್ ಗೋಳಾಕರೇನ ಬರೆ ಏಕ್ ನಿತರ್ ದೀ ತಾಸ್ ಲಾಗಚ .|ಈ ಮಾತೋ ಏಕ್ ತಾಸ್ ಲಕಡಿ ಗೋಳಾಕರೆನ್ ವು ಬರೆ ಏಕ್ ತಾಸ್ ಲಚ .
ತೋಳುಗಳನ್ನು ಇತರ ಅಸಭ್ಯ ವಸ್ತುಗಳಿಂದ ಮಾಡಿದ ಉಂಗುರಗಳಿಂದ ಹೇರಳವಾಗಿ ಮುಚ್ಚಲಾಗುತ್ತದೆ .|ತೋಳ್ ಪಿತಳೆತಿ ಕರಮಲ ಜೆ ಚೂಡಿತಿ ಢಾಕ್ ಮಲಚ .|ತೋಳ್ ದೂಸರ್ ಅಸಭ್ಯ ವಸ್ತುತಿ ಕರಮಲ ಜೆ ಚೂಡಿತಿ ಢಾಕ್ ಮಲಚ .
ಹುಡುಗರು ಈಜುವುದಕ್ಕೆಂದು ಗುಂಪು ಗುಂಪಾಗಿ ಹತ್ತಿರದ ಬಾವಿಗಳಿಗೆ ತೆರಳುತ್ತಾರೆ .|ಗುಂಪ ಗುಂಪೇಮ ಛಿಜ್ಯಪರ್ ಕನ್ನೆರ್ ವಾವಡಿನ ಜಾವಚ .|ಛೋರಾನೋ ಪಾಣಿಮ್ ಪೆರಜೇತಿ ಏಕ್ ಗುಂಪ ಕನ್ನೆರ್ ಬಾವನೇನ ಜಾವಚ .
ಬೆಂಗಳೂರಿನ ಸುದ್ದಿ ಎಲ್ಲರಲ್ಲೂ ಬೆರಗು ಮೂಡಿಸಿದೆ .|ಬೆಂಗಳೂರೇರ್ ಖಬರ್ ಸೇನ ಆಶ್ಚರ್ಯ ಕಿದಿ .|ಬೆಂಗಳೂರೇ ಮಾಯಿನ ಖಬರ್ ಅತ್ರಾಯಿ ವಡಿ ರೇಡಮಲಿಚ .
ಪ್ರಧಾನ ಮಂತ್ರಿಗಳ ಮಗ ಮೋತಿಸಂಗರಾಜ್ ನಗರಕ್ಕೆ ಮಾರುವೇಷದಲ್ಲಿ ಹೋದನು .|ಮಂತ್ರಿರ ಬೇಟಾ ವೇಷ ಬದಲನ ಮೋತಿ ಸಂಗರಾಜೇರ ಗಾಮೇನ ಗೆ .|ಮಂತ್ರಿರ ಬೇಟಾ ಮೋಹಿರಾಜ್ ಗಾಮೇನ ಗೆ .
ರೇವತಿಬಾಯಿಯ ಮಾಟದ ಬಲೆಯಿಂದ ಡೋಲಾ ಹೇಗೆ ತಪ್ಪಿಸಿಕೊಂಡಳು ?|ರೇವತಿಬಾಯಿರ ಜಾದೂರ ಜಾಲೇತಿ ಡೋಲಾ ಕು ನಿಕಳಿ ?|ರೇವತಿಬಾಯಿರ ಮಾಟಕಿ ಕು ತಪ್ಪ್ ಕರಚ ?
ದೇಹವನ್ನು ದಪ್ಪ ಹೊದಿಕೆಯಿಂದ ಮುಚ್ಚುವ ಮೂಲಕ ಶೀತವನ್ನು ಸಹ ಗುಣಪಡಿಸಬಹುದು .|ಶರೀರೇನ ಜಾಡ ಚಾದರೇತಿ ಬುರನ್ ಬಿ ಸಳಕಮ್ ಕಮ್ ವಚ .|ಹೆಣಾನ ಘಪ್ಪ ಮಾಯಿತಿ ಶಿಕಜೋಣ ಕಮ್ ವಚ .
ಆರೋಗ್ಯವು ಅವರ ಶಕ್ತಿ ಮತ್ತು ಉತ್ಪಾದಕ ಕೆಲಸವನ್ನು ಉತ್ಪಾದಿಸುವ ಸಾಮರ್ಥ್ಯದ ಅಳತೆಯಾಗಿದೆ .|ಆರೋಗ್ಯ ವುನೆರ್ ಶಕ್ತಿ ಅನ ಉತ್ಪಾದಕ ಕಾಮ ಕರೆರ ಕ್ಷಮತೆರ ಮಾಪ್ ಚ .|ಆರೋಗ್ಯ ವುನೆರ್ ಶಕ್ತಿ ಅನ ಉತ್ಪಾದಕ ಕರೆರ್ ಸಾಮರ್ಥ್ಯ ಚ .
ಆದಾಗ್ಯೂ, ಕೆಲವು ವೃದ್ಧರು ತಮ್ಮಲ್ಲಿ ಹಿಂದೆ ಸಾಕಷ್ಟು ಅಪರಾಧಗಳು ನಡೆದಿವೆ ಎಂದು ಒಪ್ಪಿಕೊಳ್ಳುತ್ತಾರೆ .|ದಸೆಕ್ ಡಾವ್ ಮಾಣಸ ಲಾರ್ ವೂನುಮ ಘಣ ಅಪರಾಧ ವೇಮಲೇಚ ಕೇನ ಸ್ವೀಕಾರ್ ಕರಚ .|ಅತೋಬಿ ಬುಡ್ ಮಾಣಸ್ ವೂನೂರ್ ಲಾರ್ ಅಪರಾಧ ಚಾಲರಿಚ ಕೇನ ವೊಪ್ಪಚ .
ಆ ಅವಧಿಯೊಳಗೆ ತಮ್ಮ ನಿರ್ಧಾರವನ್ನು ಸಂದೇಶವಾಹಕರ ಮೂಲಕ ತಿಳಿಸುವುದಾಗಿ ಭರವಸೆ ನೀಡಿದರು .|ವು ವುತ್ರಾ ಸಮಯ ಮ ವುನೆರ್ ನಿರ್ಣಯ ಏಕ್ ಮಾಣಸೇನ ಕೇನ್ ಮೇಲಾಚಾ ಕೇನ್ ಭರೋಸಾ ದಿನೋ .|ವೊ ಅವಧಿಮ ವೂನೂರ ನಿರ್ಧಾರ ಕೇನ ಏಕ್ ನಿರ್ಣಯ ದಿನೋ .
ಥಾಮ್ಸನ್ ಪ್ರಕಾರ ಈ ವರ್ಗದ ಕಥೆಗಳು ಸಾಂಪ್ರದಾಯಿಕ ಜಾನಪದ ಸಾಹಿತ್ಯದಲ್ಲಿ ಜನಪ್ರಿಯವಾಗಿಲ್ಲ .|ಥಾಮ್ಸನೇರ ಪ್ರಕಾರ ಏ ವರ್ಗೆರ ಸಾಕಿನೊ ಸಾಂಪ್ರದಾಯಿಕ್ ಜನಪ್ರಿಯ ಸಾಹಿತ್ಯ ಮ ಜನಪ್ರಿಯ ಛೆನಿ .|ಥಾಮ್ಸನೇರ ಪ್ರಕಾರ ಏ ವರ್ಗೆರ ಸಾಕಿನುನ ಸಾಂಪ್ರದಾಯಿಕ ಜಾನಪದ ಸಾಹಿತ್ಯ ಮ ಜನಪ್ರಿಯ ಛೆನಿ .
ವರ್ಷಕ್ಕೊಮ್ಮೆ ಆಕೆಯನ್ನು ಪೂಜಿಸಿದರೆ ಭೂಮಿಯ ಫಲವತ್ತತೆ ಹೆಚ್ಚುತ್ತದೆ ಎಂದು ನಂಬುತ್ತಾರೆ .|ವರ್ಸೆಮ್ ಏಕ್ ವಣಾ ವೊರ್ ಪೂಜಾ ಕಿದೇತೋ ವು ಜಮೀರ್ ಫಲವತ್ತತೆ ಜಾಸ್ತ್ ಕರಚ ಕೇನ ವೊ ನಂಬಚ .|ವರ್ಸೆಮ್ ಏಕ್ ವಣಾ ವೋರ ಪೂಜಾ ಕಿದೆ ಕತೋ ಜಮಿ ಜಾಸ್ತ್ ಫಲತೆ ಮಳಚ ಕೇನ ನಂಬಚ .
ಅವನ ಅದ್ಭುತ ಶಕ್ತಿಯನ್ನು ತಿಳಿದುಕೊಳ್ಳಲು ಅನೇಕ ಜನರು ತಮಾಷೆಗಳನ್ನು ಆಡಲು ಪ್ರಾರಂಭಿಸಿದರು .|ವೋರ ಚಮತ್ಕಾರಿ ಶಕ್ತಿನೋ ಮಾಲಮ್ ಕರೆರ ವಾಸ ಘಣ ಮಾಣಸ್ ಮಜಾಕ್ ಕರೆ ಲಗೇ .|ವು ವೋರ ಅದ್ಭುತ ಶಕ್ತಿ ಮಾಲಮ್ ವೇರ್ ವಾಸ ಕತ್ರಾಕೋ ಮಾಣಸ್ ಮಜಾಕೆನುನ ರಮ್ಮೆರ್ ಚಾಲು ಕಿದೆ .
ಅದೇ ಜೀವ್ ಒಬ್ಬ ವ್ಯಕ್ತಿಯ ಪುನರ್ಜನ್ಮ ಅಥವಾ ಸ್ಥಳಾಂತರಕ್ಕೆ ಕಾರಣವಾಗಿದೆ .|ವು ಜೀವ್ ಏಕ್ ಮಾಣಸೇರ್ ಪುನರ್ಜನ್ಮ ಅನ ಸ್ಥಳಾಂತರೇರ್ ಕಾರಣ್ ಚ .|ವೊಜ ಜೀವನ್ ಏಕ್ ಜಾಗರ್ಮ ನಿಕಾಣಿ ಜಾಗೆನ್ ಕಾರಣ ಛ .
ಅಳುವವರ ಹಣೆಬರಹವನ್ನು ನೋಡುವುದೇ ದಯನೀಯ ದೃಶ್ಯ .|ರೊವುಕರ ಜೇನ ದೇಕೆರೊ ಏಕ ದಯನೀಯ ದೃಶ್ಯ ರಚ .|ರೋಯೆವಾಳೆರ ಪೀಸಾ ಆಯೆರೋ ಜೋಣ ದಯಾನಿರ ದೃಶ್ಯ ಚ .
ನಿಮ್ಮಿಬ್ಬರಿಗೂ ವಾರ್ಷಿಕೋತ್ಸವದ ಶುಭಾಶಯಗಳು .|ತಮೆನ್ ದೊಯೀನ ವಾರ್ಷಿಕೋತ್ಸವರ ಶುಭಾಶಯ .|ತಮೆನ್ ದೊಯೀನ ಹಾರ್ಷಿಕ ಸವಾರೇರ್ ಸಭಾಶಯ .
ಹುಮಾಯೂನನ ಆಸ್ಥಾನದಲ್ಲಿ ಸೇವಕನಿಗೆ ಆಹಾರವನ್ನು ತಿನ್ನುವಂತೆ ಮಾಡಲಾಯಿತು .|ಹುಮಾಯುನೇರ ದರ್ಬಾರೇಮ ಸೇವಕೇನ ಖಾಣೊ ಖರಾತೇತೆ .|ಹುಮಾಯೂನರ ಆಸ್ಥಾನ ಖಾಯೇನ ಖಾಣೊ ಖಾಯೇ .
ಇದು ಸ್ವಾಭಾವಿಕವಾಗಿ ದೇಶದಾದ್ಯಂತ ಕ್ರೋಧವನ್ನು ಉಂಟುಮಾಡಿತು .|ಈ ಸ್ವಾಭಾವಿಕವಾಗಿ ದೆಶೆಮಾಯಿ ಕ್ರೋಧ ಜಾಸ್ತಿ ಕಿದಿಚ .|ಈ ಸ್ವಾಭಾವಿಕ ದೆಶೆಮಾಯಿ ರಿಸೆಮ್ ರೋತೊ .
ಸಂಜೆ ವೇಳೆಯಲ್ಲಿ ಮಹಿಳೆಯರು ತಮ್ಮ ಕುಟುಂಬದವರಿಗಾಗಿ ಹೊಸ ಉಡುಪನ್ನು ಹೊಲಿಯುತ್ತಾರೆ .|ಸಾಂಜ ವಣಾ ಬಾಯಿಗೋಳೇ ಘರೇರ್ ಮಾಣಸೆರ್ ವಾಸ್ ನವ ಸೆಮಾನ್ ಸಿಡಚ .|ಸಾಂಜ ವಣಾ ಬಾಯಿಗೋಳೇ ವೂನೂರ್ ಪರಿವಾರೇನ ವಾಸ ಏಕ್ ನವೋ ಜಿಗಲಾ ಪೇರಚ .
ನಾವು ವಿಭಿನ್ನ ಆಲೋಚನಾ ಪ್ರಕ್ರಿಯೆಯನ್ನು ಹೊಂದಿದ್ದೇವೆ ಎಂದು ಗಂಗಾ ಹೇಳಿದ್ದಾರೆ .|ಹಮಾರ್ ನಾಳಿ ಯೋಚನೆ ಕ್ರಮಾ ಛ ಕರನ್ ಕಿಚ ಗಂಗಾ .|ಹಮಾರ್ ನಾಳಿ ನಾಳಿ ವಿಚಾರ್ ಪ್ರಕ್ರಿಯಾ ಚ ಕೇನ ಕೇಚ .
ಈ ಮೂವರು ಸ್ತ್ರೀ ದೇವತೆಗಳು ಬ್ರಾಹ್ಮಣನ ಮೂವರು ಪುತ್ರಿಯರೆಂದು ಭಾವಿಸಲಾಗಿದೆ .|ಈ ತೀನಿ ಹೆಣ್ಣ್ ದೇವೀನುನ ಬ್ರಾಹ್ಮಣೇರ್ ತೀನ್ ಬೇಟಿವೋ ಚ ಕೇನ ಸಮ್ಜಚ .|ಏ ತೀನ ಬೇಟಾನೊ ಬ್ರಾಹ್ಮಣ ಭ್ರಾಹ್ಮಣ ಚ ಕೇನ ಅನಸಾವಚ .
ಪಾಳ್ಯಂಪಲ್ಲೆ ಗ್ರಾಮದಲ್ಲಿ ನಲ್ವತ್ತೇಳು ಮನೆಗಳಿದ್ದವು .|ಪಾಳ್ಯಂಪಲ್ಲೆ ಗಾಮೇಮ ಘರೇರ ಸರಾಸರಿ ಆಕಾರ ಚಾರ್ ಸೆ ಅಸ್ಸಿ ಸಾತ ವೇತ್ತೋ .|ಪಾಳ್ಯಂಪ ಗಾಮೇಮ ವೇತ್ತಿ .
ಸಹೋದರರ ಮಗ ಲಭ್ಯವಿಲ್ಲದಿದ್ದರೆ ಅವರು ತಮ್ಮ ಸ್ವಂತ ಕುಲದ ಯಾವುದೇ ಹುಡುಗನನ್ನು ಇಷ್ಟಪಡುತ್ತಾರೆ .|ಅಗರ್ ಭಾಯಿರ ಬೇಟಾ ನ ರೇ ಕತೋ ವೂನೂರ ಕುಲರ ಏಕಾದ ಛೋರಾನ್ ಗೋದ ಲಚ .|ಭಾಯೀರ ಬೇಟಾ ನ ಮಳೆನೀ ಕತೋ ವೊ ವೂನೂರ್ ಸ್ವಂತ ಕುಲ ಪಸಂದ್ ಚ .
ಮದುವೆಯ ನಂತರ ವಧು ಮತ್ತು ವರನಿಗೆ ಅರಿಶಿನ ಪುಡಿಯನ್ನು ಸಿಂಪಡಿಸಲಾಗುತ್ತದೆ .|ವಾಯಾ ವೆಜಾವ ಜೇರ ಪಚ ಯೆತಡು ಅನ ನವಲೇರಿರ ಪರ ಹಳದ ಛಣಕಚ .|ವಾಯಾರ್ ಲಾರ್ತಿ ನವಲೆರಿ ಹಳದ್ ದಚ .
ನಾನು ನನ್ನ ಬ್ಯಾಗ್ ಅನ್ನು ನನ್ನ ಕಛೇರಿಯಲ್ಲಿ ಇಟ್ಟೆ .|ಮ ಮಾರ್ ಬ್ಯಾಗ್ ಆಫೀಸೆಮ ಛೋಡಮಲೋಚು .|ಮ ಮಾರ್ ಬ್ಯಾಗ್ ಮಾರ ಛಿ ಮಾಯಿ ಮೇಲೋ .
ಕೆಳಗಿನ ದವಡೆಯ ವಿಸ್ತರಣೆಯು ಎಲ್ಲಾ ಸಂದರ್ಭಗಳಲ್ಲಿ ಇರುವುದಿಲ್ಲ .|ಹೇಟೆರ ಜಾಬಡಿ ಸೇರ ವೇತ್ತಿ ಕೋನಿ .|ಹೆಟೆನ ಡೋಲಾನ ಸೇಜ್ ಸಂದರ್ಭೆಮ ರೇನಿ .
ಅವರು ಮನವೊಲಿಸುವಲ್ಲಿ ಯಶಸ್ವಿಯಾದರು, ಅವರ ವಿಮರ್ಶಕರು .|ವನೂರ್ ಮನಸ್ ವಲಸಾಯೆಮಾಯಿ ಗೆದ್ದಗೆಚ್ .|ವೊ ಮನಸ್ ವಲಸಾಯೇಮ ಸಫಲತೆ ಅನ ವುನೇರ್ ವಿಶ್ಯಕ್ ಚ .
ಎಲ್ಲೆಲ್ಲಿ ಸಾಧ್ಯವೋ ಅಲ್ಲೆಲ್ಲಾ ಶಿಕ್ಷಣ ಸಂಸ್ಥೆಗಳನ್ನೂ ಆರಂಭಿಸಬೇಕು .|ಕತ್ ಸಾಧ್ಯ ವ ಜತ್ ಶಿಕ್ಷಣ ಸಂಸ್ಥೆ ಚಾಲು ಕರನು .|ಅತ್ರಾಯಿ ಮಾಯಿ ಸಾಧ್ಯ ವತ್ತಕ್ ಶಿಕ್ಷಣ ಸಂಸ್ಥೆನುನ ಚಾಲು ಕರನು .
ಅವರ ಪ್ರತ್ಯೇಕತೆಯ ಕಾರಣದಿಂದ ಕೆಲವು ವಿಷಯಗಳಲ್ಲಿ ಹೆಚ್ಚಿನ ಜನರು ತುಂಬಾ ಬಡವರಾಗಿದ್ದಾರೆ .|ವೂನೂರ್ ಪ್ರತ್ಯೇಕತೆರ್ ಕಾರಣ್ ಘಣ್ ಮಾಣಸ್ ಗರೀಬ್ ಚ .|ವೂನೂರ್ ಅಲಗ್ ಮಾಣಸ್ ಕತೆರ್ ಕಾರಣ್ ತಿ ಘಣ್ ಮಾಣಸ್ ಗರೀಬ್ ಚ .
ಅನೌಪಚಾರಿಕ ಸಾಮಾಜಿಕ ಭೇಟಿಗಾಗಿ ಪುರುಷರು ಅಪರೂಪವಾಗಿ ಮುಖ್ಯ ಹಳ್ಳಿಗೆ ಹೋಗುತ್ತಾರೆ .|ಅನೌಪಚಾರಿಕ ಸಾಮಾಜಿಕ ಭಳೆನ ಮಾಟಿನೊ ಏಕಾದ್ ಸಲಾ ಜಾವಚ .|ಅನೌಪಚಾರ ಸಾಮಾಜಿಕ ಭಳೆ ಸಾರು ಮಾಟಿನೊ ಘಣ್ ಮುಖ್ಯ ರೂಪೇಮ ಜಾವಚ .
ಪ್ರಧಾನಿ ಮತ್ತು ರಾಷ್ಟ್ರಪತಿಗಳು ವ್ಯತಿರಿಕ್ತ ಅಭಿಪ್ರಾಯಗಳನ್ನು ಹೊಂದಿದ್ದಾರೆ .|ಪ್ರಧಾನಮಂತ್ರಿ ಅನ ರಾಷ್ಟ್ರಪತಿರ ನಾಳಿ ನಾಳಿ ವಿಚಾರ್ ಚ .|ಪ್ರಧಾನಿ ಅಜಿ ರಾಷ್ಟ್ರಪತಿವಾಳ್ ಅಭಿಪ್ರಾಯ ರಚ .
ಅವರ ಗುಡಿಸಲುಗಳ ಛಾವಣಿಯಿಂದ ನೀವು ಹುಲ್ಲು ತೆಗೆಯಬಹುದು .|ತಮ್ ವೂನೂರ್ ಝುಪಡಿರ ಪರತಿ ಖಡ ಲೆ ಸಕೋಚೊ .|ತು ಝುಪಡಿರ ಛಾವಮಾಯಿತಿ ಖಡ ಸಕೇಚಿ .
ಮಹಾರಾಷ್ಟ್ರವು ಬಲಿಷ್ಠ ಮತ್ತು ಸ್ಥಿರ ಸರ್ಕಾರವನ್ನು ಪಡೆಯುತ್ತದೆ .|ಮಹಾರಾಷ್ಟ್ರ ಬಲಿಷ್ಠ ಅನ್ ಸ್ಥಿರ ಸರ್ಕಾರ್ ರಚ್ .|ಮಹಾರಾಷ್ಟ್ರೀಯ ಬಲಿಷ್ಠ ಅನ ಸ್ಥಿರ ಸರ್ಕಾರ್ ಲಚ .
ನನ್ನ ಅಶ್ವಸೈನ್ಯವನ್ನು ನಾನು ಎಲ್ಲಿ ಕಂಡುಕೊಳ್ಳುತ್ತೇನೆ ಎಂಬುದನ್ನು ಅದು ಒದಗಿಸಿದೆ .|ಯೇತಿ ಮನ ಮಾರ ಘೊಡೆರ ಸೇನಾ ಕತ್ ಚ ಕೇನ ಮಾಲಮ್ ವಚ .|ಮ ಮಾರ ಅಶ್ನಾ ಸೇನಾರ ಕತ್ ಮಳಚ ಕೇನ ವು ಅನಸಾಯಿ .
ಸಮುದಾಯದ ಶ್ರೇಯೋಭಿವೃದ್ಧಿಗಾಗಿ ತಮ್ಮ ಜೀವನವನ್ನೇ ಮುಡಿಪಾಗಿಟ್ಟರು .|ವು ಸಮಾಜೇರ ಕಲ್ಯಾಣೇರ ವಾಸ ವೊರ ಪ್ರಾಣೇರ ಆಹುತಿ ದಿನೋ .|ಸಮುದಾಯರ ಶ್ರೇಭಿರುದ್ಧಿ ಸಾರು ವನೂರ್ ಜೀವನ್ ಮುರ್ಪಿತ ಕಿದೋ .
ಹಸಿರು ಹುಲ್ಲಿನ ಕಾಡು ಬೆಳವಣಿಗೆಯಂತೆ ತಂದೆಯ ಮನೆಗಳು ಅರಳಬೇಕು .|ಹರೋ ಖಡ ಕು ಫೇಲ ಜು ಮಾರ್ ಬಾಪುರ ಘರ್ ಫೇಲನು .|ಹರೋ ಖಡೇರ್ ಬೆಳವಣಿಗೆ ಬಾಪುರ ನಾಯಿ ಬಾಪುರ ಘರ ಕರನು .
ಸೇವಕನು ಹಾಡಿದ ಹಾಡನ್ನು ನಗರದ ರಾಜ ಮೆಹ್ತಾ ಕೇಳಿದನು .|ಸೇವಕ ಗೀದಗಾರೊ ಜೆ ಗೀದೇನ ಗಾಮೇರ ರಾಜಾ ಮೆಹತಾ ಸಾಮಳೋ .|ಸೇವಕ ಗೀದಗಾವ ಜೋಣ ಗಾಮೇರ ರಾಜಾ ಮೆಹತಾ ಸಾಮಳೋ .
ನಂತರದ ದಿನಗಳಲ್ಲಿ ಅವರನ್ನು ಇಡೀ ತಾಲೂಕಿಗೆ ಉಸ್ತುವಾರಿ ವಹಿಸಲಾಯಿತು .|ಲಾರ್ತಿರ ದಾಡೆಮ ವೊನ ಪೂರಾ ತಾಲುಕೇರ ಉಸ್ತುವಾರಿ ದಿನೆ .|ಲಾರ್ತಿ ವೂನುನ ಪೂರಾ ದಾಡೆ ಮಾಯಿ ನೂರಿಗೆ .
ಒಪ್ಪಂದದಲ್ಲಿ ಸೂಚಿಸಿದಂತೆ ಅವನು ತನ್ನ ತಂದೆಗೆ ನಿರ್ದಿಷ್ಟ ಮೊತ್ತವನ್ನು ನೀಡುತ್ತಾನೆ .|ಒಪ್ಪಂದ ಕರಮಲ್ ಜು ವು ವೊರ್ ಬಾಪೇನ ದಸೆಕ್ ಪೀಸಾ ದಚ .|ಒಪ್ಪಂದ ಕಿದೆ ಜು ವು ವೊರ್ ಬಾಪೇನ ಪೀಸಾ ದಚ .
ಹಿಂದಿ ಸಿನಿಮಾಗಳನ್ನು ನೋಡುವುದಕ್ಕಾಗಿ ಹತ್ತಿರದ ನಗರಗಳಿಗೆ ಹೋಗುತ್ತಾರೆ .|ವೊ ಹರ್ ಕನ್ನಾಯಿ ಕನ್ನೆರ್ ಗಾಮೇನ್ ಹಿಂದಿ ಪಿಚ್ಚರ್ ದೆಕೇನ್ ಜಾವಚ .|ಹಿಂದಿ ಪಿಚ್ಚರ್ ದೆಕೇನ್ ಕನ್ನೆರ್ ವಾಸ ಕನ್ನೆರ್ ಗಾಮೇನ್ ಜಾವಚ .
ವ್ಯಾಯಾಮವು ನಿಮ್ಮ ಪ್ರತಿರಕ್ಷಣಾ ವ್ಯವಸ್ಥೆಯನ್ನು ಬಲಪಡಿಸುತ್ತದೆ .|ವ್ಯಾಯಾಮೇತಿ ತಮಾರ್ ರೋಗ ನಿರೋಧಕ ಶಕ್ತಿ ಜಾಸ್ತ್ ವಚ .|ವ್ಯಾಯಾಮ ತಮಾರ್ ಪ್ರತೀಟ್ ವ್ಯವಸ್ಥೆ ಕರಚ .
ದೊಡ್ಡ ಸೊಳ್ಳೆಗಳು ಅರಮನೆಯಲ್ಲಿ ಮುಕ್ತವಾಗಿ ಚಲಿಸುತ್ತವೆ ಎಂದು ಅವರು ಹೆದರುತ್ತಿದ್ದರು .|ವೊ ಮಹಲೆಮ ಮೋಟಿ ಮೋಟಿ ಮಾಚರೇ ದೇಕನ ಚಮಕೆ .|ವೊ ಏಕ ಮೊಟ ಮಾಚರೇರ ಮಹಲೆಮ ತೊಡಜಾವಚ ಕೇನ ಚಮಕಚ .
ಮೋಹನನು ಕಳ್ಳನ ಕುತ್ತಿಗೆಯನ್ನು ಮುರಿದು ಬಿಟ್ಟನು .|ಮೋಹನ ಚೋರೇರ ಗದಡಿಜ ತೊಡನಾಕೋಚ .|ಮೋಹನ್ ಚೋರೆರ್ ಚೋಡ್ಡಿನ್ ಚೋಡನಾಕಿ .
ನಾನು ಮನನೊಂದಿರಬಹುದು, ಆದರೆ ಅದು ನನ್ನ ಉದ್ದೇಶವಾಗಿರಲಿಲ್ಲ .|ಮಾರ್ ಮನ್ಸೇನ್ ದುಃಖ್ ವೇಮಲಿಚ್ ಪಣ ಉ ಮಾರ್ ಉದ್ದೇಶ ವೇತ್ತಿಕೋನಿ .|ಮ ಮಾರ್ ಘರೇರ್ ಜೋಡಿ ವೇಣು ಪಣ ವು ಮಾರ್ ಉದ್ದೇಶ ವೇತ್ತಿ ಕೋನಿ .
ಈ ಕೆಲವು ಸಂದರ್ಭಗಳಲ್ಲಿ ಹುಡುಗರು ಮದುವೆಗಾಗಿ ತಮ್ಮ ಪೋಷಕರಿಂದ ದೂರವಾಗುತ್ತಾರೆ .|ಏಕ್ ಏಕ್ ವಣಾ ಛಿಜ್ಯಾಪರ್ ವಾಯಾರ್ ವಾಸ್ ಮಾ ಬಾಪೇತಿ ದೂರ್ ವಚ .|ಏಕ್ ಏಕ್ ವಣಾ ಛಿಜ್ಯಪರ್ ವಾಯಾ ಕರೆರ ವಾಸ ವೊರ್ ಮಾ ಬಾಪೇತಿ ಘಣ್ ದೂರ್ ವಚ .
ಈ ವಿಡಿಯೋ ಸಾಮಾಜಿಕ ಜಾಲತಾಣಗಳಲ್ಲಿ ವೈರಲ್ ಆಗುತ್ತಿದೆ .|ಈ ವಿಡಿಯೋ ಸಾಮಾಜಿಕ ಜಾಲತಾಣೆಮಾಯಿ ವೈರಲ್ ವೆರಿಚ್ .|ಈ ವಿಡಿಯೋ ಸಾಮಾಜಿಕ ಜಾಲತಾಣೆಮಾಯಿ ವೈರಲ್ ವೆರಿಚ .
ಸರ್ಕಾರವು ಆಡಳಿತದ ಮೇಲಿನ ನಿಯಂತ್ರಣವನ್ನು ಕಳೆದುಕೊಂಡಿದೆ .|ಸರ್ಕಾರ್ ಆಡಳಿತ ಪರೇರ್ ಲಗಾಮ್ ಗಮಾ ಲಿದಿ ಚ .|ಸರ್ಕಾರ್ ಆಡಳಿತ ಉಪ್ಪರೆರ್ ನಿಯಂತ್ರ ಗಮಾಲಿದೆಚ .
ಈ ಪಾರ್ಸೆಲ್ ಅನ್ನು ಅಂಚೆ ಕಚೇರಿಗೆ ತೆಗೆದುಕೊಂಡು ಹೋಗಿ .|ಈ ಪಾರ್ಸಲೆನ್ ಅಂಚೆ ಕಚೆರಿನ್ ಲೇಜಾವೋ .|ಈ ಪಾರಸಲ್ ಇಂಚ್ ಆಫೀಸ್ ಲೇತಾಣಿ ಜೋ .
ಅವರು ಕುಟುಂಬದ ಆರ್ಥಿಕ ಸದೃಢತೆಯ ಬಗ್ಗೆ ವಿವರಗಳನ್ನು ತಿಳಿದುಕೊಳ್ಳಲು ಬಯಸಿದ್ದರು .|ವು ವೊ ಪರಿವಾರೇರ್ ಆರ್ಥಿಕ ಸ್ಥಿತಿರ್ ಬಗ್ಗೆ ಮಾಲಮ್ ವೇರ್ ಚಾವರೊತೊ .|ವು ವೂನೂರ ಪರಿವಾರೇರ ಆರ್ಥಿಕ ಸೃಡತೆರ ಬಗ್ಗೆ ಮಾಲಮ್ ಕರೆರ್ ಚಾವರೊತೊ .
ಎಂಟು ಮನೆಗಳು ಟಾರ್ಚ್ ದೀಪಗಳನ್ನು ಹೊಂದಿದ್ದವು .|ಆಂಟ ಘರೇನುಮ ಟಾರ್ಚ್ ಲೈಟ್ ವೇತ್ತಿ .|ಆಟು ಘರೆಮ್ ಟ್ರಾಣ ಚಹ್ವಾಣ ವೇತ್ತಿ .
ಈರುಳ್ಳಿ ಮತ್ತು ಕ್ಯಾರೆಟ್ ಅನ್ನು ಸಣ್ಣ ತುಂಡುಗಳಾಗಿ ಕತ್ತರಿಸಿ .|ಕಾಂದಾ ಅನ ಗಾಜರೆರ್ ನಾಣಕ್ಯ ಟುಕಡಾ ಕಾಟೊ .|ಕಾಂದಾಾ ಅನ ಗಾಜರ್ ನಾಣಕ್ಯ ಟುಕಡಾ ಕಾಟೊ .
ಕುದಿಯುವ ನಂತರ ಅವರು ಸ್ವಲ್ಪ ಮೆಣಸಿನ ಪುಡಿಯನ್ನು ಸೇರಿಸುತ್ತಾರೆ .|ಉಕಳ ಜೆರ್ ಪಚ ವೊಮ ದಸೆಕ್ ಖೋಡಿ ಘಾಲಚ .|ಉಕಳ ಜೆರ್ ಪಚ ವೊಮ ದಸೆಕ್ ಖೋಡಿ ಘಾಲಚ .
ಅವಳು ಅದ್ಭುತವಾದ ಬಣ್ಣದ ಕನ್ನಡಿಯ ಲಂಗ ಅನ್ನು ಹೊಂದಿದ್ದಾಳೆ .|ವೋರ್ ಕನ ಏಕ್ ಶಾನದಾರ ಕಾಚೇರೋ ಘಾಗರೋ ಚ .|ವೊರ್ ಕನ್ನ ಏಕ್ ಅದ್ಭುತ ರಂಗೇರ್ ಕಾಚೆ ಚ .
ಕ್ಯಾನ್ಸರ್ ರೋಗಿಗಳಿಗಾಗಿ ಮಹಿಳೆ ತನ್ನ ಕೂದಲನ್ನು ದಾನ ಮಾಡಿದಳು .|ಕ್ಯಾನ್ಸರ್ ಪೆಸೆಂಟೆನ ಬಾಯಿ ವೋರ ಲಟ್ಟಾ ದಾನಾ ಕಿದಿ .|ಕ್ಯಾನ್ಸರ್ ರೋಸಾರು ಬಾಯಿಗೋಳೆ ವೋರ ಲಟ್ಟಾನ ಕಿದಿ .
ಕುರಿಮರಿಯ ಕತ್ತರಿಸಿದ ಕತ್ತನ್ನು ಸ್ನಾನದ ಕೋಣೆಯಲ್ಲಿ ಎಸೆದಿದ್ದೇನೆ .|ಮ ಮಿಂಡಿರ ಪಿಲ್ಲಾರ ಕಾಟಮಲೆ ಜೋಣ ನಡ್ದಿನ ಬಾತ್ರೂಮೆಮ ಫೇಕಮಲೋಚು .|ಮಿಂಡಿರ ಪಿಲ್ಲಾ ಕಾಟಮಲ ಜೋಣ ಮಿಂಡಿರ ಪಿಲ್ಲಾ ಮ ಫೆಕಿ .
ಅವರಲ್ಲಿ ಹೆಚ್ಚಿನ ಜನರು ವ್ಯಾಪಾರಿಗಳಾಗಿದ್ದಾರೆ ಒಂದು ಸ್ಥಳದಿಂದ ಇನ್ನೊಂದು ಸ್ಥಳಕ್ಕೆ ಪಯಣಿಸುತ್ತಾರೆ .|ವುನುಮ್ ಜಾಸ್ತ್ ಮಾಣಸ್ ವ್ಯಾಪಾರಿ ವೇಮಲೆಚ ಅನ ಏಕ್ ಜಾಗಾತಿ ದೂಸರ್ ಜಾಗಾನ ಹಿಂಡಚ .|ವೂನುಮ ಜಾಸ್ತ್ ಮಾಣಸ್ ವ್ಯಾಪಾರಿ ವೇನ ಏಕ್ ಜಾಗೇತಿ ದೂಸರ್ ಜಾಗೇನ ಜಾವಚ .
ಅವಳ ಸಂಬಂಧಿಕರು ಮತ್ತು ಸ್ನೇಹಿತರಲ್ಲ ಏಕೆಂದರೆ ಅವರು ನಿರಾಶೆಗೊಂಡರು .|ವು ನಿರಾಸ್ ವೇತ್ತಿ ಕಾ ಕತೋ ವೋರ ಕುಣಸಿಬಿ ರಿಸ್ತೇದಾರ ಅನ ದೋಸ್ತಣೆ .|ವೋರ ರಿಸ್ತೇದಾರ ಅನ ದೋಸ್ತಣೆ ಕಾವ ಕೇನ ವು ನಿರಾಶ ವೇಗೆ .
ಆದಾಗ್ಯೂ, ಆದರ್ಶ ಮತ್ತು ನೈಜತೆಯ ನಡುವೆ ಯಾವಾಗಲೂ ದೊಡ್ಡ ಅಂತರವಿರುತ್ತದೆ .|ಅತೋ ಬಿ ಆದರ್ಶ ಅನ ವಾಸ್ತವಿಕತಾಮ್ ಕನ್ನಾಯಿಬಿ ಘಣ ಅಂತರ್ ರಚ .|ಕಾಕೋ ಆದರ್ಶ ಅನ್ ನೈಜೆರ್ ನಡು ಕನ್ನಾಯಿಭಿ ಮೋಟ್ ರಚ .
ಮದುವೆಯ ವಯಸ್ಸು ಪುರುಷರಿಗೆ ಹದಿನೆಂಟರಿಂದ ಇಪ್ಪತ್ತೈದು ನಡುವೆ ಇರಬಹುದು .|ಛೋರಾನೋ ವಾಯಾ ಕರೆರ್ ವಯಸ್ ಅಠಾರಹ್ ತಿ ಪಚ್ಚಿಸ್ ವರ್ಸ್ ಚ .|ವಾಯಾರ ವಯಸ್ ಮಾಟಿನುನ ಅಠಾರಹ್ ತಿ ಪಚ್ಚಿಸ್ ವಚ .
ಒಂದು ವಾರದಲ್ಲಿ ಫ್ಲೀಟ್ ತನ್ನ ಗಮ್ಯಸ್ಥಾನವನ್ನು ತಲುಪುತ್ತದೆ .|ಏಕ್ ವಾರೆಮಾಯಿ ಫ್ಲೀಟ್ ಓರ್ ಗಮ್ಯ ಜಾಗೇನ್ ಜಾತಾಣಿ ಪುಚಚ್ .|ಏಕ್ ವಾರೆಮ್ ಫ್ಲಿಟ್ ವೊರ್ ಜಾಗೆನ್ ಪುಚಚ .
ಆರೋಗ್ಯ ಉಪಕರಣಗಳು ಮತ್ತು ಔಷಧೀಯ ಉತ್ಪನ್ನಗಳ ಖರೀದಿಯನ್ನು ನಡೆಸಲಾಗುತ್ತದೆ .|ಆರೋಗ್ಯ ಉಪಕರಣ ಅನ ದವಾರ ಉತ್ಪನ್ನೆರ ಖರೀದಿರ ಆಯೋಜನೆ ಕರಚ .|ಆರೋಗ್ಯ ಉಪಕರಣ ಅನ ಔಷಧೇರ ಉತ್ಪನ್ ಖರೀದಿ ಕರಚ .
ಈ ಗಾಯಕರು ಮೊಘಲ್ ರಾಜರ ಆಸ್ಥಾನದಲ್ಲಿ ಪ್ರಾರ್ಥನೆ ಸಲ್ಲಿಸಿದರು .|ಈ ಗಾಯ್ಕನೋ ಮೊಘಲ್ ರಾಜಾರ ಆಸ್ಥಾನೇಮ ಪ್ರಾರ್ಥನೆ ಕಿದೆ .|ಏ ಗಾಯ ಓ ಮೊಘಲ್ ರಾಜಸ್ಥಾನೆ ಮಾಯಿ ಪ್ರಾರ್ಥನೆ ಕಿದೆಚ .
ಸಮಾರಂಭವನ್ನು ಪೂರ್ಣಗೊಳಿಸಲು ದಂಪತಿಗಳನ್ನು ಏಳು ಬಾರಿ ಬೆಂಕಿಯ ಸುತ್ತಲು ಕೇಳಲಾಯಿತು .|ಸಮಾರಂಭ ಖುಟಾಡೇನ ಜೋಡಿನ ಅಂಗಾರೆರ್ ಸುತ್ತ ಸಾತ್ ವಣಾ ಫರೆನ್ ಕೆ .|ಸಮಾರಂಭ ಪೂರಾ ಕರೆನ್ ಜೋಡಿನ ಸಾತ್ ವಣಾ ಅಂಗಾರೆರ್ ಸುತ್ತ ಫರೆನ್ ಸಾಮಳಚ .
ಸಿಹಿತಿಂಡಿಗಳು ಕದಿಯುವ ಪಂದ್ಯಕ್ಕೆ ಪುರುಷರು ಮತ್ತು ಹುಡುಗರು ತಯಾರಿಯಾಗುತ್ತಾರೆ .|ಮಿಟೋ ಖಾಣೋ ಚೊರಿ ಕರೆ ಸಾರು ಮಾಟಿ ಛೋರಾವೋ ತಯಾರ್ ವೇಮಲಚ .|ಮಿಠಾಯಿ ನೊ ಪಂದ್ಯ ಆವ ಜೋಣ ಮಾಟಿನೊ ಅನ ಛಿಜ್ಯಾಪರ ನಂಗಾವಚ .
ವಧುವಿನ ತಂದೆ ಪುರುಷರು ಮತ್ತು ಮಹಿಳೆಯರ ಗುಂಪಿನೊಂದಿಗೆ ಹೊರವಲಯಕ್ಕೆ ಬಂದರು .|ಛೋರೀರ್ ಬಾಪ್ ಮಾಟಿ ಅನ ಬಾಯಿಗೋಳೆನ ಗೋಳಾಕರನ ಭಾರ್ ಬಯಲೆನ ಬಲಾಲೆಗೊ .|ನವಲೆರಿರ್ ಬಾಪ್ ಮಾಟಿ ಅನ ಬಾಯಿಗೋಳೆರ ಜೋಡಿ ಭಾರೇರ್ ಲಯ ಪರ ಆಯೋ .
ಕುಶಲಕರ್ಮಿಗಳು ಹೊಲಿಗೆ ಯಂತ್ರವನ್ನು ಸಹ ಹೊಂದಿದ್ದಾರೆ .|ಕುಶಲಕರ್ಮಿನುನ ಸೆಮಾನ್ ಸಿಡೆರ್ ಮಿಷನ್ ಬಿ ದೇಮಲೇಚ .|ಕುಶಲಕರ್ಮಿನುನ ಪೆಹಲಿಂಮನ್ ಬಿ ಛ .
ಒಬ್ಬ ಮಹಿಳೆ ಎಲ್ಲಾ ಹೆಣ್ಣುಮಕ್ಕಳಿಗೆ ಅಥವಾ ಅವರಲ್ಲಿ ಯಾರಿಗಾದರೂ ಆಭರಣಗಳನ್ನು ನೀಡಬಹುದು .|ಏಕ್ ಬಾಯಿ ವೊರ್ ಆಭರಣ ಸೇಜ ಬೇಟಿನುನ ನಿತರ ವೂನುಮ ಕೇನಿಭಿ ಏಕ್ ಬೇಟಿನ ದೇ ಸಕಚ .|ಏಕ ಬಾಯಿಗೋಳೆ ಛೋರೀನೂರ ಸೇಜ್ ಬಾಯಿಗೋಳೆಮ ಆಭರಣ ದೇಸಕಚ .
ಜಿಲ್ಲೆಗಳಲ್ಲಿ ಕಂಡುಬರುವ ಈ ವ್ಯತ್ಯಾಸವನ್ನು ವಿವರಿಸುವುದು ತುಂಬಾ ಕಷ್ಟ .|ಜಿಲ್ಲಾನುಮ ಏರೋ ಜೆ ಏ ಅಂತರೇನ ಸಮಜೆರೋ ಘಣ್ ಮುಷ್ಕಿಲ್ ಚ .|ಜಿಲ್ಲಾ ಮಾಯಿ ಆವ ಜಕೋಣಿ ಈ ವ್ಯತ್ಯಾಸ ಕರೆರೋ ಘಣ ಕಷ್ಟಾ ಛ .
ಅವರಲ್ಲಿ ಕೆಲವರು ಅವನ ಅಲೌಕಿಕ ಶಕ್ತಿಯನ್ನು ಪರೀಕ್ಷಿಸಲು ಬಯಸಿದ್ದರು .|ವುನುಮ್ ದಸೆಕ್ ಮಾಣಸ್ ವೋರ ಚಮತ್ಕಾರಿ ಶಕ್ತಿನೂರ ಪರೀಕ್ಷಾ ಕರೆರ್ ಚಾವರೆತೆ .|ವುನೇಮ ದಸೆಕ್ ಮಾಣಸ್ ಅಲೌಕಿಕ ಶಕ್ತಿ ಕರೆರ್ ಚಾವರೊತೊ .
ಜವಾಹರಲಾಲ್ ನೆಹರು ಭಾರತದ ಮೊದಲ ಪ್ರಧಾನಿ .|ಜವಾಹರಲಾಲ್ ನೆಹರೂ ಭಾರತೇರ್ ಮೊದಲನೇ ಪ್ರಧಾನಮಂತ್ರಿ ಚ .|ಜವಾಹರಲಾಲ್ ನೆಹರರು ಭಾರತೇರ್ ಮದಲ್ ಪ್ರಧಾನಿ ಛ .
ಆಹಾರಧಾನ್ಯ ಪೂರೈಕೆಗಾಗಿ ಅಲೆದಾಡುತ್ತಿದ್ದ ವ್ಯಾಪಾರಿಗಳು .|ಆಹಾರಧಾನ್ಯರ ವಾಸ ಭಟಕರೇ ಜೋಣ ವ್ಯಾಪಾರಿ ವೆತ್ತೆ .|ಖಾಣೊ ಧಾನ್ಯ ದೇರೆ ಸಾರು ಹಿಂಡರೊತೊ .
ಚಿತ್ರದ ಬಿಡುಗಡೆ ದಿನಾಂಕವನ್ನು ಶೀಘ್ರದಲ್ಲೇ ಪ್ರಕಟಿಸಲಾಗುವುದು .|ಸಿನೆಮಾ ಕನ್ನಾ ಆವಚ್ಕರನ್ ತಾರಿಕ್ ಅಜಿ ದಸೆಕೆಮಾಯಿ ಮಾಲಮ್ ವಚ್ .|ಸಿನೆಮಾ ಬಿಡುಗಡೆ ದಿನಾಂಕ್ ಝಲ್ದಿ ಪ್ರಕಟಣೆ ಕರಣು .
ಆದರೆ ಆರು ತಿಂಗಳ ನಂತರ ಹುಡುಗ ಬಹಳ ವಿಚಿತ್ರವಾದ ಸಂದರ್ಭಗಳಲ್ಲಿ ಸತ್ತನು .|ಪಣ ಛೋ ಮೀನಾರ್ ಪಚ್ ಛೋರಾ ಘಣ್ ವಿಚಿತ್ರ ಪರಿಸ್ಥಿತಿಮ್ ಮರಗೋ .|ಪಣ ಛೋ ಮೀನಾರ್ ಪಚ್ ಛೋರಾ ಘಣ ವಿಚಿತ್ರ ಮರಗೋ .
ಕ್ರೀಡೆಗಳನ್ನು ಆಡುವುದು ದೈಹಿಕವಾಗಿ ಮತ್ತು ಮಾನಸಿಕವಾಗಿ ಸಹಾಯ ಮಾಡುತ್ತದೆ .|ಕ್ರೀಡಾ ರಮೇರೋ ಶರೀರೇನ್ ಅನ್ ಮನ್ಸೇನ್ ಠೀಕ್ ಮದತ್ ಕರಚ್ .|ಸ್ಪೋರ್ಟ್ಸ್ ರಮ್ಮೆರೋ ಅನ ಮಾನಸಿಕ ರೂಪೇತಿ ಸಹಾಯ ಕರಚ .
ಈ ಎರಡೂ ರಸ್ತೆಗಳು ರೈಲು ನಿಲ್ದಾಣಕ್ಕೆ ದಾರಿ ಮಾಡಿಕೊಡುತ್ತವೆ .|ಇನೇಮ್ ಕುಣಸಿಬಿ ರೋಡ ರೈಲ್ವೆ ಸ್ತೇಷನೇರ್ ಸಾಂವು ಜಾವಚ .|ಈ ದೊಯೀ ವಾಟ್ ನಿಲ್ದಾಣೆನ್ ವಾಟ್ ದಚ .
