english_source|lambani_target|lambani_predicted
i cried all night|ಸಾರಿ ರಾತ್ ರೋರಿತಿ.|ಮ ಸಾರಿ ರಾತ್ ರೋತೋ
we cook everyday|ಹಮ್ ದಾಡ್ಡಿ ಖಾಣೊ ಕರಾಚಾ.|ಹಮ್ ದಾಡ್ಡಿ ಖಾಣೊ ಕರಾಚಾ
books are meant for reading|ಪುಸ್ತಕ ನೊ ವೊದೇನ ರಚ.|ಪುಸ್ತಕನೋ ವೋದೇರ ವಾಸ ಚ.
do not wait for him|ವೋರ ವಾಸ ಹುಬರೋ ಮತ.|ವೋರ ವಾಸ ಹುಬರೋ ಮತ
he is so selfish|ವು ಸ್ವಾರ್ಥಿ ಚ.|ವು ಘಣ್ ಸ್ವತಂತ್ರ ಚ.
the man looked up .|ಮಾಣಸ್ ಉಪರ್ ದಿಟೊ|ಉ ಮಾಟಿ ಸಾವೂ ದೆಕ್ ರೋಚ.
do you drink milk ?|ತು ದೂದ ಪಿಯೆಚಿ ಕ?|ತು ದೂದ ಪಿಯೆಚಿ ಕ?
samu ate the apple|ಸಮು ಸೇಬು ಹಣ್ಣ ಖಾದೋ|ಸಮು ಸೇಬು ಹಣ್ಣ ಖಾದೊ.
will this be enough ?|ಈ ಧೇರ್ ವಚ ಕ?|ಈ ಠೀಕ್ ಚ ಕ?
do not push me|ಮನ ಧಖಲ್ ಮತ|ಮನ ಸತಾವೋ ಮತ್.
drive with slow speed|ಸಾವಕಾಶ್ ಗಾಡಿ ಮಾರ.|ಸಾವಕಾಶ್ ಕರ್
she came to help him|ವು ವೊನ ಸಹಾಯ ಕರೇನ ಆಯಿ|ಉ ಓನ್ ಮದತ್ ಕರೆ ಸಾರು ಆಯಿ.
you are my type .|ತು ಮಾರ್ ಸರಿಕೊ ಚಿ.|ತು ಮಾರ್ ಸರಿಕ್ ಚಿ
you did right thing .|ತು ಕಿದೋ ಜೋಣ ಠೀಕ ಚ|ತು ಠೀಕ್ ಕರ್ಲಿದೋಚಿ
ram has not called me|ರಾಮ ಮನ ಫೋನ್ ಕಿದೋ ಕೊಂತಿ|ರಾಮ್ ಮನ್ ಬಲಾಯೆಕೊಂತಿ.
they look really similar .|ವೊ ಏಕಜ ಥರಾ ದಿಕಾವಚ|ವೊ ಖರಿ ನಾಯಿ ದಿಕಾವಚ.
it is already dark .|ಅಂದರೋ ವೆಜ ಗೋಚ.|ಅಬ್ಬ ಗ್ಯಾರಾ ವೇಗಿಚ.
i have exam tomorrow .|ಮಾರ್ ಸವಾರ್ ಪರೀಕ್ಷಾ ಚ.|ಮಾರ್ ಸವಾರ್ ಪರೀಕ್ಷಾ ಚ.
the weather became warm .|ಹವಾಮಾನ ಗರಮ್ ವೇಗೋಚ|ಹವಾಮಾನ ಗರಮ್ ವೆತ್ತೋ.
samu wants to play|ಸಮು ರಮ್ಮೆನ ಚಾವಚ.|ಸಮು ನ ರಮ್ಮೆರ್ ಚಾವಚ
i need to eat .|ಮನ್ ಖಾಯೆರ್ ಚ.|ಮ ಖಾಣು.
what a good idea .|ಕತ್ರಾ ಆಚೊ ವಿಚಾರ ಚ|ಕಾಂಯಿ ಆಚೊ ವಿಚಾರ್ ಚ.
no one will know .|ಕೇನಿ ಮಾಲಮ್ ವೇನಿ.|ಕೊಯಿ ಮಾಲಮ್ ಛೆನಿ.
he is a bad teacher|ವು ಮಾಂದೊ ಗುರು ಚ.|ವು ಠೀಕ ಮಾಸ್ತರ್ ಚ.
what is he doing ?|ವು ಕಾಂಯಿ ಕರರೋಚ?|ವು ಕಾಂಯಿ ಕರ್ರೋಚ?
it is raining outside|ಭಾರ ಪಾಣಿ ಪಡರೋಚ.|ಭಾರ ಪಾಣಿ ಪಡ್ರೋಚ.
samu is a student|ಸಮು ಏಕ್ ವಿದ್ಯಾರ್ಥಿ ಚ.|ಸಮು ಏಕ್ ವಿದ್ಯಾರ್ಥಿ ಚ.
what do you mean ?|ತಾರ ಮತಲಬ್ ಕಾಂಯಿ?|ತಾರ್ ಮತಲಬ್ ಕಾಂಯಿ ಚ?
i am feeling better ?|ಮನ್ ಠೀಕ್ ಲಾಗರೋಚ.|ಮನ್ ಠೀಕ ಲಾಗರೋಚ.
samu is having fun|ಸಮು ಮಜಾ ಕರರೋಚ|ಸಮು ಪಿಚ್ಚರ ಮಜಾ ಕರರೋಚ
will you meet me ?|ತು ಮನ ಭಳೆಚಿ ಕ?|ತಮ್ ಮನ್ ಭಳೋಚೊ ಕ?
my daughter is here .|ಮಾರ್ ಬೇಟಿ ಅತ ಚ.|ಮಾರ್ ಬೇಟಿ ಅತ ಚ.
do not talk nonsense|ಬೆಕಾರ್ ವಾತೆ ಮತ್ ಕರೋ.|ಹೊಲಸ ವಾತೆ ಕರ ಮತ
she brought a plant .|ವು ಏಕ ಝಾಡ ಲಾಯಿಚ.|ವು ಏಕ ಝಾಡ ಲಾಯೋಚ
the man ate bread|ಮಾಣಸ ಬ್ರೆಡ್ ಖಾದೋ|ಮಾಣಸ್ ಬಾಟಿ ಖಾದೊ
you broke the rule .|ತು ನಿಯಮ ತೊಡೋ.|ತು ನಿಯಮ ಢಿಲ್ ತೊಡೆಚಿ
what would i wear ?|ಮ ಕಾಂಯಿ ಪೇರನು?|ಮ ಕಾಂಯಿ ಪೆರಮಲೊಚು
i had a pen|ಮಾರ ಕನ ಏಕ ಪೆನ್ ವೇತ್ತಿ.|ಮಾರ ಕನ್ನ ಏಕ ಪೆನ್ ಛ.
do you eat meat|ತಮ ಬೋಟಿ ಖಾವೊಚೊ ಕ?|ತು ಬೋಟಿ ಖಾಯೆಚಿ ಕ?
were you drinking water ?|ತು ಪಾಣಿ ಪಿರೋತೋ ಕ?|ತು ಪಾಣಿ ಪಿರೋಚಿ?
they cannot read yet .|ವುನುನ ಅಜಿ ವೊದೇನ ಆಯೆನಿ|ವೊ ಅಬೆ ವೊದೆರ್ ವೇನಿ.
what does she like ?|ವೊನ ಕಾಂಯಿ ಪಸಂದ್ ಚ ?|ವೊನ ಕಾಂಯಿ ಪಸಂದ್ ಚ?
are we working tomorrow ?|ಅಪಣ ಸವಾರ್ ಕಾಮ್ ಕರಾಚಾ ಕ?|ಅಪಣ ಸವಾರ ಕಾಮ್ ಕರಾಚಾ ಕ?
i am very tired|ಮನ್ ಘಣ ಧೇರ್ ವೇಗಿಚ.|ಮ ಘಣ ಸುಸ್ತ್ ವೇಗೋಚು.
we saw her yesterday .|ಹಮ್ ವೊನ ಕಾಲೇನ ದಿಟೆ|ಹಮ್ ವೊನ್ ಕಾಲ್ ದಿಟೆ
please tell that again .|ಕೃಪಯಾ ಅಜಿ ಏಕ ಸಲಾ ಕ.|ಕೃಪಯಾ ಅಜಿ ಏಕ್ ಸಲಾ ಕ.
samu is eating fruits|ಸಮು ಫಳ್ ಖಾರೋಚ.|ಸಮು ಫಳ್ ಖಾರೋಚ.
why are you late ?|ತಮ್ ಕಾ ತಡಾ ಕಿದೆ?|ತೋನ್ ಕಾ ತಡಾ ವೇಗಿಚ ?
you do not study .|ತು ಅಭ್ಯಾಸ ಕರ್ ಮತ|ತಮ್ ಅಧ್ಯಯನ್ ಛೆನಿ
samu has a watch|ಸಮು ರ ಕನ್ ಗಡಿಯಾರ ಚ.|ಸಮು ರ ಕನ ಗಡಿಯಾರ ಚ.
what happened last night ?|ಕಾಲೇನ ರಾತ್ ಕಾಂಯಿ ವೇಗೋಚ ?|ಕಾಲ್ ರಾತ್ ಕಾಯಿ ಯೇಜಿಚ್
i am just saying !|ಮ ಹನುಜ್ ಕೆರೋಚು.|ಮ ಅಭಾಲಿ ವಾತೆ ಕರರೊಚು.
everyone knew the song .|ಗಿದ್ ಸೆನ್ ಮಾಲಂ ಎತ್ತಿ|ಸೇರಜ್ ಗಿದ್ ಮಾಲಮ್ ಚ.
never mind their words .|ವೂನೂರ ವಾತೆ ಸಾಮಳೋ ಮತ.|ವೂನೂರ ವಾತೇತಿ ಕಾಂಯಿ ಫರಕ ಪಡೇನಿ.
i will call you .|ತೋನ ಮ ಫೋನ್ ಲಗಾಡುಚು.|ಮ ತೋನ್ ಫೋನ್ ಕರುಚು.
i have to find it|ಮ ವೊನ ಧುನ್ದಣು|ಮ ವೊನ್ ಧೂನ್ದಣು.
i will wait for you|ಮ ತಾರ ವಾಸ ಹುಬರುಚು.|ಮ ತಾರ ವಾಸ ಹುಬರುಚು
i can help you .|ಮ ತೋನ್ ಸಹಾಯ್ ಕರ್ ಸಕುಚು.|ಮ ತೋನ್ ಸಹಾಯ್ ಕರ್ ಸಕುಚು.
go out and play .|ಭಾರ್ ಜಾನ್ ರಮ್ಮ್.|ಭಾರ್ ಜಾನ್ ರಮ್ಮ
you do me wrong .|ತು ಮನ್ ಗಲತ್ ಕರೆಚಿ.|ತು ಮನ್ ಗಲತ್ ಚಿ.
do i know him ?|ಮನ್ ಊ ಮಾಲಂ ಛ ಕ?|ಮನ್ ವು ಮಾಲಮ್ ಚ ಕ?
that is not fair .|ವು ನ್ಯಾಯ ಕಾವ|ವು ಠೀಕ ಕಾವ
she picked up her hat|ವು ವೋರ ಟೋಪಿ ಪಾಡಿ|ವು ವೋರ ಟೋಪಿ ಕಾಡಿಚ.
is the apple red ?|ಸೇಬು ರಾತಡೋಚ ಕಾಯಿ ?|ಸೇಬು ಹಣ್ಣ ರಾತಡೋ ಛ ಕ?
my father is busy .|ಮಾರ್ ಬಾಪು ವ್ಯಸ್ಥ ಚ.|ಮಾರ್ ಬಾಪು ವ್ಯಸ್ಥ ಚ.
i have no idea .|ಮನ್ ಮಾಲಮ್ ಛೆನಿ.|ಮನ್ ಕಾಂಯಿ ಮಾಲಮ್ ಛೆನಿ.
i will come later .|ಮ ಲಾರ್ತಿ ಆವುಂಚು.|ಮ ಲಾರ್ತಿ ಆವುಂಚು.
what will you do ?|ತು ಕಾಂಯಿ ಕರೆಚಿ?|ತಮ ಕಾಂಯಿ ಕರೋಚೊ?
i will take it .|ಮ ವೊನ್ ಲುಚು.|ಮ ವೊನ ಲುಚು.
there is a little wind|ದಸೆಕ್ ವಾಳ ಚ|ದಸೆಕ್ ವಾಳ ದಸೆಕ್ ವಾಳ ಚ
bring sweet mangoes|ಮಿಟೋ ಅಂಬಾ ಲಾ|ಮಿಟೋ ಅನ್ನ ಅಂಬಾ ಲಾವೋ.
it is not a watch|ಈ ಗಡಿಯಾರ ಕಾವ.|ಈ ಗಡಿಯಾರ ಕಾವ.
what is happening here ?|ಅತ್ ಕಾಂಯಿ ವೆರೋಚ?|ಅತ ಕಾಂಯಿ ವೆರೋಚ.
i will not speak .|ಮ ವಾತೆ ಕರುನಿ|ಮ ವಾತೆ ಕರುನಿ
we made a mistake|ಹಮ್ ಏಕ ಗಲತಿ ಕಿದೆ|ಹಮ್ ಗಲತಿ ಕಿದೇಚಾ.
i am eating now .|ಮ ಅಬ್ ಖಾರೊಚು.|ಮ ಅಬ್ ಖಾರೊಚು.
this thing is ours .|ಈ ಸಾಮಾನ್ ಹಮಾರ್ ಛ.|ಈ ವಿಷಯ ಹಮಾರ್ ಚ
how are you feeling ?|ತೋನ್ ಠೀಕ್ ಲಾಗರೋಚ?|ತೋನ್ ಕು ಲಾಗರೋಚ?
where do you work ?|ತು ಕತ್ ಕಾಮ್ ಕರೆಚಿ?|ತು ಕಾಮ್ ಕತ್ ಕರೆಚಿ?
please speak slowly .|ಕೃಪಯಾ ಸಾವಕಾಶ್ ವಾತೆ ಕರೋ.|ಕೃಪಯಾ ಸಾವ್ಕಾಸ್ ವಾತೆ ಕರೋ.
nobody can leave now .|ಅಬ ಕೊಯಿ ಛೋಡ ಸಕ್ತಾಯೆನಿ.|ಅಬ್ ಕೊಯಿ ಛೋಡುನೀ.
god will bless them|ಭಗವಾನ್ ವನುನ್ ಆಶಿರ್ವಾದ್ ದಚ.|ಭಗವಾನ ವೋರ ಆಶೀರ್ವಾದ ದೇದ.
i had to work .|ಮನ್ ಕಾಮ್ ಕರೆರ್ ವೇತ್ತಿ.|ಮನ್ ಕಾಮ್ ಕರೆರ್ ಚ.
how is it going ?|ವು ಕು ಚಾಲರಿಚ?|ವು ಕು ಚಾಲರೋಚ?
people mostly visit here .|ಲೋಗ ಅತ ಜಾಸ್ತ ಆವಚ.|ಅತ್ತೆರ ಲೋಗ ಅತ ಭಳಚ.
i need these books .|ಮನ್ ಏ ಪುಸ್ತಕ್ ಚಾವಚ.|ಮನ್ ಏ ಪುಸ್ತಕ್ ಚಾಯ.
that will be enough|ಇತ್ರಾ ಧೇರ್ ವಚ.|ವು ಠೀಕ ವಚ
the earth is round|ಜಮಿ ಗೋಲಾಕಾರಚ|ಜಮಿ ಫರಚ
leave me in peace|ಮನ ಶಾಂತಿ ತಿ ರೇನ ದೊ.|ಮನ ಶಾಂತ್ ಛೋಡೋ.
i see a light|ಮ ವಜಾಳೋ ದಿಟೊಚು.|ಮ ದಿವೊ ಲಗಾಡ್.
please open the window|ಕೃಪಯಾ ಖಿಡಕಿ ಕಾಡೋ.|ಕೃಪಯಾ ಖಿಡಕಿ ಕಾಡ.
see you all later|ತಮೇನ ಸೇನ ಲಾರ್ತಿ ಭಳುಚು.|ತೋನ ಸೇಜ ಲಾರ್ತಿ ಭಳುಚು.
maybe another time .|ಅಜಿ ಏಕ್ ಸಲಾ.|ಬಹುಶಃ ಏತಿ ದೂಸರ್ ಏಕಾದ್ ಸಲಾ ಕ.
the tea is hot|ಚಾ ತಾತೋ ಚ.|ಚಾ ಘಣೋ ತಾತೋ ಚ
is everything ok ?|ಸೆ ಠೀಕ್ ಛ ಕ?|ಸೆ ಠೀಕ್ ಚ ಕ?
i still need work|ಮನ ಅಜಿ ಕಾಮ ಚಾವಚ.|ಮನ ಅಜಿ ಕಾಮ ಚಾವಚ.
i am not working|ಮ ಕಾಮ್ ಕರರೊಕೊಂತಿ.|ಮ ಕಾಮ ಕರರೊಕೊಂತಿ.
we want our money|ಹಮೇನ ಹಮಾರ ಪೀಸಾ ಚಾವಚ|ಹಮೇನ ಪೀಸಾ ಚಾವಚ
do what i say|ಮ ಕು ಜೋಣ ಕರ.|ಮ ಕು ಜು ಕರೋ.
his hair turned gold|ವೋರ ಲಟ್ಟಾ ಸೋನೇರ ವೇಗೆ|ವೋರ ಲಟ್ಟಾ ಸೋನೇರ ವೇಗೆ
my mother is busy|ಮಾರ ಯಾಡಿ ವ್ಯಸ್ಥ ಚ.|ಮಾರ ಯಾಡಿ ವ್ಯಸ್ಥ ಚ.
ram gave a speech|ರಾಮ ಭಾಷಣ ದಿನೋ|ರಾಮ ಏಕ ವಾತೆ ಕಿದೋ
are you happy ?|ತು ಖುಷಿತಿ ಛಿ.|ತು ಖುಷಿಮ್ ಚಿ ಕ?
that is my book|ವು ಮಾರ ಪುಸ್ತಕ್ ಚ.|ವು ಮಾರ ಪುಸ್ತಕ್ ಚ.
do not waste time|ಸಮಯ್ ಹಾಳ್ ಕರೋಮತ್.|ಸಮಯ ಹಾಳ್ ಕರ್ ಮತ್.
i caught a cold|ಮನ ಸಳಕಮ್ ವೇಗೋ|ಮನ್ ಸಳಕಮ ವೇಗಿಚ.
it is too close|ಈ ಘಣ ಕನ್ನ ಚ.|ವು ಘಣ ಕನ್ ಚ
my skin itches|ಮಾರ ಜೀವ ಖಜಾರೋಚ|ಮಾರ ಖಾಲ್ಡಿಪರ ಚ.
i saw him running|ಉ ಧಾಸ್ರೋ ಜಕೋನ್ ಮ ದಿಟೊಚು.|ವು ಭಡಕರೋ ಜೋಣ ಮ ದಿಟೋ.
my brothers and sisters|ಮಾರ್ ಭಾಯೀಓ ಮಾರ್ ಭೇನೆಓ.|ಮಾರ ಭಾಯಿ ಅನ ಭಾಯೀರ
come outside with me|ಮಾರ ಜೋಡೀ ಭಾರ ಆಜೊ.|ಮಾರ ಜೋಡಿ ಭಾರ ಆವೋ.
take this thing outside|ಏ ವಿಷಯೇನ ಭಾರ ಲೇಜಾವೋ.|ಈ ವಿಷಯ ಭಾರ್ ಲೇಜೋ.
please read this now|ವಿನತಿ ಕರುಚು ಅಬ್ಬೆ ಏನ್ ಓದೋ.|ವಿನತಿ ಕರುಚು ಅಬ್ಬೆ ಓದೋ.
mohan has one cycle|ಮೋಹನೇರ ಧಾಯೀ ಏಕ ಸೈಕಲ್ ಚ|ಮೋಹನ್ ಏಕ್ ಸೈಕಲ್ ಚ.
ask ram again later|ರಾಮೇನ ಲಾರ್ತಿ ಅಜಿ ಏಕ ಸಲಾ ಪುಚ.|ರಾಮ ಅಜಿ ಏಕ್ ಸಲಾ ಪುಚೊ.
ram called me now|ರಾಮ್ ಅಬ್ಬೆ ಮನ್ ಫೋನ್ ಲಗಾಡೋಚ.|ರಾಮ ಮನ ಅಬ್ ಬಲಾಯಿ ಚ.
ram wants good results|ರಾಮ ಆಚೊ ಪರಿಣಾಮ ಚಾವಚ|ರಾಮೇನ ಆಚೊ ಫಳ ಚಾವಚ
ram read the news|ರಾಮ ಸುದ್ದಿ ವೊದೋ|ರಾಮ ಸುದ್ದಿ ಸಾಮಳೋ.
nothing else is there|ವತ ಅಜಿ ದೂಸರ್ ಕಾಂಯಿ ಛೆನಿ.|ಅಜಿ ದೂಸರ್ ಕಾಂಯಿ ಛೆನಿ.
this area is cold|ಈ ಜಾಗ ಥಂಡಾ ಚ.|ಈ ಜಾಗಾ ಥಂಡಾ ಚ.
i have seen it|ಮ ವೊನ್ ದೀತೋ ಚು.|ಮ ಏನ್ ದಿಟೋಚು.
i study at school|ಮ ಸಾಲೀಮ ವೋದುಚು.|ಮ ಸಾಲೀಮ ವೊದೋಚು.
ram wanted to die|ರಾಮ ಮರು ಕೆರೋಚ|ರಾಮ ಮರಗಿ ಜಕೋಣ ಚಾವರೊತೊ
it might not work|ಈ ಕಾಮ ಕರ ಸಕೆನಿ.|ಈ ಕಾಮ ಕರೆನಿ.
we know this song|ಈ ಗೀದ ಹಮೇನ ಮಾಲಮ್ ಚ|ಈ ಗೀದ ಹಮೇನ ಮಾಲಮ್ ಚ
they wanted the proof|ವೂನುನ ಸಬೂತ್ ಚಾವಚ.|ವೊ ನಿಶ್ಚಿತ್ ಚಾವಚ
i saw the bus|ಮ ಬಸ್ ದಿಟೊಚು.|ಮ ಬಸ್ ದಿಟೊ.
feed the dog|ಕುತ್ರಾನ ಬಾಟಿ ಘಾಲೊ.|ಕುತ್ರಾ ನ ಬಾಟಿ ಘಾಲೊ.
would you please come here ?|ಕೃಪಯಾ ಅತ ಆವೊಚೊ?|ಕೃಪಿಯಾ ಅತ ಆಜೊ?
what did they ask for ?|ವೊ ಕಾಂಯಿ ಕೆರೇಚ?|ವೊ ಕಾಂಯಿ ಪೂಚೆ
i am feeling very hot .|ಮನ್ ಘಣ್ ಧಗಿ ಲಾಗರಿಚ.|ಮನ್ ಘಣ್ ಗರಮಿ ಚ.
i will walk after you .|ಮ ತಾರ್ ಲಾರ್ ಚಾಲುಚು.|ಮ ತಾರ್ ಲಾರ್ ಆವುಂಚು.
which is the best way ?|ಸೆತ್ತಿ ಆಚ ವಾಟ್ ಕುಣಸ್ ಚ?|ಕುಣಸ್ ತರಿಕಾ ಚ?
do not move too fast .|ಘಣ್ ಜೋರ್ತಿ ಮತ್ ಜೋ.|ಘಣ್ ಜೋರ ಜಾಮತ.
time is very precious .|ಸಮಯ ಘಣ ಕೀಮತಿ ಚ|ಸಮಯ ಘಣ ಕೀಮತಿ ಚ
the house has been sold .|ಘರೇನ್ ವೇಚನಾಕೇಚ|ಘರ್ ಘರ್ ವೆಚ್
let us meet in front .|ಮುಂಡಾಗ್ ಭಳಾ ಆವೋ.|ಅಪಣ ಮುಂಡಾಗ ಭಳೆ
all the animals ran away .|ಸೇಜ ಜಾನ್ವರ ಧಾಸಗೆ|ಸೇಜ ಜಾನ್ವರೆನುನ ಧಾಸಗೆ
it is never too late .|ಅಬ್ ಬಿ ತಡಾ ವಿಕೊಂತಿ.|ಈ ಕನ್ನಾಯಿ ಘಣ್ ತಡಾ ಕರೆನಿ.
what are you up to ?|ತಮ್ ಕಾಂಯಿ ಕರರೆಚೊ?|ತು ಕತ್ರಾನ್ ವುಟೆಚಿ?
do not forget about us !|ಹಮಾರ್ ಬಗ್ಗೆ ಭುಲಮತ್.|ಅಪಣ ಬಗ್ಗೆ ಭೂಲೋ ಮತ್.
your room is neat .|ತಾರ್ ಖೋಲಿ ಸಾಫ್ ಚ|ತಾರ್ ಖೊಲಿಮ್ ಫ್ಯಾನ್ ಛ.
what do you want now ?|ತೋನ್ ಅಬ್ ಕಾಂಯಿ ಚಾವಚ?|ತೋನ ಅಬ್ ಕಾಂಯಿ ಚಾವಚ?
he is still not well .|ವೊನ್ ಅಜಿ ಅರಾಮ್ ಛೆನಿ.|ವೊನ್ ಅಜಿ ಠೀಕ್ ಛೆನಿ.
do not forget the ticket .|ಟಿಕೆಟ್ ಭೂಲೋಮತ್.|ಟಿಕೆಟ್ ಭೂಲೋ ಮತ್.
samuu can do it|ಸಮು ವೊನ ಕರ ಸಕಚ.|ಸಮು ವೊನ ಕರ ಸಕ್ತಾವಚ
the sun will come up soon|ಸುರ್ಯಾ ಜಲ್ದಿ ಹುಟ್ಟಚ|ಸುರ್ಯಾ ಜಲ್ದಿ ಹುಟ್ಟಚ
nobody is there right now .|ಅಬ ವತ ಕೊಯಿ ಛೆನಿ.|ಅಬ್ ಸದ್ದ್ ಕೊಯಿ ಛೆನಿ.
i am hungry .|ಮನ ಭೂಕಲಾಗರಿಚ|ಮನ್ ಭೂಕಲಾಗರಿಚ.
how long is the class ?|ಕ್ಲಾಸ್ ಕತ್ರಾ ವಾಳೆರ್ ಚ?|ಕ್ಲಾಸ್ ಕತ್ರಾನ್ ಚ?
time is on our side .|ಸಮಯ ಅಪಣ ಕನ ಚ|ಅಪಣ ಸಾಂವು ಸಮಯ ಪರ್ ಚ.
i will be with you .|ಮ ತಮಾರ್ ಜೋಡಿ ರುಚು.|ಮ ತಾರ್ ಜೋಡಿ ರುಚು.
i am feeling hungry|ಮನ ಭುಕ ಲಾಗರಿಚ.|ಮನ ಭೂಕಲಾಗರಿಚ.
do not cut the tree .|ಝಾಡ್ ಕಾಟ್ ಮತ್.|ಝಾಡೇವನುನ್ ಕಾಟ್ ಮತ್.
i will meet you soon .|ಮ ತೋನ್ ಜಲ್ದಿ ಭಳುಚು.|ಮ ತಾತಿ ಜಲ್ದಿ ಭಳುಚು.
the book is behind me .|ಪುಸ್ತಕ ಮಾರ ಲಾರ ಚ|ಪುಸ್ತಕ ಮಾರ್ ಪಾಕ್ತಿಮಚ
you may take the book .|ತು ಪುಸ್ತಕ್ ಲೇ ಸಕೇಚಿ|ತು ಪುಸ್ತಕೇನ ಲೇ ಸಕೇಚಿ
i am going to bed .|ಮ ಸೊಯೆನ್ ಜಾರೊಚು.|ಮ ಸೊಯೆನ್ ಜಾರೊಚು.
i can not do it .|ಮನ್ ವು ಕರೆರ್ ವೇನಿ.|ಮನ್ ವು ಕರೆರ್ ವೇನಿ.
thank you for staying .|ರೆಗೆ ಜೇತಿ ಧನ್ಯವಾದ್.|ಧನ್ಯವಾದ್ ಜೇರ್ಸಾರು ಧನ್ಯವಾದ್.
he is a smart boy .|ವು ಛೋರಾ ಘಣ್ ಸಾಣೋಚ.|ವು ಏಕ್ ಸಾಣ ಛೋರಾ ಚ.
i think you are right .|ತು ಠೀಕ್ ಚಿ ಕೆನ್ ಮನ್ ಅನಸಾರಿಚ.|ತಮ್ ಖರೆ ಛೋ ಕರನ್ ಮ ಸಮಜು ಚು.
i learned to drive a car|ಮ ಕಾರ್ ಮಾರೆರ ಸಿಕೋ.|ಮ ಕಾರ್ ಚಲಾಯೆನ್ ಸಿಕರೋಚು.
do you want to come ?|ತೋನ್ ಆಯೆರ್ ಚ ಕ?|ತು ಆಯೆಚಿ ಕ?
he does not enjoy music .|ವೊನ್ ಸಂಗೀತ್ ಪಸಂದ್ ಛೆನಿ.|ವು ಸಂಗೀತ ಪಸಂದ್ ಛೆನಿ.
tamal is a farmar|ತಮಲ್ ಏಕ ರೈತ ಚ.|ತಮಲ್ ಏಕ ರೈತ ಚ.
samu has seen the incident|ಸಮು ಘಟನೆ ದಿಟೋಚ.|ಸಮು ವೊ ಘಟನೆ ದಿಟೋ.
can i cut the tree ?|ಮ ಝಾಡ್ ಕಾಟು ಕ?|ಮ ಝಾಡ ಕಾಟು ಕ?
he does not read books .|ವು ಪುಸ್ತಕ್ ವೊದೇನಿ.|ವು ಪುಸ್ತಕನೋ ವೋದುಚು.
she has been working hard .|ವು ಮೆಹನತೆತಿ ಕಾಮ ಕರರಿಚ.|ವು ಘಣ್ ಮೆಹನತೆ ತಿ ಕಾಮ್ ಕರ್ರಿಚ.
i am not too hot .|ಮ ಘಣ್ ಗರಮ್ ಛೆನಿ.|ಮ ಘಣ್ ಗರಮ್ ಛೆನಿ.
is it sunny outside .|ಭಾರ್ ತಾವಡೊ ಚ ಕ?|ಭಾರ್ ತಾವಡೊ ಚ.
i like your shirt|ಮನ ತಾರ ಜಿಗಲಾ ಪಸಂದ್ ಚ.|ಮನ ತಾರ ಜಿಗಲಾ ಪಸಂದ್ ಚ.
i stay outside the village .|ಮ ಹಳ್ಳಿತಿ ಭಾರ್ ರುಚು.|ಮ ಗಾಮೇತಿ ಭಾರ್ ರುಚು.
i remember your dress .|ಮನ್ ತಾರ್ ಜಿಗಲಾ ಹರ್ದೆ ಚ.|ತಾರ್ ಜಿಗಲಾ ಮನ್ ಹರ್ದೆ ರಕಾಡ್.
what are you two doing ?|ತಮ್ ದೋಇ ಕಾಯಿ ಕರೆಚೊ.|ತು ಕಾಂಯಿ ಕರ್ರೋಚಿ?
this boy has no job .|ಏ ಛೋರಾನ ಕಾಮ್ ಛೆನಿ|ಈ ಛೋರಾನ ಕಾಮ್ ಛೆನಿ
are you younger than him ?|ತು ವೊತಿ ನಾಣಕ್ಯಾ ಚಿ ಕ?|ತು ವೊತಿ ನಾಣಕ್ಯ ಚಿ ಕ?
i had a test yesterday .|ಕಾಲ್ ಮಾರ್ ಏಕ್ ಪರೀಕ್ಷಾ ವೆತ್ತೋ.|ಮಾರ್ ಕಾಲ್ ಏಕ್ ಪರೀಕ್ಷಾ ವೆತ್ತೋ.
the pool is empty|ಪೂಲ್ ಠಾಲೋ ಚ|ವಾವಡಿ ಠಾಲ ಚ.
he is collecting money .|ವು ಪೀಸಾ ಗೋಳಾ ಕರ್ರೋಚ.|ವು ಪೀಸಾ ಗೋಳಾ ಕರ್ರೋಚ.
they ran downstairs quickly|ವೊ ಜಲ್ದಿ ಹೇಟ ಧಾಸೆ|ವೊ ಜಲ್ದಿ ಧಾಸಗೆ
i have been living here .|ಮ ಅತ ರೆರೆಚು.|ಮ ಅತ ಚು.
you are gaining weight .|ತು ಜಾಡೋ ವೆರೋಚಿ|ತು ವಜನ್ ಕಮ್ ವೆರೋಚ.
yesterday is a holiday|ಕಾಲ ಸೂಟಿ ವೇತ್ತಿ.|ಕಾಲ್ ಏಕ್ ರಜಾ ಚ.
where are they staying ?|ವೊ ಕತ್ ರೆಮಲೆಚ?|ವೊ ಕತ್ ರಚ?
ram is ramu 's friend|ರಾಮ ರಾಮು ರ ದೋಸ್ತ ಚ.|ರಾಮ ರಾಮು ರ ದೋಸ್ತ್ ಚ.
i am waiting for you .|ಮ ತಾರ್ ವಾಟ್ ದೇಕರೊಚು.|ತಾರ್ ಸಾರು ವಾಟ್ ದೆಕ್ರೀತಿ.
i do not eat meat|ಮ ಬೋಟಿ ಖಾವುನಿ|ಮ ಬೋಟಿ ಖಾವುನಿ.
that is always the case .|ವು ಕನ್ನಾಯಿಬಿ ಹನುಜ್ ಚ|ವು ಕನ್ನಾಯಿಬಿ ಹನುಜ್ ಚ
i need to go outside .|ಮನ್ ಭಾರ್ ಜಾಯೆರ್ ಜರೂರತ್ ಚ.|ಮ ಭಾರ್ ಜಾಣು.
our team is very good .|ಹಮಾರ್ ಗುಂಪ ಘಣ ಆಚ ಛ.|ಹಮಾರ್ ತಂಡ ಘಣ ಆಚೊ ಛ.
get out of my sight .|ಮನ್ ದಿಕಾಮತ್.|ಮಾರ್ ಆಂಕಿತಿ ಭಾರ್ ಸರಕೋ.
my health is not good .|ಮನ್ ಅರಾಮ್ ಛೆನಿ.|ಮಾರ್ ಜೀವೇನ್ ಆಚೊ ಕಾವ.
i made a mistake .|ಮ ಗಲತಿ ಕಿದೋಚು.|ಮ ಏಕ್ ಗಲತಿ ಕಿದೋಚು.
kindly please keep quiet|ಕೃಪಯಾ ಗಪ್ ಬೆಸೊ.|ಕೃಪಯಾ ಗಪ್ ಭೇಸೊ?
it is not sunny .|ತಾವಡೊ ಛೆನಿ.|ಈ ತಾವಡೆರ್ ಕಾವ.
they are not at home .|ವೊ ಘರ್ ಛೆನಿ|ವೊ ಘರ್ ಛೆನಿ
birds can fly high .|ಪಕ್ಷಿನೋ ಉಪ್ಪರ್ ವಡ ಸಕಚ.|ಪಕ್ಷಿನೊ ಘಣ್ ವುಂಚೊ ವಡ ಸಕಚ.
we won the match .|ಹಮ್ ಮ್ಯಾಚ್ ಜೀತಾಚಾ|ಹಮ್ ಮ್ಯಾಚ್ ಜೀತಗೆ.
does she dance often ?|ವು ಕನ್ನಾ ವನಾ ನಾಚಚ್ ಕ?|ವು ಕನ್ನಾ ವನಾ ನಾಚಚ
she has wet hair|ವೋರ ಲಟ್ಟಾ ಭೀನ ಚ|ವೋರ ಲಟ್ಟಾಮಾಯಿ ಜುಂವೆ ಛ.
we are not late .|ಹಮನುನ ತಡಾ ವಿಕೊಂತಿ|ಹಮೇನ ತಡಾ ವಿಕೊಂತಿ
are you eating alone ?|ತು ಏಕ್ಲೊ ಖಾರೊಚಿ ಕ?|ತು ಏಕ್ಲೊ ಖಾರೊಚಿ?
is it raining ?|ಅಬೆ ಪಾಣಿ ಪಡರೋಚ ಕಾಯಿ ?|ಪಾಣಿ ಪಡ್ರೋಚ್ ಕ?
i love my dog .|ಮ ಮಾರ್ ಕುತ್ರಾನ್ ಘಣ್ ಪ್ರೇಮ್ ಕರುಚು.|ಮನ್ ಮಾರ್ ಕುತ್ರಾ ಪಸಂದ್ ಚ.
do you know her ?|ತೋನ ವು ಛೋರಿ ಮಾಲಮ ಚ ಕ ?|ತೋನ್ ವು ಮಾಲಮ್ ಚ ಕ?
ram is feeling guilty .|ರಾಮೆನ್ ಓರ್ ತಪ್ಪ್ ಓನ್ ಮಾಲಂ ವೆರಿಚ.|ರಾಮ ತಪ್ ಕರ್ಮೋಲೋಚು ಕರನ್ ಅನ್ಸಾವಚ.
when shall we eat ?|ಆಪಣ್ ಕನ್ನ ಖಾಮಾ?|ಅಪಣ ಕನ್ನಾ ಖಾಮಾಚಾ?
sun rose and set .|ದಾಡೋ ನಿಕಳೊ ಆ ಡುಬಗೋ|ದಾಡೋ ಡುಬಗೋ
they let him go back|ವೊ ವೊನ ಹೋಟೊ ಜಾಯೇನ ಛೋಡದಿನೇ|ವೊ ವೊನ ಹೊಟೋ ಛೋಡನಾಕೆ
please call the doctor .|ವಿನತಿ ಕರುಚು ಡಾಕ್ಟರೇನ್ ಫೋನ್ ಲಗಾಡೋ.|ಕೃಪಯಾ ಡಾಕ್ಟರೇನ ಬಲಾವೋ.
do you play cards ?|ತು ಕಾರ್ಡ್ ರಮ್ಮೆಚಿ ಕ?|ತು ಕಾರ್ ರಮ್ಮೆಚಿ?
everything has its beginning .|ಸೇನಜ್ ಶುರುವಾತ್ ರಚ.|ಸೇಜ್ ವೊರ್ ಚಾಲು ಚ.
how am i travelling ?|ಮ ಕು ಯಾತ್ರಾ ಕರರೊಚು?|ಮ ಕು ಯಾತ್ರಾ ಕರರೊಚು?
may i go home ?|ಮ ಘರೇನ್ ಜಾಉ ಸಕುಚು ಕಾಯಿ?|ಮ ಘರೇನ್ ಜಾ ಸಕುಚು ಕ?
keep healthy by eating well|ಆಚೊ ಖಾನ ಸ್ವಸ್ಥ ರೋ|ಠೀಕ ಬಾಟಿ ಖಾತಿ ಜೀವೆನ ಆಚೊ ರಚ
the plan did not work|ಯೋಜನೆ ಕಾಮ ಕಿದಿ ಕೋನಿ.|ಯೋಜನೆ ಕಾಮ ಕಿದೋ ಕೋನಿ.
ramu won the race|ರಾಮು ರೇಸ್ ಜಿತಗೊ.|ರಾಮು ಧಾಸಗಿ
where are the kids ?|ಛಿಜಾಪರ್ ಕತ್ ಛ.|ಛಿಜ್ಯಪರ್ ಕತ್ ಚ?
when was she born ?|ಊ ಛೋರಿ ಹುಯೀಜನ?|ಊ ಚೋರಾ ಹುಯೇಜನಾ?
and go for hunting|ಅನ ಯೇಡೊ ರಮ್ಮೆನ ಜೋ|ಅನ ಯೇಡೋ ರಮ್ಮ
no one knows you .|ತು ಕೆನ್ನಿ ಮಾಲಮ ಛೆನಿ.|ತು ಕೋಇ ಮಾಲಮ ಛೆನಿ.
the sky was completely dark|ಅಬಾಳೋ ಸಾರಿ ಮಾಡ ವೆರೋಚ್|ಅಬಾಳೋ ಪೂರ್ತಿ ಅಂದಾರೋ ವೇತ್ತೋ.
you are very good .|ತಮ್ ಘನ್ ಆಚೆ ಛೋ.|ತು ಘನ್ ಆಚೊ ಛಿ.
i need a plan .|ಮಾರ್ ಮಾತೆಂ ಏಕ್ ವಿಚಾರ್ ಆರೋಚ.|ಮನ್ ಏಕ್ ಯೋಜನೆ ಚಾಯ.
ramu is from odisha|ರಾಮು ಓಡಿಸಾ ರೋ ಚ.|ರಾಮು ಒಡಿಶಾ ತಿ ಚ.
that is ramesh 's dog|ವು ರಮೇಶರ ಕುತರಾಚ|ವು ರಮೇಶೇರ ಕುತ್ರಾ ಚ
enjoy your life ram .|ತಮಾರ್ ಜೀವನಾ ಮಾಯಿ ಅನಂದ್ಯೆತಿ ರೋ ರಾಮ್.|ತಾರ್ ಜೀವನನ್ ಆನಂದ್ ಲ.
does he speak english ?|ಓನ್ ಇಂಗ್ಲಿಷ್ ವತೇ ಕರೆನ್ ಆವಚ ಕಾಯಿ.|ವು ಇಂಗ್ಲಿಷ್ ವಾತೆ ಕರಚ ಕ?
we heard you talking .|ತಮ್ ವತೇ ಕರೋ ಜಾಕೋನ್ ಹಮ್ ಸಮ್ಬಲೆಚಾ.|ತಮ್ ವತೇ ಕರೋ ಜಕೋನ್ ಸಮ್ಬಲೆಚಾ.
he is a poet .|ಉ ಏಕ್ ಕವಿತಾ ಲಕೆ ವಾಲೋಚ.|ವು ಏಕ್ ಕವಿ ಚ.
he can not sing .|ಓ ಚೊರಾನ್ ಗಿದ್ಗಯೇನ್ ಆಯೆನಿ.|ವು ಗಿದ್ಗಯೇನ್ ಆಯೆನಿ.
i have warned you .|ಮ್ ತಮೆನ್ ಎಚ್ಚರಿಕೆ ದೇರಿಚು.|ಮ ತೋನ್ ಎಚ್ಚರಿಕಿ ದಿನೊಚು.
i saw a rose .|ಮ ಗುಲಾಬಿ ಫೂಲೆನ್ ಡಿಟೆಚು.|ಮ ಏಕ್ ರೋಹನ ದಿಟೊ.
count from one to ten|ಏಕೇತಿ ದಸ್ಸೆ ರ ಲಗಾ ಗಣ|ಏಕ್ ಏಕೇತಿ ದಸ್ಸೇ ಲಗಾ ಮೋಜರೋ.
answer my questions please .|ವಿನತಿ ಕರುಚು ಮಾರ್ ಪ್ರಶ್ನೆನ್ ಉತ್ತರ ದೊ.|ಕೃಪಯಾ ಮಾರ್ ಪ್ರಶ್ನೆ ರ ಉತ್ತರ ದೇಕ.
you look very bad .|ತಮ್ ಘನ್ ಮಂದ್ ದಾಖವ್ ಛೋ .|ತು ಘಣ ಮಾಂದೊ ದಿಕಾರೊಚಿ.
please come out here .|ವಿನತಿ ಕರುಚು ಯೆತ್ ಬಾಹರ್ ಆವ್.|ವಿನತಿ ಕರುಚು ಯೆತ್ ಭೇಸೋ.
you must control yourself .|ತಾಪರ್ ತೋನ್ ನಿಯಂತ್ರಣ ರೇಣು.|ತು ತಾರ್ ನಿಯಮ ಕರನು.
i saw a mouse|ಮ ಉಂದರ್ ಏನ್ ದಿಟೊಚು.|ಮ ಬೋಡಿ ದಿಟೊ.
better late than never .|ಛ ಜೇತಿ ಸಾವಕಾಸ್ ಆಯೇತೋಬಿ ಚಾಲಚ.|ಕನ್ನಾಯಿ ಬಿ ತಡಾ ವೇಗಿ ಜೋಣ ಠೀಕ್ ರಚ.
money cannot buy everything .|ಪಿಸಾತಿ ಸೇಜ್ ಮಳೆನೀ.|ಪೀಸಾ ಸೇಜ್ ಲೆರ್ ವೇನಿ.
can i try it ?|ಮ ಓನ್ ಕರೆನ್ ಪ್ರಯಾಸ ಕರು ಕಾಯಿ.|ಮ ಕೊಶಿಶ್ ಕರ ಸಕುಚು ಕ?
i developed them myself .|ವೂನುನ್ ಮಜ್ ಅಭಿವೃದ್ಧಿ ಕಿದೋಚು.|ಮ ವೂನುನ್ ಮೂನ್ ಮ ಕಿದೋಚು.
we saw the new baby|ಹಮ್ ನವೋ ಪಾಪಾನ ದೀಟೇ|ಹಮ್ ನವೀನ ಪಾಪಾ ದಿಟೆ
i lost my dog .|ಮ ಮಾರ್ ಕುತ್ರನ್ ಗಮ ಲಿದೊ.|ಮ ಮಾರ್ ಕುತ್ರ ಗಮಾಲಿದೋಚು.
is your car black ?|ತಾರ ಕಾರ್ ಕಾಳ್ ರಂಗೇರ್ ಚ ಕ?|ತಾರ್ ಕಾರ್ ಕಾಳ ರಂಗೇರ್ ಛ ಕ?
i got married last year|ಗೀಜೆ ವರಸ್ ಮಾರ್ ವಾಯ ವೇಗೋಚ.|ಮ ಅಂಗಡ್ಯಾರ್ ವರ್ಸ್ ವಾಯಾ ಕಿದೋಚು.
i have a plan .|ಮಾರ್ ಕನ ಏಕ್ ಉಪಾಯ ಛ.|ಮಾರ್ ಕನ್ ಏಕ್ ಯೋಜನೆ ಚ.
can anyone believe you ?|ತೊನ ಕೊಯಿ ತೊಯ್ ನಂಬಚ್ ಕಾಯಿ?|ತೋನ್ ನಂಬೆನ್ ಆವಚ ಕ?
put your hands up !|ತಾಮಾರ್ ಹಾತ್ ಉಪ್ಪರ್ ಪಾಡೊ.|ತಾರ್ ಹಾತ್ ಮೇಲ.
i liked this film|ಮನ ಈ ಪಿಚ್ಚರ ಪಸಂದ್ ಆಯೋ.|ಮನ್ ವು ಪಿಚ್ಚರ್ ಪಸಂದ್ ಆಯೋ.
take us home now .|ಅಬ್ ಹಮೆನ್ ಘರೇನ್ ಬಲಲೇಜೋ.|ಅಬ್ ಹಮೇನ್ ಘರ್ ಲೇಜೋ.
it is very interesting .|ಈ ಘಣ್ ಮನೋರಂಜಕ್ ಚ.|ವು ಘಣ್ ಆಸಕ್ತಿದಾಯಕ್ ಚ.
he entertained the people|ವು ಲೋಗುನ ಮನೋರಂಜನ ದಿನೋ|ವು ಲೊಕುನ್ ಮನರಂಜನೆ ಕರಚ.
how long are you staying ?|ತಮ್ ಕತ್ರಾ ದಾಡ್ ರೊಚೊ?|ತಮ್ ಕತ್ರಾ ದಾಡ್ ರೇತೇ?
i have to go to sleep .|ಮ ಸೋಣು.|ಮ ಸೋವುಂಚು.
how do you cook food ?|ತು ಖಾಣೊ ಕು ಕರೆಚಿ?|ತು ಖಾಣೊ ಕು ಕರೆಚಿ?
you piss me off !|ತು ಮನ್ ಸತಾ.|ತು ಮನ್ ಸತಾವೋ ಚಿ.
try to do it like that .|ಹನು ಕರೆನ್ ಪ್ರಯತ್ನ ಕರೋ.|ಹನು ಕರೆನ್ ಪ್ರಯತ್ನ ಕರ್
she does not work everyday .|ವು ದಾಡ್ಡಿ ಕಾಮ ಕರೆನಿ.|ವು ದಾಡ್ಡಿ ಕಾಮ್ ಕರೆನಿ.
she isn 't studying now .|ವು ಅಬ್ ವೊದರಿಕೊಂತಿ.|ವು ಅಬ್ ವೊದರಿಕೊಂತಿ.
a large number of people live there|ವತ ಘಣ ಮಾಣಸ್ ರಚ.|ವತ ಘಣ್ ಮಾಣಸ್ ಜೀವನಾ ಕಾಡರೆಚ.
thanks for all you have done .|ತಮ್ ಕಿದೆ ಜೆರ್ ಧನ್ಯವಾದ್.|ತಮ್ ಕಾಂಯಿ ಕಿದೆ ಜೇರ್ಸಾರು ಧನ್ಯವಾದ್.
tiger is an wild animal .|ಬಾಘ್ ಜಂಗಲಿ ಜಾನ್ವರ್ ಚ|ಬಾಘ್ ಏಕ ಜಂಗಲಿ ಜಾನ್ವರ್ ಚ
it is alright to listen .|ಸಾಮಳೆನ್ ಠೀಕ್ ಚ.|ಸಾಮಳೆವಾಳೆರ ಠೀಕ್ ಚ.
lion lives in the jungle|ಸಿಂಹಾ ಜಂಗಲೆಮ ರಚ|ಸಿಂಹ ಜಂಗಲೆಮ ರಚ.
i still have not decided .|ಮ ಅಜಿ ಫೈಸಲಾ ಕಿದೊಕೊಂತಿ.|ಮ ಅಜಿ ನಿರ್ಧಾರ್ ಕಿದೊಕೊಂತಿ.
they are lying on your bed|ವೊ ತಮಾರ ಹಾಸಗಿ ಪರ ಸುತೆಚ.|ವೊ ತಾರ ಹಾಸ್ಗಿರ ಸಾಂವು ಸುತೊಚ
ramu has failed the exam|ರಾಮು ಎಕ್ಸಾಮೆಮ ಫೇಲ್ ವೇಗೋಚ.|ರಾಮು ಪರೀಕ್ಷಾ ಮ ಫೇಲ್ ವೇಗಿಚ
i made your coffee|ಮ ತಾರ ಕಾಫಿ ಕರಮಲೀಚು.|ಮ ತಾರ ಕಾಫಿ ಕಿದೋಚು.
this girl changed her look .|ವು ಛೋರಿ ವೊರ್ ಲುಕ್ ಬದಲಿ.|ಈ ಛೋರಿ ಓರ್ ಆಂಕಿಚ
let me find this place .|ಮನ್ ಈ ಜಾಗಾ ಢುಂಡೆನ್ ದೊ.|ಮನ್ ಈ ಜಾಗಾ ಧೂನ್ದೊ.
i made tamal eat it|ಮ ತಮಲ್ ಈ ಖಾವ ಜು ಕಿದೋ.|ಮ ವೊನ ತಮಲ್ ಖಾದೊ
it was all just good fun|ವು ಸೇ ಘಣ ಆಚೋ ಮಜಾ ವೆತ್ತಿ|ಈ ಸೇಜ ಆಚೊ ಮಜಾ ವೆತ್ತೋ.
she was dressed in red|ವು ರಾತಡ ರಂಗೇರ ಸೆಮಾನ್ ಪೆರಮೆಲಿಚ|ವು ರಾತಡೊ ಜಿಗಲಾ ಪೆರಮಲೀತಿ.
she knew about the problem .|ವೊನ್ ಸಮಸ್ಯಾ ರ ಬಗ್ಗೆ ಮಾಲಮ್ ಚ.|ವೊನ್ ಸಮಸ್ಯೆ ರ ಬಗ್ಗೆ ಮಾಲಮ್ ಚ.
they hurt him a lot .|ವೊ ವೊನ ಘಣ ಆಘಾತ ಕಿದೇಚ|ವೊ ವೊನ ಘಣ ಚೋಟ ಕರಚ
he didnot feel healthy .|ವೊನ್ ಅರಾಮ್ ವಿಕೊಂತಿ?|ವು ಅರಾಮ್ ಛೆನಿ.
best wishes for your family .|ತಾರ್ ಪರಿವಾರೇನ ಶುಭಕಾಮನಾಯೆ.|ತಾರ್ ಪರಿವಾರೇನ್ ಶುಭಾಶಯ.
tom and i are friends .|ಟಾಮ್ ಅನ್ನ ಮ ದೋಸ್ತ್ ಛಾ.|ಟೊಮೆನ್ ಘಣ ದೋಸ್ತ್ ಚು.
the sky is full of stars|ತಾರಾ ಅಂದುತಿ ಅಬಾಳೋ ಭರಾರೋಚ|ಅಬಾಳೋ ತಾರಾ ನೋ ಭರೋಚ
we were very tired .|ಹಮೆನ್ ಘಣ ಢರ ವೆಂಲಿತಿ.|ಹಮ್ ಘಣ ಸುಸ್ತ್ ವೇಗೋಚಾ
can somebody help me ?|ಮನ್ ಕೊಯಿಕ್ ಸಹಾಯ್ ಕರೋಚೊ ಕ?|ಕೋಇ ತೋಯ್ಯ ಮನ್ ಸಹಾಯ್ ಕರಚ ಕ?
i was very thirsty .|ಮನ್ ಪಾಣಿ ಘಣ ತರಸ್ ಲಾಗ್ರೀತಿ.|ಮನ್ ಘಣ್ ಪಾಣಿ ತರಸ್ ಲಾಗರಿಚ.
paper always absorbs oil|ಪೇಪರ್ ಕನ್ನಾಯಿಬಿ ತೇಲ ಖೇಚ್ಚಲಚ.|ಕಾಗದ್ ಕನ್ನಾಯೀಬಿ ಖಾಣೋ ಕರಚ
i knew the answer yesterday .|ಮನ್ ಕಾಲೇನಜ್ ಉತ್ತರ ಮಾಲಮ್ ವೇತ್ತಿ.|ಮನ್ ಕಾಲ್ ಉತ್ತರ ಮಾಲಮ್ ಚ.
who will pass the exam ?|ಪರೀಕ್ಷೆ ಮ ಕುಣ ಪಾಸ್ ವಚ?|ಪರೀಕ್ಷೆ ಕುಣ ಪಾಸ್ ವೇಚ?
are they all the same ?|ವೊ ಸೆ ವಸಜ್ ಚ ಕ?|ವೊ ಸೆ ಏಕಜ ಚ ಕ?
alom knows her very well|ಅಲೋಮೆನ್ ಉ ಛೋರಿ ಠೀಕ್ ಮಾಲಂ ಛ.|ಅಲೋಮೆನ್ ಉ ಠೀಕ್ ಮಾಲಂ ಛ.
this is wooden table|ಈ ಲಕಡಿರೋ ಮೇಜ ಚ|ಈ ಲಕಡಿರೋ ಟೇಬಲ್ ಚ.
raman likes field farming|ರಮನ ಖೇತೆಮ ಕಾಮ ಕರೇನ ಪಸಂದ್ ಕರಚ.|ರಾಮೇನ ಕೃಷಿ ಕರೆರ ಪಸಂದ್ ಚ
i dislike cold weather .|ಮನ್ ಶಿಳೊ ಹವಾಮಾನ ಪಸಂದ್ ಛೆನಿ.|ಮನ್ ಶಿಳೆರ್ ಹವಾಮಾನ ಪಸಂದ್ ಛೆನಿ.
what is your contact number ?|ತಾರ್ ಸಂಪರ್ಕೆರ ನಂಬರ್ ಕಾಂಯಿಚ್?|ತಾರ ಫೋನ್ ನಂಬರ್ ಕಾಂಯಿ ಚ?
let him grow let him grow|ಸೆತ್ತಿನ್ ಲಾರೇರ್ ಚೋರಾ ಸಿಕನೂ ಅನ್ ಸಿಕಾನು|ವು ಮೋಟೋ ವೇದ
i met rakhal yesterday .|ಮ ಕಾಲ್ ರಾಖಾಲ್ ಏನ್ ಭೆಟ್ಟಿ ಹೂಯೋಚು.|ಮ ಕಾಲ್ ರಾಮೇರ ಭಳೋಚು.
roses are red in colour|ಗುಲಾಬಿ ಫೂಲೆನ್ ರತದೊ ಬಣ್ಣ ರಚ.|ಗುಂಡೋ ರಂಗೇರೋ ಛ.
the woman has long black hair|ವು ಬಾಯೀರ ಲಾಂಬ್ ಕಾಳ ಲಟ್ಟಾಚ|ವೋರ ಲಾಂಬ್ ಕಾಳ ಲಟ್ಟಾಚ
my dog came running to me|ಮಾರ್ ಕೂತರಾ ಮಾರ್ ಕನ್ನ ಧಾಸ್ಸನ್ ಆಯೆಚ್ಚ್|ಮಾರ ಕುತ್ರಾನ ಆಯೋ
is this true for all ?|ಈ ಸೇರಿ ಸಾರು ಖರಛ್ ಛ ಕಾಯಿ?|ಈ ಸೆನಿ ಮೋಸ ಛ ಕಾಯಿ?
the farmers work day and night|ರೈತನೊ ರಾತ್ ಅನ ದಿಂಯೇ ಕಾಮ್ ಕರಚ.|ರೈತೆನುನ ದಾಡೋ ಅನ ರಾತ ಕಾಮ ಕರಚ
we always get into trouble ?|ಹಮ್ ಕನ್ನಾಯೀಬಿ ಮುಸಿಬತೆಮ ರೇಮಾಚಾ|ಅಪಣ ಕನ್ನಾಯಿಬಿ ಸಮಸ್ಯೆ ಚಾ ಕ?
i can not stand people .|ಮನ್ ಲೊಕುನ್ ಹೂಬರ್ ಕಾಡೇರ್ ವೇನಿ.|ಮನ್ ಲೋಗ್ ಹುಬ್ರೊ ವೇನಿ.
she left her home early .|ವು ವೊರ್ ಘರ್ ತಿ ಜಲ್ದಿ ಡಿಗ್ಯಾಯಿಚ.|ವು ವೊರ್ ಘರ್ ಜಲ್ದಿ ಛೋಡನಾಕಿ.
she married a rich man .|ಉ ಸಾವ್ಕಾರ್ ಮಾಣ ಸೆನ್ ವಾಯ ಕಿದಿಚ್.|ವು ಏಕ ಸಾವಕಾರ ಮಾಣಸ್ ವಾಯಾ ಕಿದಿ.
they live with their parents .|ವೊ ವೂನುರ್ ಮಾ ಬಾಪೇರಾ ಜೋಡಿ ರಚ|ವೊ ವೂನುರ್ ಜೋಡಿ ರಚ
hitesh looks very healthy .|ಹಿತೇಶ್ ಘಣ್ ಅರಾಮ್ ಛ ಜು ದಿಕಾರೋಚ.|ರೀಟ್ ಘಣ ಸ್ವಸ್ಥ ದಿಕಾವಚ.
he got tired of sitting|ವೊನ್ ಬೇಸ ಬೆಸನ್ ಡಿಹೆರ ವೆಗೋಚ|ವೊನ್ ಬೆಟೇರ ಸುಸ್ತ್ ವೇಗಿಚ.
alom looks ill today .|ಅಲೋಮೆನ್ ಆಜ್ ಆರಂ ಚೇಯಿ ಕರನ್ ಅನ್ಸಾರಿಚ.|ಅಲೋಮ್ ಆಜ್ ಆರಾಮ ದಿಕಾರೋಚ.
i am looking for someone .|ಮ ಏಕಾದ್ ಮಾಣಸೇನ ಧುನ್ಡರೋಚು|ಮ ಕೇನಿಕ್ ಧುನ್ದರೋಚು.
take this road to temple .|ಏ ವಾಟೆನ್ ದೇವೆರ್ ಗುಡಿ ನ ಜೋ.|ಏನ್ ದೇವೆರ ಗೂಡಿನ ಲ.
i am thinking about you .|ಮ ತಮಾರ್ ಬಗ್ಗೆ ಯೋಚನೆ ಕರ್ ರೋತೊ.|ಮ ತಾರ್ ಬಗ್ಗೆ ವಿಚಾರ್ ಕರರೊಚು.
he broke down my house .|ವು ಮಾರ್ ಘರ್ ಪಟ್ಕಾನಾಕೊ.|ವು ಮಾರ್ ಘರ್ ತೊಡೋಚ.
she is poor but happy .|ಉ ಗರೀಬ್ ಛ ಪಣ ಆನಂದೇತಿ ಛ.|ಉ ಗರೀಬ್ ಛ ಪಣ ಖುಷಿಂ ಛ.
the relatives were very happy .|ರಿಸ್ತೆದಾರ್ ಘಣ ಖುಷ್ ವೇಗೆತೆ|ರಿಸ್ತೇದಾರ ನೋ ಘಣ ಖುಷಿ ವಿ.
the sea water is salty|ಸಮಂದ್ರೇರ ಪಾಣಿ ಖಾರೊ ಲಾಗ ಚ|ಸಮಂದರ ಪಾಣಿ ಛಂದ ಚ
watch out for your steps .|ತಾರ್ ಖೊಜೆ ಪರ್ ಧ್ಯಾನ ದ|ತಾರ ಹರ್ಕತೆನುನ ದೆಕುಕರ್
they shouted for help .|ಓ ಸಹಾಯ ಸಾರು ಅಡ್ಡಾ ರೇತೇ.|ವೊ ಸಹಾಯ ಕರೆನ್ ಅಡ್ಡಾರೇಚ
she is twenty years old|ವೋನ ವಿಷ ವರ್ಷ ವೆಮೇಲೇಚ|ವೊನ್ ವಿಸ್ಸನ ಪಾಂಚ ವರ್ಷ ವೇಗೇ
she is coming at six .|ವು ಛೋ ಘಂಟಾನ ಆರಿಚ.|ವು ಛೋ ಘಂಟಾ ನ ಆರೋಚ.
how did you make it ?|ತಮ್ ಓನ್ ಕು ಕಿದೆ ಛೋ?|ತಮ್ ಏನ್ ಕು ಕೀದಿಚೊ?
we are all for it .|ವೋರ ವಾಸ್ ಹಮ್ ಸೇಜ ಛಾ|ಹಮ್ ವೊರಜ್ ವಾಸ್ ಚಾ.
you are going too far .|ತು ಘಣ್ ದೂರ್ ಜಾರೋಚಿ.|ತು ಘಣ್ ದೂರ್ ಜಾರೋಚಿ.
i gave you a chance .|ಮ ತೋನ್ ಏಕ್ ಮೌಕಾ ದಿನೋ.|ಮ ತೋನ್ ಏಕ್ ಮೌಕಾ ದಿನೋ.
i will handle it easily .|ಮ ವೊನ್ ಅರಾಮ್ ಸಂಬಾಳುಚು.|ಮ ಏನ್ ಸರಳ್ ಲುಚು.
you watch her a lot .|ತು ವೊನ್ ಘಣ್ ದೇಕೆಚಿ|ತು ವೊನ್ ಘಣ್ ಸಲಾ ದೇಕ್ರೊಚಿ.
start the car for race .|ರಸೆರ್ ಸಾರು ಕಾರ್ ಚಾಲು ಕರ್.|ಧಾಸೆರ್ ವಾಸ ಕಾರ್ ಚಾಲು ಕರ.
let kalu rest today .|ಆಜ್ ಕಾಳು ಆರಾಮ ಕರೆದ್.|ಕಾಲು ಆಜ್ ಆರಾಮ ಕರಾ.
jodu is missing since yesterday|ಜೋಡು ಕಾಲೇತಿ ಗಾಯಬ್ ಚ.|ಜೋಡು ಕಾಲೇತಿ ಗಾಯಬ್ ಚ
i do not mind waiting .|ವಾಟ್ ದೆಕೇರ್ ಮನ್ ಇಷ್ಟ ಚೇಯಿ.|ಮ ವಾಟ್ ದೇಕರೊಕೊಂತಿ.
would you please stop talking ?|ಕೃಪಯಾ ವಾಟೆ ಕರೆರ ಬಂದ್ ಕರೋಚೊ?|ಕೃಪಯಾ ವಾತೆ ಕರೋ.
anything else to tell her ?|ವೊನ ಅಜಿ ಕಾಂಯಿಕ ಕೇರ್ ಛ ಕ?|ವೊನ್ ಅಜಿ ಕಾಂಯಿಕ ಕೆರೊ ಛ ಕ.
father kept in touch with us|ಬಾಪು ಹಮಾರ ಸಂಪರ್ಕೆಮ ವೆತ್ತೋ.|ಬಾಪ್ ಹಮಾರ್ ಜೋಡಿ ಸಂಪರ್ಕ ವೆತ್ತೆ.
the boy escaped secretly|ಛೋರಾ ಗಪ್ ಚುಪ್ ಧಾಸಗೊ|ಛೋರಾ ಗಪ್ ಚುಪ್ ಧಾಸಗೊ
ram is eating a mango|ರಾಮ ಏಕ ಅಂಬಾನ ಖಾರೋಚ|ರಾಮ ಏಕ ಅಂಬಾ ಖಾರೋಚ.
jafran is a doctor|ಜಾಫ್ರಾನ ಡಾಕ್ಟರ್ ಚ.|ಜಾರ್ ಏಕ್ ಡಾಕ್ಟರ್ ಚ.
i donot understand you .|ಮನ್ ತೋನ್ ಸಮಜೆರ್ ವೆರಿಕೊಂತಿ.|ಮನ್ ತೋನ್ ಸಮಜೆರ್ ವೆರಿಕೊಂತಿ.
have i explained it well ?|ಮ ಠೀಕ್ ಸಮಝಾಯ್ ಕ?|ಮ ವೊನ್ ಠೀಕ್ ಸಮಜಾಯೆನ್ ಚು ಕಾಯಿ?
i got very sleepy|ಮನ್ ಘಣ ನಿಂದ್ ಆರಿತಿ.|ಮನ್ ಘಣ್ ನಿಂದ್ ಆರಿಚ.
you can rely on him .|ತು ವೊಪರ್ ಭರೋಸಾ ಕರ್ ಸಕೇಚಿ.|ತು ವೊಪರ್ ಭರೋಸಾ ಕರ್ ಸಕೇಚಿ.
the market is closed on thursday|ಮಾರ್ಕೆಟ್ ಗುರುವಾರೇರ ಬಂದ್ ರಚ.|ಮಾರ್ಕೆಟ್ ಬುಕ್ ಕಿದೋಚ.
no other person entered the room|ಖೋಲಿಮ ಕೊಯಿ ಜಾಯೇನಿ ಲ|ಖೋಲಿಮ ಅಜಿ ಏಕ್ ಮಾಣಸ ವೆತ್ತೋ ಕೋನಿ.
who searches finds .|ಕುಣ ಧುನ್ದಚ ವೊನ್ ಮಳಚ.|ಕುಣ ಧೂನ್ದಚ?
this is done seven times .|ಏನ್ ಸಾತ್ ಅಪ್ತಿ ಕರ್ಚ.|ಈ ಸಾತ್ ಸಲಾ ಕರಮಲೆಚ.
they are sensible girls .|ವೊ ಸಮಜದಾರ್ ಛೋರೀನೋ ಚ.|ವೊ ಲಡಾಯಿ ಮಾರರೇಚ.
it rained heavily yesterday|ಕಾಲೇನ ಭಾರಿ ಪಾಣಿ ಪಡೊ|ಕಾಲ್ ಗಣ್ಣ್ ಪಾನಿ ಪಡೋಚ್
this is a very cold place|ಈ ಜಾಗಾ ಘಣ ಥಂಡಾ ಚ.|ಈ ಘಣ ಶಿ ಚ
samu is not arguing|ಸಮು ಬಹಸ್ ಕರರೊಕೊಂತಿ.|ಸಮು ವಾತೆ ಕರರೊಕೊಂತಿ.
the man lost all hope .|ಮಾಣಸ ಸೆ ಭರೋಸಾ ಗಮಾಲಿದೊಚ.|ಮಾಣಸ್ ಸಾರಿ ಭರೋಸಾ ದರಗಿಚ
i do not go to school|ಮ ಸಾಲಿನ ಜಾವುನಿ|ಮ ಸಾಲಿನ್ ಜಾರೊಕೊಂತಿ.
please sit in that chair .|ಕೃಪಯಾ ಖುರ್ಚಿ ಪರ್ ಬೆಸ.|ಕೃಪಯಾ ವು ಖುರ್ಚಿ ಮ ಬೆಸೊ.
he is speaking too fast .|ವು ಘಣ್ ಜಲ್ದಿ ಜಲ್ದಿ ವಾತೆ ಕರ್ರೋಚ.|ವು ಘಣ್ ಜಲ್ದಿ ವಾತೆ ಕರಚ.
people are more productive .|ಲೋಗ ಜಾಸ್ತ ಉತ್ಪಾದಕ ಚ.|ಲೋಗ ಜಾಸ್ತ ಫಳ ತಿ ರಚ.
where is your son studying ?|ತಮಾರ್ ಬೇಟಾ ಕತ್ ಸಾಲಿ ಸಿಕರೋಚ?|ತಾರ ಬೇಟಾ ಕತ್ ವೊದರೋಚ?
what is today 's date ?|ಆಜ ಕತ್ರಿ ತಾರಿಕ್ ಚ?|ಆಜ್ ಕುಣಸೊ ದಾಡೊ ಛ?
ten minutes has already passed .|ದಸ್ ನಿಮಿಷ ಖುಟಗೆಚ.|ದಸ್ ನಿಮಿಷನ್ ದರಗಿ.
i love that red flower|ಮನ್ ವು ರಾತಡೋ ಫೂಲ ಪಸಂದ್ ಚ.|ಮನ ವು ರಾತಡೊ ಫೂಲ ಪಸಂದ್ ಚ.
he hit me and ran away|ವು ಮನ ಮಾರನ ಭಡಕಗೊ|ವು ಮನ್ ಮಾರನ್ ಧಾಸಗೊ
all the lights were off .|ಸೇಜ ದಿವೊ ವಲಾಗೇತೆ.|ಸೇಜ್ ದಿವೊ ವಲಾವೋ.
you owe me something .|ತಾರ್ ಮಾ ಪರ್ ಕಾಂಯಿಕ ಋಣಾ ಚ|ತು ಮನ್ ಕಾಂಯಿಕ ದೋಚೋ
i can not understand you .|ಮನ್ ತೋನ್ ಸಮಜೆರ್ ವೆರಿಕೋನಿ.|ಮನ್ ತೋನ್ ಸಮಜೆರ್ ವೆರಿಕೊಂತಿ.
only few came to the gathering|ದಸೆಕಜ ಮಾಣಸ ಭಳೆ|ಬರೆ ದಸೆಕ್ ಮಾಣಸ ಆಯೆ.
salt is used in cooking|ನೂಣೆನ ಖಾಣೋ ಕರೇನ ಬಳಸಚ|ಘಣೋ ನುಣ ಭೇಳೆನ ಉಪಯೋಗ ಕರಚ
the boy fell into the well|ಛೋರಾ ವಾವ್ಡಿಮಾಯೀ ಪಡಗೋಚ|ಛೋರಾ ವಾವಡಿಮ ಗೆ
i respect you very much .|ಮ ತೊನ್ ಘಣ ಮರ್ಯಾದಿ ಕರುಚು.|ಮ ತಾರ್ ಘಣ್ ಗೌರವ್ ಚು.
that 's what friends are for|ದೋಸ್ತ್ ನೋ ವೊರ್ ಸಾರುಜ್ ರಚ್|ವೊಜ ದೋಸ್ತ.
not a sound was heard .|ಏಕ ಆವಾಜ್ ಬಿ ಸಾಮಳಾಯಿ ಕೋನಿ.|ಎಕ್ಕಿ ಆವಾಜ್ ಸಾಮಳಾಯಿ ಕೋನಿ.
i talked to friends .|ಮ ದೊಸ್ತೇನುತಿ ವಾತೆ ಕಿದೋ.|ಮ ದೊಸ್ತೇಟಿ ವಾತೆ ಕಿದೋ.
he is angry with me|ವು ಮಾಪರ ರಿಸ ಕರಮಲೋಚ.|ವು ಮಾರ ಜೋಡಿ ರಿಸ್ ಕರ್ಮಲೋಚ.
are you happy with this ?|ಯೇತಿ ತಮೆನ್ ಆನಂದ್ ವೇಮಲಿಚ್ ಕಾಯಿ?|ತೊನ್ ಈ ಖುಷಿ ತಿ ರೆಚಿ ಕ?
i am not tired .|ಮನ್ ಧೇರ್ ಹುಯಿ ಕೊಂತಿ.|ಮನ್ ಸುಸ್ತ್ ಛೆನಿ.
she does walk to school .|ವು ಸಾಲಿನ ಚಾಲನ ಜಾವಚ.|ವು ಸಾಲಿನ್ ಜಾರಿಚ.
what are you looking for ?|ತು ಕಾಂಯಿ ಧುನ್ದರೋಚಿ.|ತಮ್ಮ್ ಕಾಯಿ ದುಂಡರೇಚೂ
do not push too hard|ಮನ್ ಜೋರೇತಿ ಧಕಲ್ ಮತ|ಘಣ ಮೆಹನತೆ ಮತ
good day to start working .|ಕಾಮ್ ಚಾಲು ಕರೆನ್ ಆಚೊ ದಾಡೋಚ.|ಕಾಮ್ ಕರೆರ್ ಚಾಲು ಕಿದೋ
they are very weak .|ಓ ಘನ ಅಶಕ್ತ ಛ.|ಓ ಘನ ಹೂಲಸ್ ಛ.
dont go to hundred doctors .|ಸೊ ಡಾಕ್ಟರೇನೂರ ಕನ ಮತ ಜಾವೋ|ಸೊ ಡಾಕ್ಟರೇನ್ ಗೆ ಮತ್.
stars are uncountable .|ತಾರಾನುನ್ ಮೊಜೆರ್ ವೇನಿ.|ತಾರಾ ನೋ ಅವಿಶ್ವಾಸ್ ಚ.
do you have a tv ?|ತಮಾರ ಕನ ಟಿವಿ ಛ ಕ?|ತಾರ್ ಕನ್ ಟಿವಿ ಛ ಕ?
are they on the bus ?|ವೊ ಬಸ್ಸೇಮ್ ಛ ಕ?|ವೊ ಬಸ್ಸೆಮ್ ಚ ಕ?
do you believe in god ?|ತು ದೇವೆನ್ ನಂಬೆಚಿ?|ತು ದೇವೆರ್ ಪರ್ ಭರೋಸಾ ಕರೆಚಿ?
i drink water every morning .|ಮ ದಾಡ್ಡಿ ಪರ್ಬಾತಿ ಪಾಣಿ ಪಿವುಂಚು.|ಮ ದಾಡ್ಡಿ ಪರ್ಬಾತಿ ಪಾಣಿ ಪಿವುಂಚು.
is he reading a book ?|ಉ ಪುಸ್ತಕ್ ಓದ್ ರೋಚ್ ಕಾಯಿ?|ವು ಏಕ್ ಪುಸ್ತಕ್ ವೋದರೊಚ್ ಕ?
please tell her ramu called .|ಕೃಪಯಾ ವೊನ ರಾಮು ಬಲಾಯೆಚ ಕೋ.|ಕೃಪಯಾ ವೊನ ಬಲಾವೊ.
she is working for a month .|ವು ಏಕ್ ಮೀನಾತಿ ಕಾಮ್ ಕರ್ರಿಚ.|ವು ಏಕ್ ಮೀನಾ ಕಾಮ್ ಕರ್ರಿಚ.
muttug or three leaves|ಮುಟ್ಟುಗ ನಿತರ ತೀನ ಪಾಲೊ|ಮೊಂಟೆರ ತೀನ ಪಾತಿಕ ಫಾಲೋ ಚಂದ ಕರಚ
the clouds hid the sun|ಮಾಡ್ ಸೂರ್ಯ ನ ಬುರ ಮೆಲೋಚ|ಕಾಳೋ ಕಿಟ್ಟ ಮಾಡ್ ಮೇಲೋಚ
teach me how you do it .|ತು ವೊನ್ ಕು ಕರೆಚಿ ಕೆನ್ ಮನ್ ಸಿಕಾ.|ತು ಮನ್ ಕು ಕರೆಚಿ?
she has written her essay .|ವು ವೋರ ಪ್ರಭಂದ ಲಕ್ಕಿಚ.|ವು ವೊರ್ ಪ್ರಬಂಧ ಲಕ್ಲಿದಿಚ.
good luck for upcoming exam .|ಆಂಗ್ ಆರೇ ಜಕೋಣ ಪರೀಕ್ಷಾ ಠೀಕ ವೇದ.|ಪರೀಕ್ಷೆ ಠೀಕ್ ವೇದ.
i spend my time doing nothing .|ಮ ಕಾಂಯಿ ಬಗರ್ ಕರೆರ್ ಸಮಯ್ ಬಿತಾವುಂಚು.|ಮ ಮಾರ್ ಸಮಯ್ ಕಾಂಯಿ ಬಿತಾಯೆನಿ.
they find the weather cold today .|ವುನುನ್ ಆಜ ಹವಾಮಾನ ಥಂಡಾ ಲಾಗಚ|ಓ ಆಜ್ ಹವಾಮಾನ ಶಿಳೊ ಲಾಗಚ
i am afraid i cannot .|ಮನ್ ಕರ್ತಾಯೆನಿ ಕೆನ್ ಚಮಕಣಿ ಲಾಗಚ.|ಮನ್ ಚಮಕಣಿ ಛೆನಿ.
they consider them as their wealth .|ವೊ ವೊನ ವೂನೂರ್ ಧನ್ ಸಮ್ಜಚ|ವೊ ವೂನುನ ವೂನೂರ ಪೀಸಾ ಕಚ
they wanted to get him married .|ವೊ ವೋರ ವಾಯಾ ಕರಾ ಕೆರೆತೆ|ವೊ ವೊನ ವಾಯಾ ಕರೆರ ಚಾವರೇಚ
it was wet and windy|ವು ಭೀನ ಅನ ವಾಳ ವೇತ್ತಿ.|ವೊಸ ಅನ ಶಿ ವೆತ್ತೋ.
i 'll have to work overtime|ಮ ಓವರ್ ಟೈಮ್ ಕಾಮ್ ಕರನು|ಮ ಘಣ್ ಸಮಯ್ ಪರ್ ಕಾಮ್ ಕರನು.
they gave one hundred rupees to all|ವೊ ಸೇನಜ ಸೊ ರಪಿಯಾ ದಿನೇ|ವೊ ಸೇನಜ ಏಕ ಸೊ ರಪಿಯಾ ದಿನೋ
samu likes to eat rice|ಸಮು ನ ಚಾವಳ್ ಖಾಯೇನ ಪಸಂದ್ ಚ.|ಸಮು ನ ಚಾವಳ್ ಖಾಯೇನ ಪಸಂದ್ ಚ.
he is tall and strong .|ಉ ಲಾಂಬೋ ಛ ಅನ್ ಶಕ್ತಿ ವಾನ್ ಛ.|ವು ಲಾಂಬೋ ಅನ ಮಜಬೂತ್ ಚ.
i eat three times a day .|ಮ ಏಕ್ ದಾಡೆಮ್ ತೀನ್ ಸಲಾ ಖಾವುಂಚು.|ಮ ಏಕ್ ದಾಡೆಮ್ ತೀನ್ ಬಾಟಿ ಖಾವುಂಚು.
i like to eat bread .|ಮ ಬ್ರೆಡ್ ಖಾಯೆನ್ ಇಷ್ಟ ಕರುಚು.|ಮ ಬಾಟಿ ಖಾಯೆನ್ ಇಷ್ಟ ಕರುಚು.
i go to school by foot .|ಮ ಚಾಲನ್ ಸಾಲಿನ ಜಾಊಚು.|ಮ ಸಾಲಿನ್ ಜಾವುನ್ಚು.
you bring joy to my life .|ಮಾರ್ ಜೀವನಾ ಮ ತು ಖುಷಿ ಲಾಯೋಚಿ|ತು ಮಾರ್ ಜೀವನನ್ ಖುಷಿತಿ ಚಿ
i do what i am told .|ಮ ಕಾಯಿ ಕ ಜಕೊಣ್ ಕರುಚು.|ಮ ಕಾಂಯಿ ಕ ಜಕೋಣ ಸೇಜ್ ಕರುಚು.
come to my house at eight .|ಆಟೆನ್ ಮಾರ್ ಘರೇನ್ ಆಜೊ|ಮಾರ್ ಘರೇನ್ ಛೋ ಘಂಟಾ ನ ಆವೋ.
you may use my new car .|ತು ಮಾರ್ ನವೀನ ಕಾರ್ ಉಪಯೋಗ ಕರ್ ಸಕೇಚಿ.|ತಮ್ ಮಾರ್ ನವೀನ ಕಾರ್ ಲೇ ಸಕೋಚೊ.
samu is shorter than ram|ಸಮು ರಾಮೇತಿ ಗಿಡ್ಡ ಚ.|ಸಮು ತಿ ನಾಣಕ್ಯಾ ಚ.
be his helper and guide .|ಗುಡ್ಡ ಅನ್ ಜಾಡೇರ ಮಾಯಿ|ವೋರ ಸಹಾಯಕಾರಿ ಅನ ಮಾರ್ಗದರ್ಶಿ
she left the baby crying .|ಪಾಪುನ್ ರೋತೇನ ಛೋಡ್ ಗೀಚ.|ವು ಪಾಪು ರೋರಿತಿ
dont drink too much coffee|ಘಣ ಕಾಫಿ ಪಿವೊಮತ.|ಘಣ ಕಾಫಿ ಪಿ ಮತ್.
they adore magicians .|ವೊ ಜಾದುಗಾರೇನೂರ ಪೂಜಾ ಕರಚ|ವೊ ಜಾದು ತಿ ಪ್ರಶಂಸಾ ಕರಚ
how much did he pay you ?|ವು ತೋನ್ ಕತ್ರಾ ಪೀಸಾ ದಿನೋ?|ವು ತೋನ್ ಕತ್ರಾ ಪೀಸಾ ಭರೇಚ?
i am talking to my friend .|ಮ ಮಾರ್ ದೊಸ್ತೇಟಿ ವಾತೆ ಕರರೊಚು.|ಮ ಮಾರ್ ದೊಸ್ತೇಟಿ ವಾತೆ ಕರರೊಚು.
evening dress is desired .|ಸಾಂಜ್ ಪೇರೇನ್ ಜಿಗಲಾ ಚಾವ.|ಸಾಂಜ್ ಕಪಡಾ ಚಾವಚ.
the king began to think seriously .|ರಾಜಾ ಗಂಭಿರತಾ ತಿ ವಿಚಾರ ಕರೆಲಗೋ|ರಾಜಾ ಗಂಭಿರತಾ ತಿ ವಿಚಾರ ಕರೆಲಗೋ
his room is facing the west .|ವೊರ್ ಖೋಲಿ ಪಶ್ಚಿಮೇರ್ ಸಾಂವುಚ.|ವೋರ ಖೋಲಿ ಪಶ್ಚಿತ್ ಚ.
it was cooked in oil .|ಏನ್ ತೇಲೆ ಮಾಯಿ ಸಿಜಾಡ್ ಮಲೆಚ್.|ವು ಕಾರೆಮ್ ಖಾಣೊ ಕರ್ಮಲೆತೇ
has she worked here for years ?|ವು ಅತ ಘಣ್ ವರ್ಷ್ ಕಾಮ್ ಕಿದಿಚ್ ಕ?|ವು ಅತ ಕನ್ನಾತಿ ಕಾಮ್ ಕರ್ರಿಚ್ ಕ?
they need me for that job .|ವೂ ಕಾಮೆನ್ ವುನೆನ್ ಮಜ್ ಚಾಯ್|ವೊನ್ ಕಾಮೆನ್ ಜಾಯೇನ್ ಜರೂರತ್ ಚ.
meat is difficult to chew|ಬೊಟಿನ ಚಾಬೇರೋ ಕಷ್ಟಾ|ಬೊಟಿನ ಚಾರೋ ಮುಷ್ಕಿಲ್ ಚ
i got bored of writing letters|ಮನ್ ಪತ್ರಾ ಲಕ ಲಕನ ಬ್ಯಾಸರ ವೇಗಿಚ|ಮನ್ ಲಕ್ಕೇರ್ ಬ್ಯಾಸರ ವೇಗಿಚ.
i am certain of your success .|ತಾರ್ ಸಫಲತಾ ಪರ್ ಮನ್ ಯಕೀನ್ ಚ.|ತಾರ್ ಸಫಲತಾ ತಿ ಮನ್ ನಿಶ್ಚಿತ್ ಚ.
i admit my mistake .|ಮಾರ್ ತಪ್ಪೆನ್ ಮ ಓಪಕೊಳುಚು.|ಮ ಮಾರ್ ಗಲತಿ ಛ ಕೆನ್ ಸ್ವೀಕಾರ್ ಕರುಚು.
had you heard of this place ?|ಏ ಜಾಗಾರ್ ಬಗ್ಗೆ ತು ಸಾಮಳ್ ಮಲೋಚಿ?|ತಮ್ ಈ ಜಾಗಾ ಸಾಮಳೋಚೊ ಕಾಯಿ?
the two brothers demanded their state .|ದೊಯೀ ಭಾಯಿ ವೂನೂರ ರಾಜ್ಯರ ಮಾಂಗ ಕಿದೆ|ದೊಯೀ ಭಾಯಿ ವೂನೂರ ರಾಜ್ಯರ ಮಾಂಗ ಕಿದೆ
can we swim in it ?|ಹಮ್ಮ ಯೇಮಾಯೀ ಪೆರ ಸಕಾಚಾ ಕ?|ಅಪಣ ವೊಮಾಯಿ ಪೆರೆಚಾ ಕ?
i want to show you something .|ಮ ತೋನ್ ಕಾಂಯಿ ತೊಯೀ ದಕಾಳೆರ್ ಚಾವರೊಚು.|ಮ ತೋನ್ ಕಾಂಯಿ ದಕಾಳೆನ್ ಚಾವರೊಚು.
the farmer suddenly got rich|ರೈತ ಅಚಾನಕ್ ಸಾವಕಾರ ವೇಗೋ|ರೈತ ನೋ ಜಲ್ದಿ ಸಾವಕರಚ
you have found your wallet .|ತೊನ್ ತಾರ್ ಬಟುವಾ ಮಳಗೊಚ|ತು ತಾರ್ ಬಟುವಾ ದಿಟೋ.
i found them in the garden .|ಮ ವೊನ್ ಖೇಥೆಮ್ ಡಿಟೊ ಚು.|ಮ ವೂನುನ್ ಗಾರ್ಡೆನೇಮ ಮಳೋ.
i love the way you talk .|ತು ವಾತೆ ಕರೆಚಿ ಜೋಣ ಮನ್ ಪಸಂದ್ ಚ.|ತು ವಾತೆ ಕರು ಜೋಣ ಮನ್ ಪಸಂದ್ ಚ.
she wants to know the reality .|ವೊನ್ ಖರೊ ಕಾಂಯಿಚ್ ಕೆನ್ ಮಾಲಮ್ ವೇರ್ ಚಾವರಿಚ.|ವು ಖರಿ ಕಾಂಯಿಚ್ ಕೆನ್ ಮಾಲಮ್ ವೇರ್ ಚಾವರಿಚ.
that girl is out of option .|ವು ಛೋರಿ ಅಪಣ ಆಯ್ಕೆ ಮ ಛೆನಿ.|ವು ಏ ಛೋರಿ ಪಸಂದ್ ಚ.
i hate taking risks .|ಮನ್ ಆಂಗೆ ಪರ್ ಲೇನ್ ಇಷ್ಟ ವೆನಿ.|ಮನ್ ಮೌಕಾ ಕರೆರ್ ಪಸಂದ್ ಛೆನಿ.
his child coughed all night|ವೋರೋ ಬೇಟಾ ಸಾರಿ ರಾತ್ ಖಾಸೋಚ|ವೋರ ಬೇಟಾ ಸಾರಿ ರಾತ ಖಾಟೊ
the walls have ears .|ಗೋಡಿನೂರ್ ಬಿ ಕಾನ್ ರಚ್.|ಭೇಡಿಯಾ ನೋ ಆಂಕಿಚ
alom paid sita yesterday .|ಅಲೋಮ್ ಕಾಲ್ ಸೀತ ಅನ್ ಪೀಸಾ ದಿನೋಚ.|ಅಲೋಮ್ ಕಾಲ್ ಸೀತ ದಿನೋಚ.
the first road on the right .|ಡಾವಳಿ ವಡಿ ಪಹಲಿ ವಾಟ ಚ|ಪೆಹಲೆರ ವಾಟ್ ಜಮಣಿ ವಡಿ ಫರ್.
he is reading in the garden .|ವು ಗಾರ್ಡನೇಮ್ ವೊದರೋಚ.|ವು ಗಾರ್ಡೆನೇಮ ವೊದರೋಚ.
pull the grey hair out|ಧೋಳೋ ಲಟ್ಟಾ ವಕಡನ್ ಕಾಡ|ರಾತಡ ಲಟ್ಟಾ ಖೇಚನ ಕಾಡ
he posted strong security force there .|ವು ಮಜಬೂತ ಸುರಕ್ಷಾ ಬಲ ತೈಯಾರ ಕಿದೋ|ವು ವತ ಸುರಕ್ಷಾರ ವಾಸ
he hides his scars well|ವೋರ ದಾಗೇನ ವು ಬುರರೋಚ|ವು ವೋರ ಚಮಕಚ
let us go have a look .|ಆವೋ ಏಕ್ ನಜರ್ ದೇಕಾ.|ಆವೋ ಅರಾಮ ಕರಾ.
i sent you a letter earlier .|ಮ ಪೆಹಲೆ ತೋನ್ ಏಕ್ ಪತ್ರ ದೇಮಲೋಚು.|ಮ ತೊನ್ ಪೆಹಲೆ ಪತ್ರಾ ಲಕೋಚು.
they painted the fence green|ವೊ ವಾಡೇನ ಹರೋ ರಂಗ ಲಗಾಡೇಚ|ವೊ ಫೂಲ್ ಹರೋ ರಂಗ್ ಲಗಾಡೇಚ
a cold wind was blowing|ಶಿಳ್ಖಳ ವಾಳ ಮಾರೀಚ|ವಾಳ ಮಾರೀಚ
so they performed many worships .|ಜನಾಜ್ ವು ಕತ್ರಾಕೋ ಪೂಜಾ ಕಿದೋ|ವೊ ಘಣ ಚಿಂತ್ಯಾ ಕರ್ರೆತೆ
here you can see the river .|ತೋನ್ ಅತ ನಂದಿ ದಿಕಾವಚ್.|ತು ಅತ ನದಿ ದೇಕ್ ಸಕೇಚಿ.
i wish i could make it .|ಮ ವೊನ್ ಕರೆರ್ ಬಯಸರೋಚು.|ಮ ವು ಕರ್ ಸಕುಚು.
it does not matter anymore .|ವೊರ್ ಕಾಂಯಿ ಮಹತ್ವ ಛೆನಿ.|ವು ಅಬ್ ಕಾಂಯಿ ಕರೆನಿ.
how many books have you read ?|ತು ಕತ್ರಾ ಪುಸ್ತಕ್ ವೊದೋಚಿ?|ತು ಕತ್ರಾ ಪುಸ್ತಕ್ ವೋದೋಚಿ?
i ate rice in the morning .|ಮ ಪರ್ಬಾತಿ ಚಾವಳ್ ಖಾದೊ.|ಮ ಪರ್ಬಾತಿ ಚಾವಳ್ ಖಾವುಂಚು.
give me a glass of water|ಮನ ಏಕ ಲೋಟಿ ಪಾಣಿ ದೋ|ಮನ ಏಕ ಲೋಟಾ ಪಾಣಿ ದೋ
alom is very greedy|ಅಲೋಮ್ ಘಣ ಲೋಭಿ ಛ.|ಅಲೋಮ್ ಘಣ ಲೋಭಿ ಛ.
during the discussion of disputes .|ವಿವಾದೇರ ಸಮಯ ಪರ|ವಾದ ಪ್ರತಿವಾದ್ ಚಾಲ್.
give the cow the feed|ಗಾವಡಿನ ಚಾರೋ ಘಾಲೋ|ಗಾವಡಿನ ಬಾಟಿ ದೋ
both my children are in school .|ಮಾರ್ ದೊಯೀ ಬೇಟಿಬೆಟಾ ಸಾಲಿಮ್ ಚ.|ಮಾರ್ ದೊಯೀ ಛೀಜ್ಯಾಪರ್ ಸಾಲಿಮ್ ಚ.
she hasn 't seen others .|ವು ದುಸರೇನ್ ದಿಟಿ ಕೊಂತಿ.|ವು ದುಸರೇನ ದಿಟೋ ಕೊಂತಿ.
i gave away my cows .|ಮ ಮಾರ್ ಗಾವಡಿನೂನ್ ದಿನೋ.|ಮ ಮಾರ್ ಗಾವಡಿನ ದಿನೋ.
how much does this fruit cost ?|ಈ ಫಳ್ ಕತ್ರಾರೋಚ?|ಈ ಕಾಯಿಪಲ್ಲೆ ಕತ್ರಾನ್ ಚ?
he sang throughout the night .|ವು ಸಾರಿ ರಾತ ಗೀದಗಾಯೋ|ವು ಸಾರಿ ರಾತ ಗೀದಗಾವಚ
give him a tomato .|ವೊನ್ ಏಕ್ ತಮಾಟಿ ದ.|ವೊನ ಏಕ ಟಾಟಿ ದ.
can i get a pen ?|ಮನ್ ಏಕ್ ಪೆನ್ ಮಳಚ ಕ?|ಮನ್ ಪೆನ್ ಮಳಚ ಕ?
i am tired of you .|ಮನ್ ತಾತಿ ಧೇರ್ ವೇಗಿಚ.|ಮನ್ ತಾರ್ ಸುಸ್ತ್ ವೇಗಿಚ.
ram has two buffaloes|ರಾಮೇರ ಕನ್ನ ದೀ ಭೇಸಿ ಚ.|ರಾಮೇ ಕನ್ನ ದಿ ಭೇಷಿ ಛ.
how do you do all this ?|ತು ಏ ಸೆ ಕು ಕರೆಚಿ?|ತಮ್ ಈ ಕು ಕರೋಚೊ?
do you like sweets ?|ತೋನ್ ಮಿಠಾಯಿ ಪಸಂದ್ ಚ ಕ?|ತೋನ್ ಮಿಠಾಯಿ ನೊ ಪಸಂದ್ ಚ?
i take the bus everyday .|ಮ ದಾಡ್ಡಿ ಬಸ್ಸೆಮ್ ಜಾವುಂಚು.|ಮ ದಡ್ಡಿ ಬಸ್ ಲುಚು.
i have to be somewhere .|ಮ ಕತ್ ತೋಬಿ ರೇಣು.|ಮ ಕತ್ ತೊಯೀ ರುಚು.
i did not ask for milk .|ಮ ದೂಧ್ ಪೂಚೊ ಕೊಂತಿ.|ಮ ದೂಧ್ ಪೂಚೊ ಕೊಂತಿ.
she goes to school everyday .|ವು ಸಾಲಿನ ದಾಡ್ಡಿ ಜಾವಚ.|ವು ದಾಡ್ಡಿ ಸಾಲಿನ್ ಜಾವಚ.
this is only the first half .|ಈ ಬರೆ ಅರ್ದಾ ಚ|ಈ ಪೆಹಲೆ ಜ ಅರ್ಧಾ ಅಂಬಾ ಚ
he knows a lot of people .|ಓನ್ ಘಣ ಮಾಣಸ ಮಾಲಂ ಛ.|ವೊನ್ ಘಣ್ ಮಾಣಸ್ ಮಾಲಮ್ ಚ.
this is a mango plant .|ಈ ಅಂಬಾ ರ ಝಾಡಚ|ಈ ಅಂಬಾರ ಝಾಡ ಚ
i am getting ready to go .|ಮ ಜಾಯೇನ್ ತೈಯಾರ್ ವೆರೋಚು.|ಮ ಜಾಯೇನ್ ತೈಯಾರ್ ಕರರೊಚು.
do not have a lot food .|ಘಣ್ ಬಾಟಿ ಖೋ ಮತ್.|ಖಾಣೊ ಘಣ್ ಖಾವೊಮತ್
you have to come with me .|ತು ಮಾರ್ ಜೋಡಿ ಆಣು.|ತು ಮಾರ್ ಜೋಡಿ ಆಯೆರ್ ವೇತ್ತಿ.
what does she like in fruit ?|ವೊನ ಕುಣಸ್ ಫಳ ಪಸಂದ್ ಚ?|ವು ಫಳ್ ಮ ಕಾಂಯಿ ಪಸಂದ್ ಚ?
no this is the first time .|ಛೆನಿ ಈ ಪೆಹಲೆ ಸಲಾ.|ಈ ಪೆಹಲೆರ ಸಲಾ ಕಾವ.
i am lost in this place .|ಮ ವೊ ಜಾಗಾ ಪರ್ ಗಮಾಗೋಚು.|ಮ ಏ ಜಾಗಾ ಪರ್ ಗಮಾಲಿದೋಚು.
i live close to my friend .|ಮ ಮಾರ್ ದೋಸ್ತೇರ್ ಘರೇರ್ ಕನ್ ರುಚು.|ಮ ಮಾರ್ ದೋಸ್ತೇರ್ ಕನ್ ರುಚು.
they sometimes go to the fields .|ವೊ ಏಕ್ ಏಕ ಸಲ ಖೇತೇನ ಜಾವಚ|ವೊ ಏಕ ಏಕ್ ಖೇತೆಮ ಜಾರೇಚ
ramesh has not completed his work .|ರಮೇಶ ವೋರ ಕಾಮ ಖುಟಾಡೋ ಕೊಂತಿ.|ರಮೇಶ ವೊರ್ ಕಾಮ್ ಖುಟಾಡ್ ಕೊಂತಿ.
i stayed up late last night|ಮ ಕಾಲೇನ ರಾತ್ ಲೇಟ್ ಕರನ ಸುತೋ|ಮ ಕಾಲೇನ ರಾತ್ ಜಾಗರೋತೋ
here is a gift for you .|ತಾರ್ ಉಡುಗೊರೆ ಅತ್ ಚ.|ತಮಾರ್ ವಾಸ್ ಅತ್ ಏಕ್ ಉಡುಗೊರೆ ಛ.
the sun rises in the east|ಸುರ್ಯಾ ಪೂರ್ವ ದಿಕ್ಕೆಮ ಹುಟ್ಟಚ|ಸುರ್ಯಾ ಪೂರ್ವ ದಿಕ್ಕೆಮ ನಿಕಳಚ.
i have never seen that before .|ಮ ವೊನ್ ಏರ್ ಆಂಗ್ ಕನ್ನಾಯಿ ದಿಟೋ ಕೊಂತಿ.|ಮ ಪೆಹಲೆ ಕನ್ನಾಯಿ ದಿಟೋ ಕೊಂತಿ.
this is my first-time visit .|ಮ ಅತ ಫಸ್ಟ್ ಭಳೋಚು|ಈ ಮಾರ್ ಪೆಹಲೆ ಭಳೆನ್ ಚ.
he already ate all the food .|ವು ಜನಾಜ್ ಸೆ ಖಾಣೊ ಖಾಲ್ದೊಚ.|ವು ಸೆಜ್ ಖಾಲ್ದೊಚ.
everybody has paid for the meal|ಖಾಣೆರ ಸೇಜ ಪೀಸಾ ದಿನೇ.|ಸೆ ಬಾಟಿ ಖಾಮಾ ಕೆರೆಚ
the book is lying on the table|ಪುಸ್ತಕ್ ಟೇಬಲೇಪರ ಪಡೋಚ.|ಮೆಜೆಪರ್ ಪುಸ್ತಕ
what school do you go to ?|ತೂ ಕುಣಸ ಸಾಲಿನ್ ಜಾಯಚಿ|ತು ಕುಣಸ್ ಸಾಲಿನ ಜಾಯೆಚಿ ?
we got lost in the fog|ಹಮ್ ವೊಸೆಮ ಗಮಾಗೆ|ಹಮ್ ಕಡೆಮ್ ಗಮಾಗಿ.
ramu has a cat .|ರಾಮು ಕನ್ನ ಶಿಬ್ಬಿ ಛ.|ರಾಮು ನ ಏಕ್ ಸಿಬ್ಬಿ ಚ.
take a book and read it .|ಏಕ್ ಪುಸ್ತಕ್ ಲೇನ್ ವೊದ್.|ಪುಸ್ತಕ್ ವೊದ್.
when i opened the curtains .|ಮ ಪರದೆ ಕಾಡೋಜನಾ|ಮ ಜಿಗಲಾ ಕಾಡೋ.
samu is drinking coffee|ಸಮು ಕಾಫಿ ಪಿರೋಚ|ಸಮು ಕಾಫಿ ಪಿರೋಚ.
i did not ask for tea .|ಮ ಚಹಾ ಪೂಚೊ ಕೊಂತಿ.|ಮ ಚಾ ಪೂಚೊ ಕೊಂತಿ.
she has cooked a lot .|ವು ಘಣ ಖಾಣೊ ಕರಮಲಿಚ.|ವು ಘಣ್ ಖಾಣೊ ಕರ್ರಿಚ.
i can swim across the river|ಮ ಸಾರಿ ನಂದಿ ಪೆರ ಸಕುಚು|ಮ ನಂದಿಮಾಯಿ ಪೆರನು
they go to temple every day .|ವೊ ದೇವೆರ್ ಗುಡಿನ ದಾಡ್ಡಿ ಆವಚ|ವೊ ದಾಡ್ಡಿ ದೇವೆರ ಗೂಡಿನ ಗೆಚ
what did you make for us ?|ತಮ್ ಹಮಾರ ಸಾರು ಕಾಂಯಿ ಕಿದೆಚೊ|ತು ಹಮಾರ್ ವಾಸ್ ಕಾಂಯಿ ಕಿದೋಚಿ ?
by the nawab of dilli|ದಿಲ್ಲಿರ ನವಾಬೇತಿ|ದಿಲ್ಲಿ ರ ನವಾಬ ಜೇತಿ
is there anything cheaper ?|ಸಸ್ತಾ ಕಾಂಯಿಕ್ ಛ ಕ?|ಕಾಂಯಿಕ್ ಸಸ್ತಾ ಚ ಕ?
do you have a small family ?|ತಾರ್ ಪರಿವಾರ ನಾಣಕ್ಯ ಚ ಕ?|ತಮಾರ್ ಪರಿವಾರೇನ್ ನಾಣಕ್ಯ ಛ ಕ?
i had a little fever .|ಮನ್ ದಸೆಕ್ ತಾವ್ ಆರೀತಿ.|ಮನ್ ದಸೆಕ್ ತಾವ್ ವೆತ್ತೋ.
the moon goes round the earth .|ಚಾಂದಾ ಜಮೀರ ಸುತ್ತ ಫರಚ|ಚಾಂದಾ ಜಮಿ ಸುತ್ತ ಫರಚ
why has sita left already ?|ಸೀತಾ ಜನಾಜ್ ಕಾ ದರಗಿಚ?|ಸೀತಾ ನ ಕಾ ದರ್ ಜಾರೋಚ?
are you going to the field ?|ತು ಖೇತೇನ್ ಜಾರೊಚಿ ಕ?|ತು ಖೇತೇನ್ ಜಾರೋಚಿ ಕ?
ram generally hates insects|ರಾಮೇನ ಕೀಡಾನೋ ಪಸಂದ್ ಛೆನಿ|ರಾಮೇನ ಕನ್ನಾಯಿಬಿ ಕೀಡಾನೋ ಪಸಂದ್ ಛೆನಿ.
i will be pleased to help you .|ಮನ ತೋನ ಸಹಾಯ ಕರೇನ ಖುಷಿ ವಚ.|ಮ ತೋನ್ ಸಹಾಯ ಕರುಚು.
alom is able to swim well .|ಅಲೋಮ್ ಥಿಕ್ ಪೇರಚ.|ಅಲೋಮ್ ಠೀಕ್ ಪೆರಚ
samal is totally drunk .|ಸಮಾಲ್ ಪೂರ್ತಿ ಪಿಮಲೋಚ.|ಸಾಮ್ಯುವೆಲ್ ಸಾರಿ ಪಿದೊ
she will not do her homework .|ವು ವೊರ್ ಘರೇರ್ ಕಾಮ್ ಕರೆನಿ.|ವು ವೊರ್ ಘರೇರ್ ಕಾಮ್ ಕರೆನಿ.
what did you mean by saying that ?|ಹನು ಕೆರ ತಾರ ಮತಲಬ್ ಕಾಂಯಿ ಚ?|ಯೆರ ಕಾಂಯಿ ಮತಲಬ್ ಚ
the new shoes are small for me|ನವ ಬೂಟ್ ಮನ ನಾಣಕ್ಯಾ ವೇಗೆಚ|ನವೋ ಬೂಟ ಮಾರ ಸಾರು ನಾಣಕ್ಯಾ ಚ.
where do i come on mondays ?|ಸೋಮವಾರೇರ ಮ ಕತ್ ಆಂವು?|ಮ ರವಿವಾರೆರ್ ಕತ್ ಆವುನಿ.
ajul is feeding the sheep|ಅಜುಲ್ ಮಿಂಡಿ ಚರಾರೋಚ|ಅಜುಲ್ ಮಿಂಡಿರ ಡಾರೋಚ
there are many species of plants on earth|ಜಮೀ ಪರ ಘಣ ವಾನಾರ ಝಾಡ ಚ|ಜಮಿ ಪರ ಘಣ ಪಕ್ಷಿಯೋ ಚ
he is counting his last days .|ವು ವೊರ್ ಆಖರಿ ದಾಡ್ ಗಣ ರೋಚ.|ವು ವೊರ್ ಆಖರಿ ದಾಡೋಚ.
sorry for the inconvenience .|ಅಸುವಿಧಾರ ವಾಸ್ ಮಾಫ್ ಕರೋ.|ಗಡ್ಬಡ್ ವೇಗಿ ಕ್ಷಮಾ ಕರೋ.
you ought to have adopted his plan .|ತು ವೋರ ಯೋಜನೇರ ನಾಯಿ ಚಾಲನು.|ತು ವೊರ್ ಯೋಜನೆ ಕು ಛ ಜು ಲೇಣು.
she ran as fast as her brother .|ವು ವೊರ್ ಭಾಯೀರ್ ಅತ್ರಾ ಜೋರ್ ಭಡಕಿ.|ವು ವೋರ ಭಾಯಿ ಭಾಯೀರ ನಾಯಿ ಧಾಸಗಿ
the king prohibited carrying food .|ರಾಜ ಖಾಣೊ ಲೇಜಾಯೆರ ಬಂದ ಕಿದೋ|ರಾಜಾ ಖಾಣೊ ಕರೆರ ಛೋಡ್ ಲಿದೊ
it was white coloured snake .|ಉ ಧೊಳೋ ಬಣ್ಣರ್ ಸಾಪ್ ಛ.|ಈ ಧೊಳೋ ಬಣ್ಣಾ ವೆತ್ತೋ.
we do not buy many clothes .|ಹಮ್ ಘಣ ಸಾಮಾನ್ ಖರೀದಿ ಕರಾನಿ|ಹಮ್ ಘಣ ಸಾಮಾನ್ ಲಾಮಾನಿ
the house was in flames .|ಘರ್ ಹೊತ್ತನ ಬಳ್ ರೋತೊ.|ಘರೇನ ಅಂಗಾರ ಲಗ್ಗೋಚ
we boarded a boat today|ಹಮ್ ಆಜ ಜಹಾಜೆಮ ಚಡೆ|ಹಮ್ ಆಜ ಏಕ ಜಹಾಜ್ ರೆಚಾ
tiger is a ferocious animal|ವು ಏಕ ಕಾಲೇಜೆರ ವಿದ್ಯಾರ್ಥಿ ರಚ್|ಬಾಘ್ ಕ್ರೂರ್ ಜಾನ್ವರ್ ಚ
we sang too much last night .|ಹಮ್ ಕಾಲ್ ರಾತ ಘಣ ಗಿದಗಾಯೆ|ಕಾಲ್ ರಾತ್ ಘಣ್ ಗಿದ್ ಗಯೆ.
you had better take a little rest .|ತು ದಸೆಕ್ ಅರಾಮ್ ಕರ ಜೋಣ ಠೀಕ್ ರಚ.|ತು ದಸೆಕ್ ಅರಾಮ್ ಕರ್ ಜೋಣ ಠೀಕ್ ರಚ.
i am tired of this city .|ಮನ್ ಏ ಗಾಮೇತಿ ಬ್ಯಾಸರ ವೇಗಿಚ.|ಮನ್ ಏ ಗಾಮೇಮ ಸುಸ್ತ್ ವೇಗಿಚ.
i think the train is the best .|ರೈಲ್ವೆ ಠೀಕ್ ರಚ್ ಕೆನ್ ಮನ್ ಅನ್ನಸಾವಚ.|ರೈಲ್ವೆ ಸೆತ್ತಿ ಠೀಕ್ ಚ ಕೆನ್ ಮನ್ ಅನಸಾವಚ.
please let me know what you want .|ಕೃಪಯಾ ತಮನುನ್ ಕಾಂಯಿ ಚಾವಚ್ ಮನ್ ಕೋ.|ಕೃಪಯಾ ಕಾಂಯಿ ಚಾವ ಜಕೋಣ ಮನ್ ಕೋ.
would you like a cup of tea ?|ತಮನುನ್ ಏಕ ಕಪ್ ಚಾ ಚಾವಚ ?|ತೋನ ಏಕ್ ಕಪ್ ಚಾ ಪಸಂದ್ ಚ.
o ! goddess grace me|ಹೇ! ದೇವಿ ಮಾಪರ್ ಕೃಪಾ ಕರ|ಏ! ದೇವಿ ಮನ ಕೃಪಾ ಕರ
she was crying and arguing .|ವು ರೋತಿ ಲಡಾಯಿ ಮಾರ್ರಿತಿ.|ವು ರೋರೋತೋ.
where is the nearest station ?|ಅತ ಕನ್ನೆರ ಸ್ಟಾಪ್ ಕತ್ ಚ?|ಅತ ಕನ್ನೆರ ಸ್ಟೇಷನೇನ ಕತ್ ಚ?
the farmer is cutting down the tree|ರೈತೆವು ಜಾಡ್ ಕಾಟರೇಚ|ರೈತ ಝಾಡ ಕಾಟರೋಚ
he is wearing wet clothes .|ವು ಭೀನೋ ಜಿಗಲಾ ಪೆರ್ಮಲೋಚ.|ವು ಭಿನ್ಜಾಗೇಚ.
people go on hunting on sunday .|ಲೋಗ ರವಿವಾರೇರ ಎಡೊ ರಮ್ಮೆನ ಜಾವಚ.|ಲೋಗ ರವಿವಾರೇರ ಎಡೊ ರಮ್ಮರೇಚ.
slow down or you will fall .|ಸಾವಕಾಶ್ ನೀತರ್ ಪಡೆಚಿ.|ಸಾವಕಾಶ್ ಕರ್ ನೀತರ್ ತು ಪಡೆಚಿ.
i went down to open the door .|ಮ ಬಾಕಲ್ ಕಾಡೇನ್ ಹೆಟ್ ಗೆ.|ಮ ಬಾಕಲ್ ಕಾಡನ್ ಗೆ
aakash was very confused .|ಆಕಾಶ ಘಣ್ ಗೊಂದಲೆಮ ವೆತ್ತೋ.|ಆಕಾಶ ಘಣ್ ಗೊಂದಲಾ ಮ ವೆತ್ತೋ.
hear the buzzing bees .|ಮಾಂಗಲೇರ್ ಕೀಡಾರ್ ಆವಾಜ ಸಾಂಬಳನು|ಬಳದ ಜಕೋಣ ವಾಳೊಲಿ ಸಾಮಳೋ.
i know what is written in the paper|ಪೇಪರೇ ಮಾಯೀ ಕಾಯೀ ಲಕಮೇಲೇ ಚ ಮನಮಾಲಮ್ ಚ|ಪೇಪರ್ ಕಾಯಿ ಲಖಮೇಲೇ ಚ ಮನ ಮಾಲಮ್ ಚ.
he is making his son cut the trees|ವು ವೋರ ಬೇಟಾ ನ ಝಾಡ ಕಾಟ್ನುಜಿಂವ ಕರರೋಚ|ವು ವೋರ ಬೇಟಾ ಝಾಡ ಕಾಟರೋಚ
the forest looked cool and shady|ಜಂಗಲೇಮಾಯಿ ಛೇಂಡಿ ಆನ ಘಣ ತಂಪ ವೆತ್ತಿ|ಜಂಗಲೇಮಾಯೀ ಛಂದ ದಿಕಾರೋಚ
i have lost my glasses .|ಮ ಮಾರ್ ಚೆಸ್ಮ ಗಮಾ ಲಿದೊಚು .|ಮ ಮಾರ್ ಚಸ್ಮಾ ಗಮಾಲಿದೋಚು.
what would the world be without women ?|ಬಾಯಿಗೋಳೆ ನ ರೀ ಕತೋ ಜಗತ್ತ್ ಕು ರೇವಾಳತೊ?|ಜಗತ್ ಮೂರ್ಖೆನುತಿ ಕಾಂಯಿ ರಚ.
father brought all household stuff from market|ಬಾಪ ಘರೇನ್ ಚಾವ ಜಕೋಣ ಸಾಮಾನ್ ಸೇಜ ಹಾಟೇತಿ ಲಾಯೇಚ|ಬಾಪ್ ಮಾರ್ಕೆಟೇಮ್ ಸೆ ಸಾಮಾನ್ ಲಾಯೋಚ.
i cannot find a tall dress|ಮನ್ ಲಾಂಬೂ ವಸ್ತ್ರ ಮಳ್ರಿಕೊಂತಿ|ಮನ ಲಾಂಬೋ ಜಿಗಲಾ ಮಳೆನೀ
alom wants a one rupee note .|ಅಲೋಮೆನ್ ಏಕ್ ರಪ್ಯಾರ್ ನೋಟ್ ಚಾಯೆ.|ಅಲೋಮೆನ್ ಏಕ್ ರಪ್ಯಾ ಚಾವಚ.
i have lost my ticket of train .|ಮಾರ್ ರೈಲ್ವೆ ಟಿಕೆಟ್ ಮ ಗಮಾ ಲಿದೊಚು .|ಮ ಮಾರ್ ರೈಲ್ವೆ ಟಿಕೆಟ್ ಗಮಾಲಿದೋಚು.
rice is eaten in the southern india|ದಕ್ಷಿಣ ಭಾರತೇಮಯೀ ಚಾವಳ ಖಾವಚ|ಉತ್ತರ ಕರ್ನಾಟಕ ಮಾಯಿ ಚಾವಳ ಖಾವಚ.
heavy rain makes the soil fertile|ಘಣೋ ಪಾಣಿ ಪಡೋ ಕತೋ ಖೇತ ಆಚೊ ಪಿಕ್ ಆವಚ.|ಪಾಣಿ ಘಣೋ ಜೋರಚ
the newly wed couple accompanied by their relatives|ನವೀನ ವಾಯಾ ವೇಮಲೆ ಜಕೋಣ ಸಂಭಂದಿಕ್ ಜೋಡಿ ಆಯೆಚ್.|ನವೀನ ವಾಯಾ ವೇಂಲೇಜೆನ್ ವೇತಡು ನವಲೆರಿನ್ ಸಂಭಂದಿಕ್ ಬಲಾವಚ.
we can see a big mountain over there|ಆಪಣ ವೊತ್ತ ಏಕ ಮೋಟೋ ದಡಿಯಾ ದೇಕ್ ಸಕಾಚಾ|ಹಮ್ ವತ ಏಕ ಮೊಟ ಗುಡ್ಡಾ ದೇಕ್ ಸಕಾಚಾ.
i can not hear you from so far|ಮನ್ ಅತರಾ ದೂರೇತಿ ತಾರ ವಾತೇ ಸಾಮಳಾಯೇನೀ|ತು ಅಬೆಲಗಾ ಮನ್ ಸಾಮಳಾರಿಕೊಂತಿ.
i want to ask you a question .|ಮ ತೋನ್ ಏಕ್ ಪ್ರಶ್ನೆ ಪುಚು ಕೆರೊಚು.|ಮ ತೋನ್ ಏಕ್ ಪ್ರಶ್ನೆ ಪುಚು
forget it. it is not worth it .|ಭೂಲ್ ನಾಕ್ ವು ಕಾಂಯಿ ಕಾಮೇರ್ ಕಾವ.|ವೊನ್ ಭುಲ್ತ್ ಛೆನಿ.
this story entertains the small children .|ಈ ಸಾಕಿ ನಾಣಕ್ಯ ಛಿಜ್ಯಪರೇರ ಮನೋರಂಜನ ಕರಚ|ಈ ಸಾಕಿ ನಾಣಕ್ಯ ಛಿಜ್ಯಪರೇರ ಮನರಂಜನೆ ಚ
she pulled my shirt .|ಉ ಛೋರಿ ಮಾರ್ ಜ್ಹಿಗಲಾ ಖಿಚಿಛ.|ವು ಮಾರ್ ಜಿಗಲಾ ಕಾಡಿಚ.
you had been working at that company .|ತು ವೊ ಕಂಪನಿ ಮ ಕಾಮ್ ಕರ್ರೊತೊ|ತು ವೊರ್ ಜೋಡಿ ಕಾಮ್ ಕರ್ರೊತೋ.
i am looking for an old lady .|ಮ ಏಕ್ ಬುಡ್ ಡೊಕ್ರಿನ ಧುನ್ದರೋಚು.|ಮ ಜೂನೋ ಧೂನ್ದರೋಚು.
carrying nets on our shoulders|ಹಮಾರ್ ಕಾಂದೇಪರ ಜಾಲ್ ಪಾಡಲೇನ|ಜಗತ್ತೇ ಮಾಯಿ ಮೋಕ್ಷ ಚಾಯೆ ಕತೋ ನೀ.
cow milk is very tasty .|ಗಾವಡಿರ ದೂದ ಘಣೊ ಸ್ವಾದಿಷ್ಠ ರಚ|ಗಾವಡಿ ಘಣ್ ಸ್ವಾದಿಷ್ಟ ಚ.
i could not see any stars tonight|ಆಜ ರಾತ ಮನ್ ಕುಣಸಿ ತಾರಾ ದಿಸಾಯೆ ಕೊಂತಿ|ಮನ್ ಆಜ್ ರಾತ್ ತಾರಾ ದಿಕಾವಚ
i am nervous about it .|ವೊರ್ ವಾಸ್ ಮ ಘಣ್ ಬೆಚೈನ್ ಚು.|ಮನ್ ವೊರ್ ಬಗ್ಗೆ ಚಿಂತಿ ಚ.
rice harvest was very poor .|ಸಾಳೇರ್ ಫಸಲ ಘಣ ಖರಾಬ ವೇತ್ತಿ.|ಚಾವಳ್ ಘಣ ಗರೀಬ್ ವೇತ್ತಿ
i fear a storm will come tonight|ರಾತ ಅಂಗಳೋ ಆವಚ ಕನ ಮನ ಚಮಕಣಿ ಚ|ಮನ್ ಆಜ ರಾತ್ ಆರೋಚ್ ಕೆನ್ ಚಮಕಣಿ ಲಾಗರಿಚ.
how much do i owe you ?|ಮ ತಾರ್ ಕತ್ರಾ ಸಾಲಾ ದೇಣು?|ಮ ತಾರ್ ವಯಸ್ ಕತ್ರಿ ಚ.
the birds are singing in the trees|ಜಾಡೇರ್ ಪರ್ ಪಕ್ಷಿಯೋ ಗಿದ್ಗಾರಿಚ್|ಪಕ್ಷಿವೊ ಝಾಡೇಪರ ಗಿದಗಾರಿಚ
alom has never trusted me .|ಅಲೋಮ್ ಕನ್ನಾಯಿ ಮಾಪರ್ ವಿಶ್ವಾಸ್ ಕಿದೋ ಕೋನಿ.|ಅಲೋಮ್ ಮನ್ ಕನ್ನಾಯಿ ನಂಬಕಿ ಕೋನಿ.
in this way he appeared before them .|ಹನು ವು ವೂನೂರ ಮುಂಡಾಗ ಆಯೋ|ಹನು ವೂನೂರ್ ಮುಂಡಾಗ ವು ವೂನೂರ್ ಮುಂಡಾಗ ಆಯೋ
alom trusts me very much .|ಅಲೋಮ್ ಮನ್ ಘಣ ನಂಬಚ್.|ಅಲೋಮ್ ಮನ್ ಘಣ ನಂಬ್ ಛ.
sneha is feeling angry .|ಸ್ನೇಹಾ ನ ರಿಸ್ ಆರಿಚ.|ಸ್ನೇಹಾ ರಿಸ್ ಕರ್ರಿಚ.
you are irresistible .|ತೋನ್ ಥಾಮೇರ್ ವೇನಿ.|ತು ಬೇವಕೂಫ್ ಚಿ.
i am staying at his house .|ಮ ವೊರ್ ಘರ್ ರೆರೋಚು.|ಮ ವೊರ್ ಘರ್ ಪರ್ ರುಚು.
fold the shirt properly|ಜಿಗಲಾ ಠೀಕ ಧಡಿ ಕರ|ಜಿಗಲಾ ಠೀಕ ಘಾಲೊ
the cat is near the fireplace|ಸಿಬ್ಬಿ ಅಂಗಾರೇರ ಕನ್ ಚ|ಸಿಬ್ಬಿ ಅಂಗಾರೇರ ಕನ ಚ.
he knocked at the door .|ಉ ಬಗಲ್ ಮಾರೋ|ವು ಬಾಗಲ್ ಮಾರೋ
i would rather not prefer it .|ಮ ವೊನ್ ಜಾಸ್ತ್ ಪಸಂದ್ ಕರುನಿ.|ಮ ವೊನ್ ಪಸಂದ್ ಛೆನಿ.
she hadn 't been working .|ವು ಕಾಮ ಕರರಿತಿ ಕೋನಿ.|ವು ಕಾಮ್ ಕರ್ರಿಕೊಂತಿ.
i would like to speak to her .|ಮ ವೊತಿ ವಾತೆ ಕರೆರ್ ಚಾವರೊಚು.|ಮನ್ ವೊರ್ ಜೋಡಿ ವಾತೆ ಕರೆರ್ ಚ.
we will not be there on time .|ಹಮ್ ವತ ಸಮಯ ರಚನ ಆಮಾನಿ|ಹಮ್ ವತ ಸಮಯ ಪರ್ ರೇಮಾನಿ
yes it happens from time to time .|ಹಾ ಈ ಕನ್ನಾ ವನಾ ವಚ.|ಹಾವ್ ವೂ ಸಮಯ ಖುಟಚ್
sheena is shorter than her .|ಶೀನಾ ವೊತಿ ನಾಣಕಿ ಚ.|ಶೀನಾ ವೊತಿ ನಾಣಕ್ಯ ಚ.
this dog belongs to sita .|ಈ ಕುತ್ರ ಸೀತರ ಛ.|ಈ ಕುತ್ರ ಸೀತ ಚ
i have had an earache .|ಮಾರ್ ಕಾನ್ ದುಕರೋಚ.|ಮಾರ್ ಕನ್ ಅರಾಮ್ ಛೆನಿ.
my banana was stolen .|ಮಾರ್ ಬ್ಯಾಗ್ ಚೋರಿ ವೇಗಿಚ.|ಮಾರ್ ಕೇಳಾ ಚೋರಿ ವೇಗಿಚ.
my bag was stolen .|ಮಾರ್ ಬ್ಯಾಗ್ ಚೋರಿ ವೇಗಿಚ.|ಮಾರ್ ಬ್ಯಾಗ್ ಗಮಾಗೀತಿ
the child is crying badly .|ಪಾಪು ಘಣೊ ರೋರೋಚ|ಪಾಪು ಘಣ ರೋರೋಚ.
it is time to go to bed .|ಸೊಯೆರ್ ಸಮಯ್ ವೇಗಿಚ.|ಸೋಯೆನ್ ಜಾಯೆರ ಸಮಯ ಚ.
she hasn 't made it yet .|ವು ಅಜಿ ಕಿದಿ ಕೊಂತಿ.|ವು ಅಬೆಲಗೂ ಕಿದೊಕೊಂತಿ.
it is supposed to rain tomorrow .|ಸವಾರ್ ಪಾಣಿ ಪಡಚ.|ಸವಾರ್ ಪಾಣಿ ಪಡನು.
this glass of milk is full .|ಈ ಗಿಲಾಸೆಮ್ ದೂದ ಚ|ಎ ಗ್ಲಾಸೆಮ ದೂದ್ ಭರೋಚ.
she is not washing her hair .|ವು ವೊರ್ ಲಟ್ಟಾ ಧೊರಿಕೊಂತಿ.|ವು ವೊರ್ ಲಟ್ಟಾ ಧೊರಿಕೊಂತಿ.
at that time they sing the songs .|ವೊ ಸಮಯ್ ಪರ ವೊ ಗೀದೆ ಗೀದಗಾವಚ|ಓ ಟೈಮ್ ಮೆಮಯಿ ವೊ ಗಿದೆ ಗಿದಗಾವಚ.
i like swimming very much .|ಮನ್ ಪೇರೇರ ಘಣ್ ಪಸಂದ್ ಚ.|ಮನ್ ಘಣ್ ಪೇರೇನ್ ಪಸಂದ್ ಚ.
i hadnot been working there .|ಮ ವತ್ ಕಾಮ್ ಕಾರ್ರೊತೊ ಕೋನಿ.|ಮ ವತ್ ಕಾಮ್ ಕಿದೋ ಕೊಂತಿ.
who will look after the cats ?|ಸಿಬ್ಬಿನುನ ಕುಣ ದೇಕಚ?|ಸಿಬ್ಬಿನುನ ಕುಣ ದೇಕರೆಚ ?
in the forest she fainted .|ಜಂಗಲೆಮ ವು ಬೇಹೋಶ್ ವೇಗಿ|ವು ಜಂಗಲೇಮ್ ಫೇಲ್ ವೇಗಿಚ
let us move on to something else .|ದುಸರಿ ವಡಿ ಜಾಮಾ ಚಾಲೋ.|ಅಜಿ ದೂಸರ್ ಕಾಂಯಿಕ್ ಚಾಲೆನ್ ಜಾಮಾ.
what is the colour of your house ?|ತಮಾರ ಘರೇರ ರಂಗ ಕುಣಸೊ ಚ?|ತಾರ ಘರೇರ ರಂಗ ಕುಣಸೋಚ ?
why have you left me and went away|ತು ಮನ್ ಕಾ ಛೋಡನ್ ದರಗೊ|ತು ಮನ್ ಕಾ ಛೋಡನಾಕೊ?
let anybody come and serve food .|ಕೊಯಿಕ ಆನ ಬಾಟಿ ಘಾಲೊ|ಕೊಯಿಬಿ ಬಾಟಿ ಘಾಲ ಅನ ಖಾವಚ.
it went to the potters house .|ವು ಕುಂಬಾರೇರ ಘರೇನ ಗೆ|ವು ಕುಂಬಾರೇರ ಘರೇನ ಗೆ
i am not convinced at all .|ಮನ್ ಅಜಿ ಖಾತರಿ ವಿಕೊಂತಿ.|ಮನ್ ಸೆಮಾಯಿ ನಂಬಿಕೆ ಛೆನಿ.
he is afraid of the dark .|ವು ಅಂದಾರೇತಿ ಚಮ್ಕಚ.|ವು ಅಂದಾರೇತಿ ಚಮಕಚ
these shoes do not fit right .|ಏ ಬೂಟ್ ಟಾಂಗೆಮ ಠೀಕ ಆಯೆನಿ|ಈ ಬೂಟ್ ಠೀಕ್ ಛೆನಿ.
what time does the next bus come ?|ಆಂಗೇರ್ ಬಸ್ ಕತ್ರಾನ ಆವಚ?|ಆಂಗೇರ ಬಸ್ ಕತ್ರಾನ್ ಚ?
there is a well in front of you|ತಮಾರ್ ಮುಂಡಾಗ್ ಏಕ್ ವಾವಡಿ ಛ.|ತಾರ ಮುಂಡಾಗ ಏಕ ವಾವಡಿ ಚ
why do you want to leave today ?|ತು ಆಜ್ ಕಾ ಜಾಯೆರ್ ಚಾವರೊಚಿ?|ತು ಆಜ್ ಕಾ ಜಾಯೆಚಿ ?
the old man was sleeping .|ಡೊಕ್ರಾ ಸೂತೋತೊ|ಡೋಕರಾ ಸುತೋತೊ
she has a gentle heart .|ಓರ್ ಮನಸ್ ಫೂಲ್ ನಾಯಿ ಛ.|ವೊರ್ ದಲ್ ಗೃದಯ ಛ.
i would rather die than lose you|ಮ ಮರಜಾಂವುಂಚು ಪಣ ತೋನ ಗಮಾಲುನಿ|ಮ ತಾರ್ ಗಮಾಗಿ ಜೇತಿ ಮರುಚು
the company gave him a gold watch|ಕಂಪನಿ ವೊನ ಏಕ ಸೋನೇರ ಗಡಿಯಾರ ದಿನಿಚ.|ಸಂಗೀತ ವೊನ ಸೋಳೋಚ
bird lay egg in nest|ಹಕ್ಕಿ ಮಾಳೋಮಾಯಿ ಇಂಡಾ ಮೇಲ ಚ|ಚಲಕೋಡಿ ಕಿಡಕಿಡಾನ ಖಾವಚ
he began to learn kanada .|ವೂ ಕನ್ನಡ ಸಿಕೇನ್ ಚಾಲೂ ಕಿದೆ ಚ|ವು ಕನ್ನಡ ವೊದೆರ್ ಚಾಲು ಕಿದೋ
you go first to the hospital .|ತು ಮದ್ಲೇ ದವಾಖನಿನ್ ಜೋ.|ತು ಪೆಹಲೆ ಸಲಾ ಸಾಲಿನ್ ಜೋ.
smoking is bad for health .|ಬಿಡಿ ಪಿಯೆರೊ ಜಿವೆನ್ ಘಾತ್ ಕರಚ.|ಸಿಗರೇಟ್ ಪಿಯೆರ್ ಮಾಂದೊ ಚ.
let it spread wide like a tree|ಯೇನ ಝಾಡೇರ ಪೆಡೆರ ನಾಯಿ ಚೋಡೊ ವೇದ|ವು ಝಾಡೇನಾಯಿ ಮೋಟೋ ವೇದ
you are my reason for living .|ಮ ಜಿವಂತ್ ರೇನ್ ಕಾರಣ್ ತು ಚಿ|ತಮ್ ಮಾರ್ ಜೀವನೆನ್ ಕಾ ಛ ಕೆನ್ ಮಾರ್ ಕಾರಣ್ ಚಿ.
is there a bank near here ?|ಅತ್ ಕನ್ ಏಕಾದ್ ಬ್ಯಾಂಕ್ ಛ ಕ?|ಅತ್ ಕನ್ ಬ್ಯಾಂಕ್ ಛ ಕ?
the box is made of wood .|ಪೆಟ್ಟಿಗೆನ್ ಝಾಡ್ ಯೇತಿ ಕರ್ ಮಲೇಚ.|ಪೆಟ್ಟಿಗೆ ತಿ ಲಕಡಿತಿ ಕರ್ಮಲೇಚ.
she welcomed them and served food .|ವು ವೂನೂರ ಸ್ವಾಗತ್ ಕಿದಿ ಅನ ಬಾಟಿ ಘಾಲಿ|ವು ವೂನುನ ಖಾಣೊ ಘಾಲಿ ಅನ ಖಾಣೊ ಘಾಲಿ
why do not you eat vegetables ?|ತು ತರಕಾರಿನೊ ಕಾ ಖಾಯೆನಿ?|ತು ಕಾಯಿಪಲ್ಯ ಕಾ ಖಾವೊಚಿ?
men and women dance round their victim|ಮಾಟಿ ಅನ ಬಾಯಿಗೋಳೇ ಶಿಕಾರೆರ್ ಸುತ್ತ ನಾಚತೆ ಫರಚ|ಮಾಟಿ ಅನ ಬಾಯಿಗೋಳೇ ನಾಚಚ
eye colour changes from person to person|ಮಾಣಸೇತಿ ಮಾಣಸೇರ ಆಂಖಿರ ಬಣ್ಣಾ ದುಸರೋ ರಚ|ಆಂಕಿತಿ ರಂಗ ಬದಲೋ
he is dependent on his wife|ವು ವೋರ ಗೊಣ್ಣಿ ರ ಭರೊಸೆ ಪರಚ|ವು ವೋರ ತಾಂಡರಿ ಪರ ನಿರ್ಭರ್ ವೇ
he sent a challenge for fight .|ವು ವೊನ ಏಕ ಚುನೌತಿ ದೇಮಲೋಚ ಕೇನ ಕಿ|ವು ಯುದ್ಧ ಕರೇನ ದೇಮಲೋಚ
you must allow for his youth .|ತು ವೊರ್ ಜವಾನಿ ರ ವಾಸ್ ಅನುಮತಿ ದೇಣು.|ತು ವೊರ್ ಜವಾನ ಅನುಮತಿ ಕರನು.
did you miss the morning bus ?|ತಾರ್ ಪರ್ಬಾತೀರ್ ಬಸ್ ಛೂಟಗೀಚ್ ಕ?|ತಾರ್ ಬಸ್ ಚುಟಗೀಚ್ ಕ?
he neither does this nor that .|ವು ಏನ್ ಬಿ ಕಿದೋ ಕೊನಿ ಅನಾ ವೊನ್ ಬಿ ಕಿದೋ ಕೊನಿ.|ವು ಹನು ಕರೆನಿ.
we are proud to be indians .|ಹಮ್ ಭಾರತ್ ವಾಸಿ ಛಾ ಕೆನ್ ಖುಷಿ ಪಡಾಛಾ.|ಹಮೇನ ಹಿಂದುನೋ ವ ಜನಾ ಗರ್ವ್ ಚ
the panchayat settles all the problems|ವಾಡಕಿ ಅನ್ ಆಚಿ ವಾತೇತಿ ಕುಣಸಿಬಿ ಸಮಸ್ಯಾರ ಉತ್ತರ ದೂoಡಚ್|ಪಂಚಾಯತ್ ಸೆ ಸಮಸ್ಯೆ ಕರಚ.
he is used to mountain climbing|ವೋನ ಉಪ್ಪರ್ ಚಡೆನ್ ರೂಡಿ ವೇಮಲಿಚ|ವೋನ ದಡಿಯಾ ಚಡೇರ ರೂಡಿ ವೆಮೆಲಿಚ
the caterpillar was dark green in color|ಕಿಡಾ ಘಣೋ ಹರೋ ರಂಗೇರೋಚ|ಮೇಣರ್ ರಂಗ ಹರೋ ವೇತ್ತಿ
the young man of golden hair washer lost son .|ಲಾರ್ತಿ ಡೋಕರಿನ ಮಾಲಮ್ ವಿ|ಸೋನೇರ ಲಟ್ಟಾವಾಳೋ ವೋರ ಬೇಟಾ ಗಮಾಲಿದೋಚ
afterwards they led a life of contentment .|ಲಾರ್ತಿ ವೊ ಸಂತೋಷೇತಿ ರೇ|ಲಾರ್ತಿ ವೊ ಖುಷಿತಿ ರೇ
you must make up your mind and that at once .|ತು ಏಕ ಸಲಾ ಮನಸ್ ಕರನು.|ತು ತಾರ್ ಮನಸ್ ಕರನು.
i apologize for my mistakes .|ಮ ಮಾರ್ ಗಲತಿನೂರ್ ಮಾಫಿ ಮಾಂಗುಚು.|ಮ ಮಾರ್ ಗಲತಿ ಮಾನ್ ಲುಚು.
she would marry whoever reached the bank .|ದಂಡಿನ ಕುಣ ಆನ ಪುಚ ಜೇತಿ ವಾಯಾ ಕರುಚು|ಉ ಛೋರಿ ಬ್ಯಾಂಕ್ ಕುಣ ಆನ ವಾಯಾ ಕರಚ
holi now finally begins according to his directions .|ಹೋಳಿನ ಅಬ ವು ಕು ಕ ಜು ಕರಚ|ಹೋಳಿನ ಅಂತೆಮ ವೋರ ದಿಕ್ಕೆಮ ಚಾಲು ವಚ
i can climb the coconut tree .|ಮ ನಾರಳೇರ್ ಝಾಡ್ ಚಡ್ ಸಕುಚು.|ಮ ನಾರಳೆರ್ ಝಾಡ ಚಡ ಸಕುಚು.
the fog was thick early in the morning|ಪರಬಾತಿ ವೋಸ ಘಣೋ ಪಡರೋತೋ|ವೋಸ ಪಡೆರೋ ಕಮ್ಮ ವೇತ್ತಿ
my mouth filled with water after seeing sweets|ಮಿಟೊ ದೇಕನ್ ಮಾರ ಮುಂಡೇಮ ಪಾಣಿ ಆಯೋ|ಮಾರ ಮುಂಡೋ ಮಿಟೋ ಪಾಣಿ ಭರೋಚ.
such changes are quite common in folk literature .|ಜಾನಪದ ಸಾಹಿತ್ಯಮ ಅಸ ಬದಲಾವ ವಚ|ಜಾನಪದ ಸಾಹಿತ್ಯರ ಪ್ರಕಾರೇನುಮ ಘಣ ಸಾಮಾನ್ಯ ರಚ
it was not separated for a longtime .|ವು ಘಣ ವಾಳೆಲಗಾ ದೂರ ವೇತೊ ಕೋನಿ|ಏನ್ ಘಣ್ ಸಮಯ್ ವೇಗಿಚ.
he burned down the bamboo forest|ವೂ ಬಿದರೆರ ಕಾಡೇನ ಬಾಲನಾಕೆ|ವು ವಾಸಳಿರ ಜಂಗಲ್ ಲಕಡಿ ಬಳರೋಚ
he made a plan to entrap them .|ವು ವೂನುನ ಫಸಾಯೆರ ಯೋಜನೆ ಕಿದೋ|ವು ವೂನುನ ಏಕ ಯೋಜನೆ ಕಿದಿ
in front of you your father-in-laws party|ತಮಾರ್ ಮುಂಡಾಗ್ ತಮಾರ್ ಮಮಾರ್ ಪಕ್ಷ ಛ.|ತಮಾರ್ ಮುಂಡಾಗ್ ತಮಾರ್ ಪುಫಿರ್ ಪಕ್ಷ ಛ.
i would rather be a bird than a fish .|ಮ ಮಾಚಳಿತಿ ಬಿ ಪಕ್ಷಿ ವೇನ್ ಪಸಂದ್ ಕರುಚು.|ಮ ಏಕ ಮಾಚಳಿ ಪಕಡೆನ್ ಜಾವುನ್ಚು.
the scared tiger went to a camel .|ಬಾಘ್ ಚಮಕನ ಒಂಟೆ ರ ಕನ ಗೆ|ಚಮಕಣಿ ಬಾಘೆನ ಗೆ
he wanted to make the children remain with him .|ವು ಛಿಜ್ಯಪರೇನ ವೋರ ಕನ್ನ ರಕಾಡೇನ ಚಾವರೊತೊ|ವು ಬೇಟಿಬೆಟಾನುನ್ ವೋರ ಜೋಡಿ ರೇ ಕೇನ ಚಾವರೊತೊ
what do you want to do in the future ?|ತು ಭವಿಷ್ಯೇ ಮ ಕಾಂಯಿ ಕರು ಕೆರೋಚಿ?|ತು ಭವಿಷ್ಯ ಮ ಕಾಂಯಿ ಕರು ಕೆರೊಚಿ?
which is the nearest bus-stop ?|ಕನ್ನೆರ್ ಬಸ್ ಸ್ಟಾಪ್ ಕುಣಸ್ ಚ ?|ಅತ ಕನ್ನೆರ ಬಸ್ ಸ್ಟಾಪ್ ಕಾಂಯಿ ಚ?
gourd is a very good vegetable .|ಲೌಕಿ ಘಣ ಆಚ ತರಕಾರಿ ಚ|ದಾಳ ಘಣ ಆಚೊ ನಂಗಾಣ ರಚ
you made the same mistake as last time .|ತು ಲಾರೇರ್ ಸಲಾ ರ ನಾಯಿ ಗಲತ್ ಕಿದೋಚಿ.|ತಮ್ ಲಾರೇರ್ ಸಲಾಮ್ ತಪ್ಪ್ ಕಿದೆಚೊ
these provide entertainment after their tedious work .|ವತ್ ಘರ್ ನಾಯಿ ಕಲಾ ಅನ್ ಸಾಹಿತ್ಯ ಚ್|ಏ ವೂನೂರ್ ಆಂತರಿಕ ಕಾಮೇರ ಪಚ ರಂಜನೆ ದಚ
i found a parrot nest here ?|ಮ ಅತ ಗಿಳಿರ ಮಾಳೋ ದಿಟೋ.|ಮ ಅತ್ ಏಕ್ ಪಾರ್ಟಿ ಮಳೋ.
my hen has been laying eggs|ಮಾರ ಕುಕಡಿ ಇಂಡಾ ಮೇಲರಿಚ|ಮಾರ ಕುಕಡಿ ಇಂಡಾ ಮೇಲರೋಚ.
she greeted me with a smile .|ವು ಹಾಸತಿ ಮಾರ ಸ್ವಾಗತ ಕಿದಿ.|ವು ಮನ್ ದೇಕನ ಹಾಸಿ
the wifes hair began toburn .|ತಾಂಡರಿರ ಲಟ್ಟಾ ಬಳೆಲಗೆ|ಬಾಯಿಗೋಳೇರ್ ಲಟ್ಟಾಮಾಯಿ ಜುಂವೆ ವೆರಿಚ
on the way it requested him to free him .|ವಾಟೆಪರ ವು ವೊನ ಛೋಡ ಕೇನ ವಿನಂತಿ ಕಿದಿ|ವು ವಾಟೆಪರ ವೊನ ಮುಕ್ತ ಕರ ಕೇನ ಮನವಿ ಕಿದಿ
the shepherd withdrew himself .|ಧನಗರ್ ಹೊಟೋ ಸರಕ್ ಗೋ|ಧನಗರ ವೊನ ವಿನಂತಿ ಕಿದೋ
the cow left the place in the morning .|ಪರ್ಬಾತಿ ಗಾವಡಿ ವತೇತಿ ದರಗಿ|ಗಾವಡಿ ಪರಬಾತಿ ಜಾಗಾ ದರಗೋ
the prime ministers son rescued sonawati .|ಮಂತ್ರಿರ ಬೇಟಾ ಸೋನಾವತಿ ನ ಬಚಾಡೋ|ಮಂತ್ರಿರ ಬೇಟಾ ಸೋನಾವತಿ ನ ಬಚಾಡೋ
there was a rich man who had a son .|ಏಕ್ ಸಾವಕಾರೇರ ಏಕ್ ಬೇಟಾ ವೆತ್ತೋ|ಏಕ ಸಾವಕಾರ ಮಾಣಸ್ ವೆತ್ತೋ
do you take the bus to school everyday ?|ತು ಸಾಲಿನ್ ದಾಡ್ಡಿ ಬಸ್ಸೆಮ್ ಜಾಯೆಚಿ?|ತು ದಾಡ್ಡಿ ಸಾಲಿನ್ ಜಾಯೆಚಿ ?
she was crying andasked him what happened .|ಉ ರೋತಿ ರೋತಿ ಕಾಯಿ ವೇಗಿ ಕರನ್ ಓನ್ ಪೂಚಿ.|ವು ವೊನ ಕಾಂಯಿ ವೇಗೋ ಕೇನ ಪೂಚಿ
without economic freedom political freedom is meaningless .|ಆರ್ಥಿಕ್ ಸ್ವತಂತ್ರ ನ ರೀ ಕತೋ ರಾಜಕೀಯ ಸ್ವತಂತ್ರ ಏನ್ ಅರ್ಥ ಛೆಯೀ.|ಆರ್ಥಿಕ್ ಛೆನಿ ಜೋಣ ರಾಜಕೀಯ ಸಾರ್ಥಿಕ ಛೆನಿ
without understanding the context proverbs should not be used .|ಸಂದರ್ಭೆನ ಬಗರ ಅರ್ಥಾ ಕರೆರ ಕಹಾವತೆರ ಉಪಯೋಗ ನ ಕರನು|ಬಗರ್ ಸಮಯ್ ಛೆನಿ ಜೋಣ ಕಹಾವತೆರ ಉಪಯೋಗ ಕರಚ
the caste panchayat is responsible for resolving conflicts|ಲಡಾಯಿ ಚೋಡಾಯೆರ್ ಜವಾಬ್ಧಾರಿ ಜಾತ್ ಪಂಚಾಯತ್ ವಾಲೇರ್ ಚ್|ಜಾತಿ ಪಂಚಾಯತ್ ಲಡಾಯೀನ್ ಜಾತ್ ಪಂಚಾಯತ್ ಜ ಕಾರಣ್ಚ್
clothes are kept on the top of the box|ಲತಾಕೌಡಾ ಸಂದಕೆರ್ ಉಪರ ಮೇಲ್ಮೆಲೆಚಾ|ಪೆಟ್ಟಿಗೆ ಮ ಘಾಲಚ.
he told me that he was leaving the town soon|ವು ಜಲ್ದಿಜ ತಾಂಡೋ ಚೋಡದೇನ ಜಾಮಾಚಾ ಕನ ಕೋ ಮನ|ವು ಮನ್ ಜಲ್ದಿ ಛೋಡೋಚ ಕೇನ ಕೆ
if you can find no water elsewhere .|ಅಗರ ತಮೇನ ಪಾಣಿ ಕತ್ತಿಬಿ ಮಳರೋಕೊಂತಿ ತೊ|ತೋನ್ ಕತ್ತಿಭಿ ಮಳಿಕೊನಿ
these festivals show that they are religious minded|ಏ ಹಬ್ಬಾನುತಿ ವೊ ಧಾರ್ಮಿಕ್ ವಿಚಾರೆರ ವಾಳ ಚ ಕೇನ ಮಾಲಮ್ ವಚ|ಏ ಹಬ್ಬಾನೊ ವೊ ಧಾರ್ಮಿಕ ವಿಚಾರ ಕರಚ ಕೇನ ಏ ಹಬ್ಬಾನ ಮಾಲಮ್ ವಚ
there sleeps in the cradle the sun|ದೋರ ಅನ್ ಸೂಜಿ ಜೋಡಿ ಜಾವ್ ಜಾಕೋನಿ ಸಾಲ ಚ್|ವತ ಸೂರ್ಯಾ ಮ ಸೋವಚ
he breathed heavily after the race finished|ವು ಭಡಕೇರ ವೇಗಿಜೆರ್ ಪಚ ಜೋರೆತಿ ಉಸಲ ಲಿದೋ|ದಾಸ್ಸೇರ ಪಚ ವು ಧಾಸಗೊ
i can see smoke coming out from that house|ವೋ ಘರೇತಿ ಧುಂವ್ ಆರೋ ಜೇನ ಮ ದೇಖರೋಚು|ಮ ವೋ ಘರೇರ ಭಾರ್ ಸಿಗರೇರೋ ಜೋಣ ದೇಕ್ ಸಕುಚು.
i never liked to eat tobacco|ಮ ಕನಾಯಿಬಿ ತಮಾಕು ಖಾಯೇನ ಇಷ್ಟಾ ಪಡುನಿ|ಮ ಸಾಮಾನ್ ಖಾಯೆನ್ ಇಷ್ಟ ಕರುನಿ
you must not depend on others for help .|ತು ಸಹಾಯ ರ ವಾಸ್ ದುಸರೇರ್ ಪರ್ ನಿರ್ಭರ್ ನ ರೇಣು.|ತು ದುಸರೇರ್ ಪರ್ ನಿರ್ಭರ್ ವೇ ಮತ್.
both of them work to earn a living .|ವೊ ದೊಯೀ ಭಳನ ಜೀವನಾ ಕಾಡೇನ್ ವ ಜತ್ರಾ ಕಮಾವಚ್.|ದೋಇ ಏಕ್ ಜೀವನಾ ಕಾಡೆನ್ ಕಾಮ್ ಕರಚ.
the mother nature laughs with these children .|ಪ್ರಕೃತಿ ಮಾತಾ ಏ ಬೇಟಿಬೆಟಾನುರ ಜೋಡಿ ಹಾಸಚ|ಯಾಡಿ ಏ ಛಿಜ್ಯಪರೇರ್ ಜೋಡಿ ಹಾಸೆ ಚ.
i thought the clothes were cheaper .|ಮನ್ ಸೆಮಾಂ ಸಸ್ತಾ ಚ ಕೆನ್ ಅನಸಾಯಿ.|ವೊ ಸಾಮಾನ್ ಸಸ್ತಾ ಚ ಕೆನ್ ಮನ್ ಅನಸಾಯಿ.
o ! mother we prostrate at your feet|ಏ! ಯಾಡಿ ಹಮ್ ತಾರ ಚರಣೇನ ಪ್ರಣಾಮ್ ಕರಾಚಾ|ಏ! ಯಾಡಿ ಹಮ್ ತಾರ ಚರಣೇನ ಪ್ರಣಾಮ್ ಕರುಚು
this is the last item of the programme .|ಈ ಕಾರ್ಯಕ್ರಮೇರ್ ಕಡಿ ಐಟಂ ಛ.|ಈ ಕಾರ್ಯನೇರ ಆಖರಿ ಸಾಮಾನ್ ಚ
selling of good deeds and its reward .|ಆಚ ಕರ್ಮೆರ ಬಿಕ್ರಿ ಅನ ವೋರ ಇನಾಮ|ಆಚ ಕರ್ಮೆರ ಮೌಲ್ಯಮಾಪನ ವೆಚೆನ್ ಚ
after marriage they cannot live in the joint family .|ವಾಯರ್ ಲಾರ್ತಿ ಜೋಡ ಕುಟುಂಬ ಮಾಯಿ ರೇರ್ ವೆನೀ.|ವಾಯಾ ವೆಜಾವ ಜೇರ ಪಚ ವೊ ಜೋಡಿ ರೇನಿ
she likes to weave in her free time|ವು ವೋನ ಸಮಯ್ ರಜನಾ ಸೀಡೆನ ಇಷ್ಟಾ ಪಡಚ|ವು ವೋರ ಸ್ವತಂತ್ರ ಛೆಳಿ ಪಸಂದ್ ಚ.
necessity of a house for delivery of wife .|ತಾಂಡರಿರ ಡೆಲಿವರಿರ ವಾಸ ಘರೇರ ಅವಶ್ಯಕತಾ|ಡೆಲಿವರಿ ಕರಾಯೆರ್ ಜರೂರತ್ ಚ.
do not worry we will reach safely .|ಚಿಂತಿ ಕರೋ ಮತ್ ಹಮ್ ಆರಾಮೇತಿ ಪುಚಾಚಾ.|ಚಿಂತಿ ಕರೋ ಮತ್.
may your fifth son become a shepherd|ತಾರ ಪಾಂಚನೆ ಬೇಟಾ ಧನಗರ ವೇದ|ತಾರ ಚಾರನೆ ಬೇಟಾ ಘೊಡೆರ್ ಸವಾರಿ ಕರನು
you really do not have the right priorities !|ತಾರ್ ಕನ್ ಖರಿಜ್ ಠೀಕ್ ಆದ್ಯತೆ ಛೆನಿ.|ತಾರ್ ಕನ್ ಖರಿ ಜಾನ್ವರ್ ಛೆನಿ.
she went to the world of animals and birds .|ವು ಜಾನ್ವರ ಅನ ಪಕ್ಷಿನೂರ ದುನಿಯಾ ಮ ದರಗಿ|ವು ಜಾನ್ವರ ಅನ ಪಕ್ಷಿನೂರ ದುನಿಯಾ ಮ ದರಗಿ
the flower petals are very smooth|ಫುಲೇರ ಪಾಕಳಿ ಘಣ ನರಮ ಚ|ಫೂಲ ಘಣ ಛಂದ ಚ
the tribal group identify themself with one common origin|ಬುಡಕಟ್ಟು ಗುಂಪು ಏಕ್ ಸಾಧಾರಣ ಮೂಲ ಛ.|ಬುಡಕಟ್ಟು ಲೋಗ ಏಕ್ ಸಾಮಾನ್ಯ ಮೂಲೇತಿ ಗುರತ್ ಪಕ್ಡಾವಚ.
for last three years mohan topped the class|ಲಾರೆರ್ ತೀನ ವರ್ಷೆ ತಿ ಮೋಹನ್ ಜಾದಾ ಮಾರ್ಕ್ಸ್ ಲೆರೋಚ|ಲಾರೇರ್ ವರ್ಷಣ ಕ್ಲಾಸ್ಸೇ ಮಾಯಿ ಕ್ಲಾಸ್ ಮಳಿ.
farmers root up the weeds in their farm|ರೈತಾ ಖೇತೇ ಮಾಯೀರ ವಸಳೋ ಜಡ ಸಮೇತ ಭಾರ ಕಾಡಚ|ರೈತ ವೂನೂರ ಖೇತೆಮ ಕೃಷಿ ಕರಚ
fruits and nut both are very nutritive|ಫಳೆನುಮಾಯಿ ಘಣ ಪೌಷ್ಠಿಕೌಂಸ ರಚ|ಫಳ್ ಅನ ನಾರಳೇರ ದೊಯೀ ರಚ
he can climb a coconut tree|ವು ನಾರಳೆರ ಝಾಡ ಚಡಚ|ವು ನಾರಳೇರ ಝಾಡ್ ಚಡ್ ಸಕಚ.
she gave the hint in these words .|ವು ಏ ವಾತೇಮ ಇಶಾರಾ ಕಿದಿ|ವು ಏ ಶಬ್ದ ನ ವಿಷಯನ ದಿನೋ
i will take you to the bus stop .|ಮ ತೋನ್ ಬಸ್ ಸ್ಟಾಪೇನ ಬಲಾ ಲೇಜಾವುಂಚು.|ಮ ತೋನ್ ಬಸ್ ಸ್ಟಾಪ್ ಜಾವುಂಚು.
the old woman carried it to her house .|ಡೋಕರಿ ವೊನ ವೋರ ಘರ ಲೆಗಿ|ಡೋಕರಿ ಧೂಜತಿ ವೋರ ಘರೇನ ಲೆಗೋ
i brush my teeth every day .|ಮ ಮಾರ್ ದಾಂತ್ ದಾಡ್ಡಿ ಘಸುಚು.|ಮ ಮಾರ್ ದಾಂತ್ ದಾಡ್ಡಿ ಘಸುಚು.
the books had fallen off the table .|ಪುಸ್ತಕನೋ ಮೆಜೆಪರತಿ ಪಡಗೆ|ಮೆಜೆಪರ್ ಪುಸ್ತಕ
the maidens worship them with devotion|ಕನ್ಯವೋ ಭಕ್ತಿ ತಿ ವೂನೂರ್ ಪೂಜಾ ಕರಚ|ಛೋರೀನೋ ವೂನುನ ಭಕ್ತಿ ಭಾವ ತಿ ಪೂಜಾ ಕರಚ
the boy made good use of this opportunity .|ಛೋರಾ ಎ ಮೌಕಾ ರ ಪೂರಾ ಫಾಯದೋ ಲಿದೊ|ಛೋರಾ ಏ ಅವಕಾಶ ಘಣ್ ಆಚೊ ಬಳಸ್ ಕಿದೋಚ.
except that here it is not so simple .|ವೊನ್ ಛೋಡನ್ ಅತ್ ವು ಅತ್ರಾ ಸರಳ್ ಕಾವ.|ಯೆತ್ ಘಣೋ ಸರಳ್ ಕಾವ.
there are several other birds which cannot fly .|ಅಜಿ ವಡೇನಿ ಜೋಣ ಘಣ ಪಕ್ಷಿನೋ ಚ|ಅಜಿ ದೂಸರ್ ಪಕ್ಷಿನೋ ವಡೇನ್ ಚ.
the peacock has beautiful feathers|ಮೋರೇರ ಫಾಂಕೇ ಘಣ ಛಂದ ಚ|ನವಿಲು ಏಕ್ ಛಂದ ಚಲಕೋಡಿ ಚ
what time do you get out of school ?|ತು ಕತ್ರಾನ್ ಸಾಲಿತಿ ಭಾರ ಆಯೆಚಿ?|ತು ಸಾಲಿನ್ ಕತ್ರಾನ ಜಾಯೆಚಿ ?
ramdass wife caught a lamb .|ರಾಮದಾಸೆರ ತಾಂಡರಿ ಏಕ ಮಿಂಡಿರ ಪಿಲ್ಲಾ ಪಕಡಿ|ರಾಮದಾಸೆರ ತಾಂಡರಿ ಏಕ ಮಿಂಡಿರ ಪಿಲ್ಲಾ ಪಕಡಿ
the paternal family system is followed .|ಬಾಪೇರ್ ಕುಟುಂಬ ಅನುಸರಿಸಲೆನ್ ಜಾವಚ.|ದಾದಾ ಕುಟುಂಬ ವೆಸ್ಥೆ ಮಾಯಿ ಚಾಲಚ.
the classification of songs is rather difficult .|ಗೀದೇನೂರ್ ವರ್ಗಿಕರಣ ಘಣ ಮುಷ್ಕಿಲ್ ಚ|ಗೀದೇನೂರ ವರ್ಗಿಕೃತ ಕರೆರೋ ಮುಷ್ಕಿಲ್ ಚ
samu likes to eat carrots|ಸಮು ನ ಗಾಜರ್ ಖಾಯೇನ ಪಸಂದ್ ಚ|ಸಮು ನ ಗಾಜರ್ ಖಾಯೇನ ಪಸಂದ್ ಚ.
ogre share this class of stories .|ರಾಕ್ಷಸ ಏ ವರ್ಗೆರ ಸಾಕಿನುನ ಸೇನ ಕಚ|ರಾಕ್ಷಸ ಏ ವರ್ಗೆರ ಸಾಕಿನ ಸೇನ ಕಚ
a baby cow is called calf .|ಗಾವಡಿರ ಪಿಲ್ಲಾ ನ ಕಾಫ್ ಕಚ|ಏಕ ಗಾವಡಿರ ಪಿಲ್ಲಾ ಕಚ
didn 't you write a letter to him ?|ತು ವೊನ್ ಪತ್ರ ಲಕ್ಕೋಕೊಂತಿ ಕ?|ತು ವೊರ್ ಕನ್ ಪತ್ರ ಲಕ್ಕೋಚಿ ಕ?
she 's going to look for a job .|ವು ಕಾಮ್ ಧುನ್ಡೇನ್ ಜಾರಿಚ.|ವು ಕಾಮ್ ಧುನ್ದರಿಚ.
he is a man of miracles .|ವು ಏಕ್ ಪವಾಡ ಮಾಣಸ್ ಚ|ವು ಕಾಚೇರೋ ಮಾಣಸ್ ಚ
she is looking great in that dress .|ವು ವೊ ಜಿಗಲಾ ಮ ಛಂದ್ ದಿಕಾರಿಚ.|ವು ಏ ಸೆಮಾನ ಘಣ್ ಛಂದ್ ದಿಕಾರಿಚ.
there are several varieties of snakes|ಜನಾವರನೋ ಘಣ ವಾನಾರ್ ರಚ|ಘಣ ಸಾಂಪನೋ ಚ
fetch me a glass of water .|ಮನ್ ಏಕ್ ಲೋಟಾ ಪಾಣಿ ಲಾನ್ ದ.|ಮನ್ ಏಕ್ ಲೋಟಾ ಪಾಣಿ ಲಾನ್ ದ.
i am going to get a new job .|ಮನ್ ನವೋ ಕಾಮ್ ಮಳೆ ವಾಳೋಚ.|ಮ ಏಕ್ ನವೋ ಕಾಮ್ ಕರುಚು.
he will make you eat dirt .|ವು ತೋನ್ ಹೊಲಸ್ ಖಾವ ಜು ಕರಚ.|ವು ತೋನ್ ಹೊಲಸ್ ಖಾದೊ
the snake bit his thumb .|ಸಾಪ ವೋರ ಅಂಗುಟಾನ ಕಾಟೊ|ಸಾಪೇನ ವೋರ ಪಾತಳ್ ಕಾಟಚ
peoples living in the villages are generally very poor|ಹಳ್ಳಿರ ಲೋಗ ಘಣ ಗರೀಬ್ ರಚ|ತಾಂಡೆರ ಲೋಗ ಘಣ ಗರೀಬ್ ರಚ
i want to go on the roof .|ಮ ಘರೇರ್ ಉಪರ್ ಜಾಯೇನ್ ಚಾವರೊಚು.|ಮ ಝಾಡೇರ್ ಪರ್ ಜಾಯೇನ್ ಚಾವರೊಚು.
let us go to the kamalagad|ಕಮಲಗಡೆನ ಜಾಮಾ|ಕಮಲಗಡೇರ ಕನ್ ಜಾಮಾ.
you did this intentionally !|ತು ಚಾಯಕನ್ ಹನು ಕಿದೋಚಿ.|ತು ಈ ಛಾಯಕನ್ ಹನು ಕಿದೋ
he would be glad to hear that .|ವೊನ್ ಈ ಸಾಮಳನ್ ಖುಷಿ ವಚ.|ಓ ಚೊರಾನ್ ಸಾಮಳಾಯಿ ಚ.
i told them to send me another ticket .|ಮನ್ ಅಜಿ ಏಕ್ ಟಿಕೆಟ್ ದೇಮಲೋ ಕೆನ್ ಮ ವೂನುನ್ ಕೆ.|ಮ ವೂನುನ್ ದೂಸರ್ ಟಿಕೆಟ್ ಭಡಕರೋ ಕೆನ್ ಕೆ.
alarm clock always rings at six|ಅಲಾರಾಂ ಗಡಿಯಾರ ಕನ್ನಾವನ್ನ ಚೋಯೇ ನ ಬಜಚ|ಅಲೋಮ್ ಕನ್ನಾಯಿಬಿ ಛೋ ಘಂಟಾ ನ ಚ
i write message and give you my friend .|ಮ ಸಂದೇಶ ಲಕ್ಕುಚೂ ಅನ ವೊನ ಮಾರ ದೊಸ್ತೇನ ದೋ|ಮ ತೋನ್ ಸಂದೇಶ್ ಲಕ್ಕೋಚು.
ganderunds are two-headed birds .|ಗಂಡಭೇರುಂಡನೋ ದೀ ಮುಂಡಿವಾಳ ದೀ ಪಕ್ಷಿನೋ ಚ|ಗಂಗಾ ದೀ ಮುಂಡಿವಾಳ ದೀ ಪಕ್ಷಿನೋ ಚ
they maintained their identity where ever they went .|ಓ ಕತ್ ಜಾವ ತೊಭಿ ವನೂರ್ ಗುರ್ತ್ ರಕಾಡ್ ತೇತೇ.|ವೊ ಕನ್ನಾಯೀಬಿ ಜಾತ್ ಕರಮಲೆಚ
i can not tolerate his bad behavior|ಮನ ವೋರ ಹೊಲಸ ಚಟಾನ ಸಮಾಳೆರ ವೆರಿಕೊಂತಿ|ಮನ ವೋರ ಮಾಂದೊ ನಡವಳಿಕೆವಡಿ ಕರ ಜೋಣ ಸಮಾಳೆರ ವಿ
he was allowed to enjoy maximum hospitality .|ಸಸರೇನ ಜಾಸ್ತ ಆತಿಥ್ಯ ದೇರ ಅವಕಾಶ ಮಳಿ|ವೊನ ಜಾಸ್ತ ಆತಿಥ್ಯ ದೇರ ಅವಕಾಶ ಮಳಿ
two among them chose to lead the team|ವುನೂರ್ ಮಾಯಿ ದೀ ತಂಡೇನ್ ಆಂಗ್ ಲೇಜಾಣು ಕೆನ್ ವಿಚಾರ ಕಿದೆ|ವೂನುಮ ದೀ ಗುಂಪು ಆಂಗ ಲೇಜಾಯೇನ್ ಪಸಂದ್ ಕರಚ
make a golden chain round your long neck|ತಾರ ಲಾಂಬ ನಡ್ದಿರ ಸುತ್ತ ಸೋನೇರ ಚೈನ ಕರಾ|ತಾರ ಲಾಂಬ್ ಲಕಡಿರ್ ಸುತ್ತ ಏಕ್ ಸೋನೇರ ವೇಗೆ
without knowledge there is no grace of god|ಜ್ಞಾನ ಬಗರ್ ರೇರ ಭಗವಾನೇರ ಕೃಪಾ ಮಳೆನೀ|ಗುರು ಬಗರ್ ರೇರ ಕೃಪಾ ಛೆನಿ
they have their own artistic quality .|ವೂನೂರ ವೂನುರಜ್ ಕಲಾತ್ಮಕ ಗುಣ ಚ|ವೂನೂರಜ ಕ್ಲಾಸ್ ಚ
varanus are lizard like animal .|ವಾರಾಣ ಶಿಪನೀರ ಸರಿಕ ಪ್ರಾಣಿ ಚ|ಕೇಳಾ ಚ.
you finally succeeded in getting a job .|ತು ನೌಕರಿ ಮಳೆನ್ ಸಫಲ ವೇಗೋ.|ತು ಕಾಮ್ ಮಳಗೊ
my son hates waiting for the bus .|ಮಾರ ಬೇಟಾ ನ ಬಸ್ಸೇರ ವಾಸ ಹುಬರೆರೋ ಪಸಂದ್ ಛೆನಿ.|ಮಾರ ಬೇಟಾ ಸಾರು ಬಸ್ಸೇರಿ ಪಸಂದ್ ಛೆನಿ.
sometimes i can not help showing emotions .|ಏಕ್ ಏಕ್ ವಣಾ ಮನ್ ಭಾವನೆ ದಕಾಳೆನ್ ಮದದ್ ಕರೆರ್ ವೇನಿ.|ಏಕ್ ಏಕ್ ಏಕ್ ಸಲಾ ಮನ್ ದಕಾಳೆರ್ ವೇನಿ.
you have to account for your absence .|ತು ಕಾ ಆಯೋಕೋನಿ ವೊರ್ ಹಿಸಾಬ್ ದೇಣು ಪಡಚ.|ತು ಎತ್ತೋ ಕೋನಿ ಜೆರ್ ಹಿಸಾಬ್ ದೇಣು.
there is fruit in the centre of thorns|ಕಾಟ ನಡು ಫಲ್ ಛ.|ಕಾಂಟಾಮ ಫಳ ನೋ ಛ
yesterday i came across someone 's wallet .|ಮ ಕಾಲ್ ಕೆರ್ಕೊ ಪಾಕೀಟ್ ದಿಟೋಚು|ಕಾಲ್ ಮ ಆಯೆ.
ram is afraid of tigers .|ರಾಮೆನ್ ವಾಘ್ ಓ ಕತೋ ಚಮಕಿಣಿ ಛ.|ರಾಮೆನ್ ವಾಘ್ ಓ ಕತೋ ಘನ್ ಚಮಕಿಣಿ ಛ.
so the title of the story is appropriate .|ಸಾಕಿರ ಶೀರ್ಷಿಕೆ ಉಪಯುಕ್ತ ಚ|ಜನಾಜ್ ಸಾಕಿರ ನಾಮ ಠೀಕ ಚ
i have to go to the post office .|ಮ ಅಂಚೆ ಕಚೇರಿ ನ ಜಾಣು.|ಮ ಸೋವುಂಚು.
there are some events which are poetic .|ಏಕ ಏಕ ಘಟನೇನೋ ಕಾವ್ಯಾತ್ಮಕ ರಚ|ಏಕ ಏಕ ಏಕ ಘಟನೇನೋ ಕಾವ್ಯಾತ್ಮಕ ರಚ
you ask me to do the impossible .|ತು ಮನ್ ನ ವ ಜೋಣ್ ಕರೆನ್ ಪುಚರೊಚಿ.|ತು ಮನ್ ಕರೆರ್ ವೇನಿ ಕೆನ್ ಪುಚರೊಚಿ.
a dead animal is floating in the river|ಮರಮೇಲಿ ಜಕೋಣ ಜಾನ್ವರ್ ನಂದಿಮಾಯಿ ತರಿಚ|ಮರಮೇಲೋ ಜಕೋಣ ಜಾನ್ವರ್ ವಡರಿಚ
i was too scared to jump .|ಮ ಕುದ್ದೆನ್ ಘಣ್ ಚಮಕ್ತೋತೊ.|ಮನ್ ಜಾಯೇನ್ ಘಣ್ ಚಮಕಣಿ ಲಾಗರಿಚ.
i want to drink coconut water .|ಮ ನಾರಳೇರ್ ಪಾಣಿ ಪಿಂವು ಕೆರೊಚು.|ಮ ನಾರಳೆರ್ ಪಾಣಿ ಪಿವುಂಚು.
there were a few cases of murder also .|ದಸೆಕ್ ಹತ್ಯಾ ರ ಕೇಸ್ ಭೀ ವೆತ್ತೆ|ದಸೆಕ್ ಮರ್ಡರ್ ಕಿದೋ ಜೋಣ ದೋಷಿ ಛ.
put your hand behind the bark of tree|ತಾರ ಹಾತ ಝಾಡೇರ ಛೋಡಕಿರ ಲಾರ ಘಾಲ್|ತು ಝಾಡೇರ ಪಾಲೊ ಲಾರ್ ಮೇಲೋ.
what do you think i have been doing ?|ಮ ಕಾಂಯಿ ಕರರೊಚು ಕೆನ್ ತೋನ್ ಅನ್ಸಾವಚ?|ಮ ಕಾಂಯಿ ಕರರೊಚು ಕೆನ್ ತು ವಿಚಾರ ಕಿದೋ ?
the boss had been talking to clients .|ಬಾಸ್ ಗ್ರಹಕೆನುತಿ ವಾತೆ ಕರರೋಚ|ಬಸ್ ದರ್ಶಕೇನುನ ವಾತೆ ಕರತೋತೋ.
taste of this fruit is not bad .|ಏ ಫಳೆರ್ ರುಚಿ ಕಾಂಯಿ ಮಾಂದೊ ಕಾವ್.|ಏ ಫಳ್ ನೋ ಹಾಳ್ ಕಾವ
people and animal live at the same place .|ಮಾಣಸ್ ಅನ ಜಾನ್ವರ್ ಎಕಜ್ ಜಾಗ್ ರಚ.|ಲೋಗ ಏಕಜ ಗಾಮೇಮ ರಚ
the king consulted the court priest regarding their horoscope .|ರಾಜಾ ವೂನೂರ ಕುಂಡಲಿರ ಬಗ್ಗೆ ದರ್ಬಾರೇರ ಪೂಜಾರಿನ ಪೂಚೊ|ರಾಜಾ ವೂನೂರ ಘೊಡೆರ ಬಗ್ಗೆ ವಾತೇ ಕಿದೆ
he became unconscious due to the effect of the poison .|ವಿಷ ಚಡನ ವು ಬೇಹೋಶ್ ವೇಗೋ|ಓನ್ ಪ್ರದ್ನೇ ವೇತ್ತಿ.
the goddess told him it would be decided by lord mahadeva|ದೇವಿ ವನುನ್ ಮಹದೇವೇತಿ ನಿರ್ಧಾರ್ ಕರನು ಕರನ್ ಕೇಚ.|ದೇವಿ ವೊನ ಮಹಾದೇವ ದೇವಿನ ನಿರ್ಧಾರ ವಚ ಕೇನ ಕಿ
there is a slaughtered lamb in the bathroom .|ಬಾತ್ರೂಮೆಮ ಏಕ ಮಾರಮಲೆ ಜೋಣ ಮಿಂಡಿರ ಪಿಲ್ಲಾ ಚ|ಬಾತ್ರೂಮೆಮ ಏಕ ಮಿಂಡಿರ ಪಿಲ್ಲಾ ಚ.
the shepherd expressed his inability and withdrew himself .|ಧನಗರ ವೊನ ಕರೆರ್ ವೇನಿ ಕೆ ಅನ ಹೊಟೋ ಸರಕ್ ಗೋ|ಧನಗರ ವೊನ ಕರೆರ್ ವೇನಿ ಕೆ ಅನ ದರಗೊ
he ordered the children to cut his stomach and the bird flew out|ವು ಛಿಜಯಾಪರೇನುನ ವೋರ ಪೇಟ ಕಾಟೊ ಕೆ ಅನ ಪಕ್ಷಿ ವಡಗಿ|ವು ಛಿಜಯಾಪರೇನುನ ವೋರ ಪೇಟ ಕಾಟೊ ಕೆ ಅನ ಪಕ್ಷಿ ವಡಗಿ
you are saying you intentionally hide your good looks ?|ತು ಚಾಯಕನ ತಾರ್ ಲುಕ್ ಬುರೆಚಿ ಕೆನ್ ಕೆರೋಚಿ.|ತು ತಾರ್ ಆಚೊ ದಿಕಾರೊಚಿ ಕ?
the women gather in the fields dancing and singing new songs .|ಬಾಯಿಗೋಳೇ ನವಿ ಗಿದೆ ಗಿದಗಾತಿ ನಾಚತಿ ಏಕ್ ಜಾಗ ಭಳಚ|ಬಾಯಿಗೋಳೇ ನಾಚಚ ಗಿದಗಾವಚ ಅನ ನವೀನ ಗೀದೆ ಗೀದಗಾವಚ
narrative songs about social life society contains the small units of families .|ಸಾಮಾಜಿಕ ಜೀವನ ಸಮಾಜೇರ ಬಗ್ಗೆ ಕಥಾ ಗೀದೆಮ ಪರಿವಾರೇನೂರ ನಾಣಕಿ ನಾಣಕಿ ಘಟನೇನೋಚ|ಸಾಮಾಜಿಕ ಜೀವನೇರ ಕಥಾ ಗೀದ ಪರಿವಾರ ಬಗ್ಗೆ ಚ
then his mother told him that the condition of the relatives was not good .|ಸಂಬಂಧಿನೂರ ಹಾಲತ ಠೀಕ ಛೆನಿ ಕೇನ ವೋರ ಯಾಡಿ ಜನಾ ಕಿ|ಜನಾ ವೋರ ಯಾಡಿ ವೊನ ಠೀಕ ವೇತ್ತಿ ಕೇನ ಕಿ
the former tiger was killed and its entrails were offered to god .|ಲಾರೇರ ಬಾಘೆನ ಮಾರ್ನಾಕೆ ಅನ ವೋರ ಆಂತರೇನ ದೇವೇನ ಚಡಾಯಿ|ಲಾರೇರ ಬಾಘೆನ ಮಾರ್ನಾಕೆ ಅನ ವೋರ ಆಂತರೇನ ದೇವೇನ ಚಡಾಯಿ
the order engraved on copper and in gold letters runs .|ತಾಂಬೆರ ಅನ ಸೋನೇರ ಪರ ಅಕ್ಷರ ಲಕ್ಕನ ಆದೇಶ ಜಾವಚ|ಸೋನೇ ಅನ ಸೋನೇರ ಪತ್ರ ಪರ್ ಚಾಲಚ
this festival is observed with a background of offering worship to sri krishna .|ಈ ಹಬ್ಬಾ ಶೀಕೃಷ್ಣಾರ ಪೂಜಾ ಕರೆರ ವಾಸ ಕರಚ|ಯೇ ಹಬ್ಬಾನ ಶ್ರೀಕೃಷ್ಣಾರ ಪೂಜಾರ ವಾಸ ಏ ಹಬ್ಬಾನ ಕರಚ
vishwamitra narrated the following story through the song .|ವಿಶ್ವಾಮಿತ್ರ ಸಾಕಿನ ಏಕ ಗೀದೆಮ ಕೆ|ವಿಶ್ವಾಮಿತ್ರ ಎ ಸಾಕಿನ ಗೀದೇರ ಮುಖಾಂತರ ಕೆ
the festivals are worshipped with splendour during this festival .|ಯೇ ಹಬ್ಬಾಮ ಧೂಮಧಾಮೇತಿ ಪೂಜಾ ಕರಚ|ಏ ಹಬ್ಬಾನ ಹಬ್ಬಾನೊ ಏ ಉತ್ಸವ ಕರಚ
lukkad is the servant of seven goddesses|ಲುಕ್ಕಡ್ ಸಾತ್ ದೇವೇನೂರ್ ಸೇವಕ್ ಚ|ಮಾನವ ಸಾತ ದೇವಿನೂರ ಸೇವಕ್ ಚ
in this story a wise girl speaks through the riddles .|ಏ ಸಾಕಿಮ ಏಕ್ ಸಾಣ ಛೋರಿ ಪಹೆಲಿತಿ ವಾತೆ ಕರಚ|ಏ ಸಾಕಿಮ ಏಕ ಬುದ್ಧಿರ ವಾತೆ ಕರಚ
goutama blessed sri rama who married janaki .|ಗೌತಮ ಜಾನಕಿತಿ ವಾಯಾ ಕರಮಲೋ ಜೆ ರಾಮೇನ ಆಶೀರ್ವಾದ ದಿನೋ|ಜಾನಕಿತಿ ವಾಯಾ ಕರಮಲೋ ಜೋಣ ರಾಮೇನ ಗೋತಮ ಆಶೀರ್ವಾದ ದಿನೋ
these folk tales have an active and entertainmental purposes .|ಏ ಜಾನಪದ ಸಾಕಿನೂರ ಏಕ ಸಕ್ರಿಯ ಅನ ಮನೋರಂಜಕ ಉದ್ದೇಶ ಚ|ಏ ಜಾನಪದ ಸಾಕಿನುನ ಅಲಗ್ ರಚ
finally maroni sends her message to her husband through dhadi .|ಅಂತೆಮ ಮಾರೊನಿ ಏಕ ಢಾಡಿರ ಹಾತ ವೋರ ಧಣಿನ ಸಂದೇಶ್ ದೇಮಲಚ|ಅಂತೆಮ ವೋರ ಸಂದೇಶ್ ವೋರ ಸಂದೇಶ್ ವೋರ ಧಣಿನ ದೊ
holi a symbol of indian culture and tradition is celebrated throughout india|ಭಾರತೇರ ಸಂಸ್ಕೃತಿ ಅನ ಸಂಪ್ರದಾಯರ ಪ್ರತೀಕ ಹೋಳಿನ ಪೂರಾ ಭಾರತೇಮ ಕರಚ|ಹೋಳಿ ಹಿಂದೂ ಅನ ಸಂಪ್ರದಾಯರ ಪ್ರತೀಕ್ ಸಂಸ್ಕೃತಿರ ಪ್ರತೀಕ್ ಕರಚ
there is an emporium of jari silk saries .|ಜರಿ ಸಿಲ್ಕ್ ಸಾಡಿನೂರ ಏಕ ಎಂಪೋರಿಯಂ ಚ|ಜರಿ ಸಿಲ್ಕ್ ಸಾಡಿನೂರ ಏಕ ಎಂಪೋರಿಯಂ ಚ
on hearing the call for war by the nawab of dilli .|ದಿಲ್ಲಿರ ನವಾಬೇತಿ ಯುಧ್ದಹೆರ ಆಹ್ವಾನ ಸಾಮಳನ|ದೀಪಾವಳಿ ಮಾಯಿ ಯುಧ್ದೇರ ಆಹ್ವಾನ ಸಾಮಳನ
the baskets of wheat sprouts are placed on the altar|ಘಂವುರ ಮೊಡೆರ ವೊಡ್ಡಿನೊ ಬಲಿಪೀಠ ಪರ ಮೇಲಚ|ಘವು ಮೊಳಕೆ ಫುಟಚ.
the city of chittodgad was ruled by raja chowan .|ಚಿತ್ತೋಡಗಡ ಗಾಮೇಪರ ರಾಜಾ ಚಹ್ವಾಣೆರ ಶಾಸನ ವೇತ್ತಿ|ಚಿತ್ತೋಡಗಡೇರ ಗಾಮೇರ ರಾಜಾ ಚಹ್ವಾಣೆನ ಶಾಸನೇಮ ವೇತ್ತಿ
menfolk give them presents in cash according to their capacity .|ಮಾಟಿನೊ ವೂನೂರ ಸಾಮರ್ಥ್ಯ ರ ಜತ್ರಾ ಪೀಸಾ ಉಡುಗೊರೆ ದಚ|ಲೋಕ ವೂನೂರ ಶಕ್ತಿ ತಿ ವೂನುನ ಪೀಸಾ ದಚ
the rhyming words in tune with fine emotions .|ಆಚ ಭಾವನೇರ ನಾಯಿ ಪ್ರಾಸಪದನೊ ಛ|ಆಚ ಭಾವನೇರ ನಾಯಿ ಪ್ರಾಸಪದನೊ ಪೂರಕ ಅಂಶ ತಿ ಛ
the chameleon changes colour to match its surroundings .|ಊಸರವಳ್ಳಿ ವಾತಾವರಣ ರಜು ರಂಗ ಬದಲಚ|ಚಂಡಿಯಾ ವೋರ ಆಜು ಬಾಜು ರ ವಾತಾವರಣೆಮ ಘಣ ರಂಗ ಬದಲೋ
this story belongs to the godsreward and punishment .|ಏ ಸಾಕಿ ದೇವ ಇನಾಮ ಅನ ಸಜಾ ರ ಬಗ್ಗೆ ಚ|ಈ ಸಾಕಿ ದೇವಿ ದೇವತಾನುನ ಶಿಕ್ಷಾ ಅನ್ ಶಿಕ್ಷಾ ದಿನೆಚ್
she entered a temple where the robbers were camping .|ವು ಏಕ ಚೋರ್ ಚೋರ ವೆತ್ತೆ ಜೆ ಗುಡಿ ಮ ಗಿ|ವು ಡಾಕಾ ಘಾಲೇರೋ ಜೆ ಗುಡಿ ಮ ಆಯೋ
the focal element is answers through riddles .|ಫೋಕಲ್ ಅಂಶ ಪಹೇಲಿನೂತಿ ಉತ್ತರ ದೇರೋ|ವಿಷಯನೋ ವೊದೇವಾಳೆನ ಏಕ ಉತ್ತರ ದಿನೆ.
the couples are going to get married and given some rest .|ನವಲೆರಿ ವೇತಡು ವಾಯಾ ವೆರೆಚ ಅಜಿ ಆರಂ ಕರೆಚ.|ವೇತಡು ನವಲೆರಿ ವಾಯಾ ಕರೆವಾಳೋಚ.
the arrival of ashad month brings different kinds of diseases .|ಆಷಾಢ ಮೀನಾ ಘಣ ರೋಗೆನುನ ಲೇನ ಆವಚ|ಜೂಲೈ ತಿ ಆಗಸ್ಟ್ ಅಲಗೇ
what you do not have is better than what you do have .|ತಾರ್ ಕನ್ ರ ಜೇತಿ ಬಿ ನ ರ ಜೋಣ ಆಚೊ ಚ.|ತು ಕಾಂಯಿ ಕೆರೋಜೋಣ ಠೀಕ್ ರಚ.
i do not know if he would have done it for me .|ವು ಮಾರ್ ವಾಸ್ ಕಿದೋಚ ಕ ಕೊಂತಿ ಮನ್ ಮಾಲಮ್ ಛೆನಿ.|ವು ಮನ್ ಮಾಲಮ್ ಛೆನಿ.
i do not want to hear any more of your complaining .|ಮನ್ ಅಬ್ ಅಜಿ ತಾರ್ ಸಿಕಾಯತ್ ಸಾಮಳೆರ್ ವೇನಿ.|ತು ತಾರ್ ಆರೋಗ್ಯ ರ ಬಗ್ಗೆ ಮನ್ ಸಾಮಳಾರಿಕೊಂತಿ.
afterwards they led a life of contentment and happiness .|ಲಾರ್ತಿ ವೊ ಖುಷಿ ಅನ ಸಂತೋಷೇತಿ ರೇ|ಲಾರ್ತಿ ವೊ ಖುಷಿತಿ ರೇ
since no one was there in the house to do domestic work .|ಘರೇರ್ ಕಾಮ್ ಕರೆನ್ ಘರೆಮ್ ಕೊಯಿ ವೆತ್ತೆ ಕೋನಿ|ಘರೆಮ್ ಕಾಮ್ ಕರೆನ್ ಲಾರ್ ಕೊಯಿ ಆಯೆಕೋನಿ.
the saint goutama went to have the bath .|ಸಂತ ಗೌತಮ ಹಂಗೊಳಿ ಕರೇನ ಗೆ|ಸಂತ್ ಗೌತಮ್ ಓ ಹಂಗೋಳಿನ ಗೇಚ.
a flower-selling old woman went in search of the boy .|ಏಕ ಫೂಲ ವೆಚೆವಾಳ ಬುಡ ಡೋಕರಿ ಛೋರಾನ ಧೂನ್ದತಿ ನಿಕಳಿ|ಏಕ ಡೋಕರಿ ಧೂಜತಿ ಛೋರಾನ ಧೂನ್ದತೋ
afterwards the mock-battle between men and women starts .|ಯೆರ ಪಚ ಮಾಟಿ ಅನ ಬಾಯಿಗೋಳೇರ ಏಕ ನಕಲಿ ಲಡಾಯಿ ಚಾಲು ವಚ|ಲಾರ್ತಿ ಮಾಟಿ ಅನ ಬಾಯಿಗೋಳೇ ಜೋರೇತಿ ಚಾಲು ವಚ
the glorious festival of wheat sprouts has come .|ಮೋಡ ಫೂಟಮಲ ಜೋಣ ಘಂವುರ ಪೂಜಾ ಕೆರೆರ ಹಬ್ಬಾ ಡಿಗ್ಯಾಯೋಚ|ಘವು ಮೊಳೆರ ಹಬ್ಬಾನೊ ಆಯೋ
math is a place where socio -religious programmes are organised|ಗಣಿತ ಸಮಾಜೆರ್ ಪರ ಕಾರ್ಯಕ್ರಮ ಆಯೋಜನೆ ಕರೆರ್ ಜಾಗ ಛ.|ಮಾಚಳಿ ಏಕ ಸಮಾಜೇರ ಸಮಾರೋಹ ಅನ ಧಾರ್ಮಿಕ್ ಸಮಾರಂಭೆ ಚ
a firefly has a glowing part in its body|ಚಳಕಾ ಮಾರೆವಾಳ ಕೀಡಾರ ಶರೀರೆಮ ಏಕ ಚಮಕಿಲಾ ಭಾಗ ರಚ|ಶರೀರ ಘಟ್ಟ್ ವೋರ ಶರೀರೆಮ ಖತರ್ನಾಕ್ ಭಾಗ ಚ
the dacoits will raid all night without returning home .|ಡಕಾಯಿತ ರಾತ್ ಘರೇನ್ ಆಯೆರ್ ಛೋಡನ ರಾತ್ ಪೂರ್ತಿ ಗುಂಡ್ ಹಾರ್ಸವಾಚ.|ದಸರಾ ಘರೇನ್ ಆವ ಜೇತಿ ಸಾರಿ ರಾತ್ ಭೂಕಚ.
she gets in return a suitable groom as her husband .|ಯೆರ ಬಡಲೆಮ ವೊನ ಧಣಿ ರ ರೂಪೇಮ ಏಕ ಉಪಯುಕ್ತ ವರ ಮಳಗೊ|ವು ವೋರ ಧಣಿ ನ ಗೋಣ್ಣಿನ ದೊ
the prime minister arranged a test about their authenticity .|ಪ್ರಧಾನಮಂತ್ರಿ ವೂನೂರ ನಿಯತೇರ ಬಗ್ಗೆ ಏಕ್ ಪರೀಕ್ಷಾ ಕರೆರ್ ವ್ಯವಸ್ಥೆ ಕಿದೋ|ಮಂತ್ರಿರ ಬಗ್ಗೆ ಪರೀಕ್ಷಾ ರ ಬಗ್ಗೆ ಏಕ ಪರೀಕ್ಷಾ ರ ವ್ಯವಸ್ಥೆ ಕಿದೆ
relatives and well-wishers wish the best for the child .|ವನೆರ್ ಕುದೆರ್ ಅನ್ ಗಿದ್ ಗಾಯೆರ್ ದೋನಿ ನಾಳಿ ನಾಳಿ ಚ್|ರಿಸ್ತೇದಾರ ನೋ ಆಚೊ ವೇದ್ ಕೇನ ಕಾಮನಾ ದಚ
deepawali also consists of worship of the ancestors .|ದೀಪಾವಳಿ ಪುರ್ವಜೆರ್ ಪುಜಾ ಕೇರಾ ಮಲಿಚ.|ದೀಪಾವಳಿ ಮಾಯಿ ಪೂರ್ಣಾರ ಪೂಜಾ ಕರಚ
you must be mindful of your family responsibilities .|ತಾರ್ ಮಾತೆಮ್ ತಾರ್ ಪರಿವಾರೇರ್ ಜಿಮ್ಮೆದಾರಿ ರೇಣು.|ತು ತಾರ್ ಪರಿವಾರೇರ್ ಜವಾಬ್ದಾರಿ ಚಿ.
the folk poets love for society is expressed through his preaching|ಜಾನಪದ ಕವಿನೂರ ಸಮಾಜೇರ ಪ್ರೇಮ ವೂನೂರ ಉಪದೇಶೇತಿ ವ್ಯಕ್ತ ವಚ|ಜಾನಪದ ಕವಿನೂರ ಸಮಾಜೇರ ಪ್ರೇಮ ವೂನೂರ ಉಪದೇಶೇತಿ ವ್ಯಕ್ತ ವಚ
it was a problem for the groom to reach his bed .|ಯೆತಡುನ ವೋರ ಹಾಸ್ಗಿ ಲಗು ಜಾಯೆರ ಸಮಸ್ಯಾ ವೇತ್ತಿ|ವೇತಡು ಓರ್ ಹಾಸ್ಗಿರ ಸಾಂವು ಜಾಯೇನ ಸಮಸ್ಯೆ ಚ.
the father mother and her sisters cries while embracing her|ಜಾಯೆರ್ ಟೈಂನ್ ನವಲೆರಿ ಮಾ ಬಾಪ್ ಭೇನೆನ್ ಪಕಡನ ರೋವಚ.|ಬಾಪ ಅನ ಭಾಯೀರ ಮಾ ಬಾಪ ವೊರಜನಾ ರೋವಚ.
the period of pollution seems to vary in different regions .|ವಿಭಿನ್ನ ಕ್ಷೇತ್ರೇಮ ಪ್ರದೂಷಣ ಸಮಯ್ ಅಲಗ್ ರಚ|ವಿಭಿನ್ನ ಪ್ರದೇಶೇಪರ ದೂಸರ್ ಪ್ರದೂಷಣ ದೇಕಚ
if it is violated it is a disgrace .|ವೊನ ಉಲ್ಲಂಘನ ಕಿದೆ ಕತೋ ಅಪಮಾನ ಕರ ಜು ವಚ|ವೊನ್ ಏಕ್ ಚೋರ ಚೋರಿ ವಿ ಕತೋ
i would like to give him a present for his birthday .|ಮ ವೊರ್ ಜನ್ಮದಿನ ನ ಉಡುಗೊರೆ ದು ಕೆರೊಚು.|ಮ ವೊರ್ ಜನ್ಮದಿನ ದೂಚು.
you must compensate him for the money he lost .|ತು ವೊರ್ ಗಮಾಗೆ ಜೆ ಪಿಸಾರ ಭರಪಾಯಿ ಕರನು ಪಡಚ.|ತು ವೊನ್ ಪೀಸಾ ಗಮಾಗೋಚ.
so much were they prized by that vazir .|ವೊ ವಜಿರೇತಿ ವೂನುನ ಘಣ ಪುರಸ್ಕಾರ ಮಲಮಲೆತೆ|ವೊ ವೊಂದನೇರ ಘಣ ಪ್ರಾಸಪದನೊ ಮಳೆಚ
you insist upon our taking that course of action .|ತು ಹಮಾಪರ್ ಅಸ ಕಾರವಾಯಿ ಕರನು ಕೆನ್ ಜೋರ್ ಕರೆಚಿ.|ತು ಹನು ಕರ್ಮಲೋ ಜೋಣ ತು ತಾರ್ ವಾಸ್ ಬೇಕಾರ್ ಚಿ.
gaudy skirts and jingling anklets|ಗೌರಿ ಘಾಗರೋ ಅನ ಜಿಂಗಲಿಂಗ್ ಗರ್ತಣಿ|ಗೋಬರ ಘಾಗರೋ ಅನ ಘುಗರೋ ಪೇರಚ
punishment like noncooperation with the daily routines of his life|ಸಾರಿ ಸಮಾಜ್ ಅಪರಾಧಿನ್ ಸಮಾಜೆತಿ ಬಾರ್ ಗಾಲ್ ನಾಕೇಚ್|ಓರ್ ಜೀವನ ಮಾಯಿ ಸಂಬಾಳಸೆರ್ ಶಿಕ್ಷೆ ದಿನೇಚ.
roses will not root in such acidic soil|ಆಮ್ಲ ಅಂಶ ರಜಕೋಣ ಜಮಿ ಮಾಯೀ ಗುಲಾಬಿ ಜಡಜ ಛೋಡೇನಿ|ಅಬೇರ್ ಅಜಿ ಜಮೀ ಮಾಯಿ ಪೀಕ್ ಪಡೆನಿ
the door is narrow in proportion to its height|ಬಾಕಲೋ ಲಾಂಬೆಮಾಯಿ ದಿಟೇತೋ ಬಾಕಲೋ ನಾನಕ್ಯಾ ಚ|ಬಾಕಲೋ ನಾಣಕ್ಯಾ ವೆರೋಚ
i rubbed some oinment on the wound|ಮ ಘಾವ್ ವೆಮೆಲೋಜೆಪರ್ ಮಲಾಮ್ ಘಸೋ|ಮ ಘಾವ್ ಖೋದನ್ ಲಗಾಡೋ
o ! beautiful damsel hailing from thefront side country|ಹೇ! ಮುಂಡಾಗೇರ ದೆಶೆತಿ ಆಮ್ಲಿ ಜೋಣ ಸುಂದರ್ ಛೋರಿ|ಹೇ! ಮುಂಡಾಗೇರ ದೆಶೆತಿ ಆಮ್ಲಿ ಜೋಣ ಸುಂದರ್ ಛೋರಿ
in these tales the imagination is soaring high .|ಏ ಸಾಕಿನುಮ ಘಣ ಕಲ್ಪನೆ ಚ|ಏ ಸಾಕಿಮ ಕಲ್ಪನೆರ ಹಾಥಿನೋ ಮೋಟ್ ಚ
the bottle was given to the shepherd .|ಬಾಟಲಿನ ಧನಗರೇನ ದೇನಾಕೆ|ಬಾಟಲಿನ ಧನಗರೇನ ದೇನಾಕೆ
they had to take rest in the middle of the lake .|ವೊ ಸಮನ್ದರೇರ ನಡು ಅರಾಮ್ ಕರನು ಪಡಿ|ವೊ ಸಮಂದರೆರ್ ನಡು ಅರಾಮ್ ಕರಚ
how did you come up with this crazy idea ?|ತಮ್ ಈ ವೆಂಡೋ ವಿಚಾರ್ ಲೇನ್ ಕು ಆಯೆ.|ತು ಏ ವೆಂಡೋ ಕರ್ನಾಕೊ?
both prince and prime ministers son came to azamera .|ರಾಜಕುಮಾರ ಅನ ಮಂತ್ರಿರ ಬೇಟಾ ಅಜಮೇರಾ ಆಯೆ|ರಾಜಕುಮಾರ ಅನ ಮಂತ್ರಿರ ಬೇಟಾ ಪಸಂದ್ ಕಿದೋ
the daughter-in-law desired to get that wealth .|ಬೊಡಿ ವೊ ಪೀಸಾ ಲಾಣು ಕೇನ ಚಾವರಿತಿ|ಬೊಡಿ ವೊ ಪೀಸಾ ಲಾಣು ಕೇನ ಚಾವರಿತಿ
they may come or not now but they will come certainly .|ವೊ ಅಬ್ ನ ಆಯೆ ತೋಬಿ ಜರೂರ ಆವಚ|ವೊ ಅಬ್ ನ ಆಯೆ ತೋಬಿ ಲಾರ್ತಿ ಜರೂರ ಆವಚ
immediately after returning from the work they wash their face .|ವೊ ಕಾಮೇತಿ ಆತೆ ಸಾತ್ ಮುಂಡೋ ಧೋವಚ|ವೊ ಕಾಮೇತಿ ಆತೆ ಸಾತ್ ವೂನೂರ್ ಮುಂಡೋ ಧೋಲ
if he rode elephant then he wont die .|ಹಾಥಿರ ಸವಾರಿ ಕಿದೋ ಕತೋ ವು ಮರೆನಿ|ವು ಹಾತೀರ ಸವಾರಿ ಕಿದೋ ಕತೋ ಮರೆನಿ
but they were worried for not having a child .|ಛಿಜ್ಯಪರ ವೇರೆ ಕೊಂತಿ ಕೇನ ಚಿಂತ್ಯಾ ಕರ್ರೆತೆ|ಪಣ ವೊ ಏಕ ಬೇಟಾ ಛೆನಿ ಜೋಣ ಚಿಂತ್ಯಾ ಕರ್ರೆತೆ
the prime ministers son requested the prince to marry her .|ಮಂತ್ರಿರ ಬೇಟಾ ರಾಜಕುಮಾರೇನ ವೊತಿ ವಾಯಾ ಕರ ಕೇನ ವಿನಂತಿ ಕಿದೋ|ಮಂತ್ರಿರ ಬೇಟಾ ವೊತಿ ವಾಯಾ ಕರನು ಕೇನ ಕೆ
it is a prayer for reaching the shore safely .|ದಂಡಿ ಕ್ಷೇಮೇತಿ ಪೂಚೆರ ವಾಸ ಪ್ರಾರ್ಥನಾ ಚ|ತಳಾವ ಸುರಕ್ಷೆರ ವಾಸ ಏಕ ಪ್ರಾರ್ಥನಾ ಚ
he chased the nawabs army upto delhi .|ವು ದಿಲ್ಲಿ ಲಗಾ ನವಾಬೇರ ಸೇನಾರ ಲಾರ ಗೆ|ವು ನವಾಬೇರ ಸೇನಾತಿ ನವಾಬೇರ ಸೇನಾ ಲೇನ ನವಾಬೇರ ಸೇನಾತಿ ಲಡೋ
there is a perfect harmony between the song and the action .|ಗೀದ ಅನ ಕಾಮೇರ್ ತಾಲ್ಮೇಲ ರಚ|ಗೀದೆಮ ಸುಂದರ ಸಂಬಂಧ ಚ
music is an integral part of the folk arts .|ಸಂಗೀತ ಜಾನಪದ ಸಾಕಿರ ಅಭಿನ್ನ ಅಂಗ ಚ|ಸಂಗೀತ ಜಾನಪದ ಕಲಾಕೃತಿ ಏಕ ಭಾಗ ಚ
i jumped from the tree and fell on the ground|ಮ ಝಾಡೇತಿ ಹೇಟ ಜಮ್ಮಿ ಪರ ಪಡಗೋ|ಮ ಝಾಡೇಪರತಿ ವಚಕಳನ ಜಮಿ ಪರ ಪಡಗೋ
then veer haridasala replied with a question .|ಜನಾ ವೀರ ಹರಿದಾಸಲ ಏಕ ಪ್ರಶ್ನೆತಿ ಉತ್ತರ ದಿನೋ|ಜನಾ ವೀರ ಹರಿದಾಸಲ ತಿ ಉತ್ತರ ದಿನೆ.
achievements of wife and husband were marvellous .|ಧಣಿ ಗೋಣ್ಣಿರ ಸಾಧನೆ ಅದ್ಭುತ ವೇತ್ತಿ|ಧಣಿ ಅನ ಗೋಣ್ಣಿ ಘಣ ಛಂದ ವೇತ್ತಿ
he challenged them your sister hassent you the balls .|ತಮಾರ್ ಭೇನ ತಮೆನ್ ಬಾಲ್ ದೇಮಲಿಚ ಕೇನ ಸವಾಲ್ ಘಾಲೊ|ವು ವೂನುನ ತಾರ್ ಭೇನ ಬಾಲ ದೇನಾಕೋಚ.
finally she came to mehta and garlanded him .|ಅಂತೆಮ ವು ಮೆಹತಾ ರ ಕನ್ನ ಆಯಿ ಅನ ಮಾಲಾ ಘಾಲಿ|ಅಂತೆಮ ವು ಮೆಹತಾರ ಕನ ಆಯಿ.
songs concerning marriage are very important stages in mans life|ವಾಯಾರ ಗೀದೆ ಮಾಣಸೇರ ಜೀವನೇಮ ಘಣ ಮಹತ್ವಪೂರ್ಣ ಚರಣ್ ಚ|ವಾಯಾ ರ ಗೀದೆ ಮಾಣಸೇರ ಜೀವನೇಮ ಘಣ ಮಹತ್ವಪೂರ್ಣ ಚರಣ್ ಚ
i have a feeling you will be a very good lawyer .|ತು ಘಣೊ ಆಚೊ ವಕೀಲ್ ವೆಚಿ ಕೆನ್ ಮನ್ ಅನಸಾವಚ.|ತು ಘಣ್ ಆಚೊ ವಕೀಲ ಚಿ ಕೆನ್ ಮನ್ ಅನಸಾವಚ.
the fox carried the heart and offered it to god .|ಲೋಮಡಿ ದಲ್ ಪಾಡಲೆಗಿ ಅನ ದೇವೇನ ಚಡಾಯಿ|ಲೋಮಡಿ ವೊನ ದಲ್ ಲೆಗೋ ಅನ ವೊನ ದೇವೇನ ಚಡಾಯಿ
she sings a to song expresses her inner tumult|ವು ಗೀದ ಗೀದಗಾವಚ ಅನ ವೋರ ದುಃಖ್ ವ್ಯಕ್ತಪಡಸಚ|ವು ಏಕ ಗೀದ ವೋರ ಆಂತರಿಕ ಪೀಡಾ ವ್ಯಕ್ತ ಕರಚ
i gave the naughty child a good thrashing|ಮ ಹಟಾ ಕಿದೋ ಜೆ ಛೋರಾ ನ ಮಸ್ತ್ ಮಾರೋಚು|ಮ ಘಣ್ ಶರಾರತಿ ಪಾಪಾ ದಿನೋ
he entered by means of the bed of neem leaves .|ಉ ಲಿಂಬೆರ್ ಪಾಲೇರ್ ಹಾಸ್ಕಿ ತಿ ಮಾಯಿ ಆಯೋ.|ಲಿಂಬೆರ್ ಪಾಲೇರ್ ಹಾಸ್ಗಿ ಮ ಆಯೋ
the sacred cow has a prominent place among their cattle|ವೂನೂರ್ ಜಾನ್ವರೇನುಮ ಪವಿತ್ರ ಗಾವಡಿನ ಪ್ರಮುಖ ಸ್ಥಾನ ಚ|ಪವಿತ್ರ ಗಾವಡಿರ ನಡು ಏಕ ಮಹತ್ವಪೂರ್ಣ ಸ್ಥಾನ ಚ
the wife felt that the words were addressed to her .|ತಾಂಡರಿನ ವು ವೊನಜ್ ಕೆರೋಚ ಕೇನ ಅನಸಾಯಿ|ತಾಂಡರಿ ವೋರ ಶಬ್ದ ನ ವಾತೇ ಕರ್ರೀತಿ ಕೇನ ಅನಸಾಯಿ
the boy lived happily with his wife and mother .|ಛೋರಾ ವೋರ ತಾಂಡರಿರ ಅನ ಯಾಡಿನ ಲೇನ ಖುಷಿತಿ ರೇ ಲಗೋ|ಛೋರಾ ವೋರ ತಾಂಡರಿ ಅನ ಯಾಡಿರ ಜೋಡಿ ಖುಷಿತಿ ರೇ
the devil in the bottle wasburned .|ಬಾಟಲಿಮ ವೆತ್ತೋ ಜೆ ಭೂತೇನ ಬಾಳನಾಕೆ|ಬಾಟಲಿಮ ವೆತ್ತೋ ಜೆ ಭೂತೇನ ಬಾಳನಾಕೆ
theysaid that they admire laxmi .|ವೊ ಹಮ್ ಲಕ್ಷ್ಮೀರ ಪ್ರಶಂಸಾ ಕರಾಚಾ ಕೇನ ಕಿ|ವೊ ಲಕ್ಷ್ಮೀ ಪ್ರಶಂಸಾ ಕರಚ ಕೇನ ಕೆ
they worship wonders and marvels of nature .|ವೊ ಪ್ರಕೃತಿರ ಚಮತ್ಕಾರೇರ ಪೂಜಾ ಕರಚ|ವೊ ಪ್ರಕೃತಿ ಅನ ಆಶ್ಚರ್ಯ ವೇಚ
besides these festivals they also observe other festivals|ಏ ಹಬ್ಬಾನೂರ ಜೋಡಿ ವೊ ದೂಸರ್ ಹಬ್ಬಾ ಬಿ ಕರಚ|ಏ ಹಬ್ಬಾನ ಛೋಡನ ವೊ ಅಜಿ ದೂಸರ್ ಹಬ್ಬಾನುನ ಭೀ ಕರಚ
the age-old marriage tradition is becoming rare .|ಪೆಹಲೆರ ನಾಯಿ ವಾಯಾ ನೊ ಅಬ ಅಪರೂಪ ಚ|ಪ್ರಾಚೀನ ವಾಯಾ ವೇರಿಚ.
such songs are commonly found among all tribes .|ಅಸಿ ಗೀದೆ ಸೇಜ ಜನಜಾತಿನುಮ ರಚ|ಅಸ ಸೇಜ ಬುಡಕಟ್ಟು ಜನಾಂಗ ಮಾಯಿ ಕನ್ನಾಯಿಬಿ ದೇಕೇನ ಮಳಚ
the stories may be collected through information with hard labour .|ಸಾಕಿನುನ ಘಣ ಮೆಹನತೆತಿ ಮಾಹಿತಿ ಲೇನ ಗೋಳಾ ಕರ ಸಕಾಚಾ|ಸಾಕಿ ಕಠಿಣ್ ಪರಿಶ್ರಮ್ನ್ ಗೋಳಾಕರಚ
the two children left in the forest were grown up .|ಜಂಗಲೆಮ ಛೋಡೆ ಜಕೋಣ ದೊಯೀ ಛಿಜ್ಯಾಪರ ಮೋಟೆ ವೇಗೆ|ಜಂಗಲೆಮ ಛೋಡೆ ಜಕೋಣ ದೊಯೀ ಛಿಜ್ಯಾಪರ ಮೋಟೆ ವೇಗೆ
alone was ahalya in the cottage .|ಕಟಿರ ಮಾಯಿ ಎಕ್ಲಿ ಅಹಲ್ಯ ವೇತ್ತಿ.|ಬರೆ ಅಹಲ್ಯ ಮ ಎಕ್ಲೊ ವೆತ್ತೋ
immediately after returning from the work they wash their feet|ವೊ ಕಾಮೇತಿ ಆತೆ ಸಾತ್ ಟಾಂಗ್ ಧೋವಚ|ವೊ ಕಾಮೇತಿ ಆತೆ ಸಾತ್ ವೂನೂರ ಟಾಂಗೇನ ಧೊವಚ
they proposed to take her as daughter-in-law .|ವೊ ವೊನ ಬೋಡಿ ಕರಾ ಕೇನ ಪೂಚೆ|ವೊ ವೊನ ಬೋಡಿ ಕರಾ ಕೇನ ಪೂಚೆ
he will go and marry samaladevi .|ವು ಜಾನ ಸಮಲಾದೇವಿತಿ ವಾಯಾ ಕರಚ|ವು ಸಮು ರ ವಾಯಾ ಕರಚ
he is rich. he does not need money !|ವು ಸಾಹುಕಾರ್ ಚ ವೊನ್ ಪೀಸಾ ಚಾಯೆನಿ.|ವು ಸಾವಕಾರ ಛೆನಿ ಕ?
peace and plenty o ! mother o ! mother .|ಘಣ ಶಾಂತಿ ಏ ಯಾಡಿ! ಏ ಯಾಡಿ!|ಏ! ಯಾಡಿ ಶಾಂತಿ ಅನ ಯಾಡಿ ಏ! ಯಾಡಿ
cucumber is a very good vegetable .|ಕಾಕಡಿ ಘಣ ಆಚ ತರಕಾರಿ ಚ|ಕಾಕಡಿ ಘಣ ಆಚ ತರಕಾರಿ ಚ
ogre was indulged in illegal activities .|ರಾಕ್ಷಸ ಮಾಂದೊ ಕಾಮ ಕರ್ರೊತೊ|ರಾಕ್ಷಸೇರ ಕಾಮ ಕರೆರ ವೆನಿ
he firmly believed that he was his brother .|ವು ವೊರಜ್ ಭಾಯಿ ಚ ಕೇನ ವೊನ ಪೂರಾ ವಿಶ್ವಾಸ ವೆತ್ತೋ|ವು ವೋರ ಭಾಯಿ ಭೆನ್ ಚ ಕೇನ ನಂಬಕಿ
they forget themselves in the mirth and revelry .|ವೊ ಉಲ್ಲಾಸ ಅನ ಆನಂದೆಮ ವೂನುರ್ಮೂನ್ ವೊ ಭೂಲ್ ಜಾವಚ|ವೊ ಕಾಚೆ ಅನ ಭಾರ ಭೂಲೋ
she said i am frying mother baking daughter .|ವು ಮ ಬೇಟಿನ ಸಿಜಾಡರಿಜೋಣ ಮಾಯೇನ ಫ್ರೈ ಕರ್ರಿಚು ಕಿ|ವು ಮ ಬೇಟಿ ನ ಬಾಟಿ ಕರರೊಚು.
her relatives forced her to participate and enjoy the festival .|ವೋರ ಸಂಬಂಧಿ ನೋ ವೊನ ಉತ್ಸವೇಮ ಭಾಗ ಲೇನ ಅನ ಆನಂದ ಲೇನ ಮಜಬೂರ್ ಕಿದೆ|ವೋರ ದೊಸ್ತಣೆ ವೊನ ಉತ್ಸವೇಮ ಭಾಗ ಲೇನ ಅನ ಆನಂದ ಲೇನ ಮಜಬೂರ್ ಕಿದಿ
these songs have the background of the birth of lord krishna|ಏ ಗೀದೇನುಮ ಭಗವಾನ ಕೃಷ್ಣಾರ ಜನ್ಮೇರ ಹಿನ್ನೆಲೆ ಚ|ಏ ಗೀದೆ ಭಗವಾನ್ ಕೃಷ್ಣ ಕೃಷ್ಣಾ ರ ಜನ್ಮ ಲಿದೊ
it also expresses her heartfelt sorrow .|ಯೆರ ಜೋಡಿ ವೋರ ಹಾರ್ದಿಕ ವ್ಯಥೆ ಭೀ ವ್ಯಕ್ತ ಕರಚ|ಈ ಬಿ ವೋರ ದುಃಖ ವ್ಯಕ್ತ ಕರಚ
it is not much of a surprise is it ?|ಈ ಘಣ್ ಆಶ್ಚರ್ಯಕರ ಛೆನಿ ಹಾವ ಕೋನಿ?|ವು ಘಣ್ ಆಶ್ಚರ್ಯ ಕಾವ.
may your third son become a cattle herdsman|ತಾರ ತೀಸರಾ ಬೇಟಾ ಜಾನ್ವರ ಚರಾವಾಳೋ ವೇದ|ತಾರ ಚಾರನೆ ಬೇಟಾ ವ್ಯಾಪಾರಿ ವೇದ
now they admire and practise hindu culture .|ಅಬ ವೊ ಹಿಂದೂ ಸಂಸ್ಕೃತಿ ರ ಪ್ರಶಂಶೆ ಅನ ಅಭ್ಯಾಸ ಕರಚ|ಅಬ ವೊ ಹಿಂದೂ ಸಂಸ್ಕೃತಿ ರ ಪ್ರಶಂಶೆ ಕರಚ
i am having toothache since last night|ಕಾಲ ರಾತೇತಿ ಮಾರ ದಾತ ದುಕರೋಚ|ಮನ ಕಾಲೇನ ರಾತ್ ಜಾಗೊ
let not you venture to snatch away my beautiful|ತಮ್ ಮಾರ ಸುಂದರಿ ನ ಖೋಸೆರ ಕೊಶಿಸ್ ಕರೋಮತ|ತು ಮಾರ ಛಂದ ಚೋರಿ ಕರೇನ ಮತ
by holding it he was going to lavatory .|ವೊನ ಪಕಡನ ವು ಶೌಚಾಲಯನ ಜಾತೊತೋ|ವೊನ ಪಕಡನ ಶೌಚಾಲಯನ ಜಾಮಲೋತೊ
ram is afraid of cockroaches .|ರಾಮೆನ್ ಕೋಶಾರಿ ಓ ಕತೋ ಘನ್ ಚಮಕೆಣಿ ಛ.|ರಾಮೆನ್ ವಾಘ್ ಓ ಕತೋ ಘನ್ ಚಮಕಿಣಿ ಛ.
the king got his two queens and princes .|ರಾಜ ನ ವೋರ ದೊಯೀ ರಾಣಿ ನೋ ಅನ ರಾಜಕುಮಾರ ಮಳಗೆ|ರಾಜಾ ವೋರ ದೀ ರಾಣಿನೋ ಅನ ರಾಜಕುಮಾರೇನುನ ಮಳಚ
where can i weigh my groceries ?|ಮ ಮಾರ್ ಕಿರಾಣಿರ ಸಾಮಾನ್ ಕತ್ ತೋಲು?|ಮ ಮಾರ್ ಘೋಡಾ ಕತ್ ಪೆರೋಚು
they bid farewell to the couple happily .|ವೊ ಖುಷಿತಿ ಈ ಜೋಡಿರ ಬಿದಾಯಿ ಕಿದೆ|ವೊ ಖುಷಿತಿ ರೇ
now that you are tired you would better rest .|ತೋನ್ ಸುಸ್ತ್ ವೇಗಿಚ ತು ಆರಾಮ್ ಕರ ಜೋಣ ಠೀಕ್ ರಚ.|ಅಬ್ ತು ಸುಸ್ತ್ ವೇಗೋಚಿ
squeeze the lemon in the dal|ದಾಳೆಮ ಲಿಂಬುನ ನಚೋ|ಅಂಬಾನ ಫಿಚನ ರಸಾ ಕಾಡ
he was giving a bread daily to a ghost hidden in a neem tree nearby the temple .|ವು ಗುಡಿರ ಕನ ಏಕ ನಿಮೇರ ಝಾಡೆಪರ ಜಪಮಲೋ ಜೆ ಭೂತೇನ ದಾಡ್ಡಿ ಬಾಟಿ ದೇತೊತೊ|ವು ದೇವೆರ ಗುಡಿ ರ ಝಾಡೇಪರ ಏಕ ಮೋಟೋತೊ
the message of skylark is like that of the message in kalidasas megha sandesh|ಸ್ಕೈ ಲಾರ್ಕೆರ ಸಂದೇಶ ಕಾಳಿದಾಸೆರ ಮೇಘಾ ಸಂದೇಶೇರ ನಾಯಿ ಚ|ಕಾಳಿದಾಸೆರ ಮೇಘಾ ಸಂದೇಶೇರ ನಾಯಿ ಚ
this volang song also presents their images aboutgods goddesses and many cultural themes .|ಏ ವೊಲಾಂಗ್ ಗೀದೆ ದೇವಿ-ದೇವತಾವೋ ಅನ ಕತ್ರಾಕೋ ಸಾಂಸ್ಕೃತಿಕ ವಿಷಯರ ಬಗ್ಗೆ ವೂನೂರ ಆಸಕ್ತಿ ದಕಾಳಚ|ಈ ಗೀದ ವೂನೂರ ಆಂತರಿಕ ಅನ ಕತ್ರಾಕೋ ಸಾಂಸ್ಕೃತಿಕ ಸಂಬಂಧಿತ ಚ
a small purse which is filled with a rupee coinpanbetelnut and rice grains .|ಪೀಸಾ ಕಡಾಯಿ ಪಾನ ಅನ ಚಾವಳೆತಿ ಭರಮಲ ಜೋಣ ಏಕ ನಾಣಕ್ಯ ಪೊಡ್ಯಾ|ಏಕ ನಾಣಕ್ಯಾಸೋ ಪರ್ಸ್ ಅನ ಚಾವಳೇತಿ ಭರಚ
the king reported this to his two queens who said that they admire veedhi laxmi .|ರಾಜಾ ಯೆರ ಬಗ್ಗೆ ವೋರ ದೊಯೀ ರಾಣಿನುನ ಕೆ ವೊ ವೀಧಿ ಲಕ್ಷ್ಮಿ ಪಸಂದ್ ಚ ಕೇನ ಕಿ|ರಾಜಾ ವೋರ ದೀ ರಾಣಿ ನ ಪ್ರಶಂಸಾ ಕಿದೆ ಕೇನ ಕೆ
veer haridasala a young boy of sixteen years was herding thecows in the forest|ಸೋಳಹ ವರ್ಸೆರ ಛೋರಾ ಹರಿದಾಸಲ ಜಂಗಲೆಮ ಗಾವಡಿ ಚರಾರೋತೋ|ವೀರ ಹರಿದಾಸಲ ಜಂಗಲೆಮ ಸಾಳಹ ರೀ ಜಕೋಣ ಛೋರಾನ ಜಂಗಲೇಮಾಯೀ ಭಾಂದರೊತೊ
he told the king that after twelve years the two children will be separated from their father .|ವು ರಾಜಾನ ದೊಯೀ ಛಿಜ್ಯಾಪರ ಬಾಪೇತಿ ದೂರ ವೇಜಾವಚ ಕೇನ ಕೆ|ವು ರಾಜಾನ ಬಾರಾಹ ವರ್ಸೆರ ಪಚ ದೊಯೀ ಛಿಜ್ಯಾಪರ ಬಾಪೇತಿ ದೂರ ವೇಜಾವಚ ಕೇನ ಕೆ
the milk from the breasts of the two queens dropped in the mouth of the princes .|ದೊಯೀ ರಾಣೀನೂರ ಸ್ಥನೇರ ದೂಧ್ ರಾಜಕುಮಾರೇನೂರ ಮುಂಡೇಮ ಪಡೋ|ದೊಯೀ ರಾಣಿನೋ ರಾಜಕುಮಾರೇನುನ ಮನವಿ ಕಿದಿ
the younger brother of the deceased husband is considered the most eligible to marry his brothers widow .|ಮೋಟೆ ಭಾಯೀರ್ ಬಾಯಿಗೋಳೆಣ ದೇವರ ವಾಯಾ ಕರ್ಸಕಚ ಕೆನ್ ಕೆಮ್ಲೇಚ.|ಮರಮಲೋ ಜೋಣ ನಾನ್ಕಯ ಭಾಯಿ ನ ವೋರ ಭಾಯೀನ ಅವಕಾಶ ಮಳಿ
proverbs are noted for their imaginationexperiencemetaphors and rhythm .|ಕಹಾವತೆನೂರ ವೂನೂರ್ ಕಲ್ಪನೆ ಅನುಭವ ರೂಪಕ ಅನ ಲಯ ತಿ ನಾಮ ಚ|ಕಹಾವತೇನುನ ಬುದ್ಧಿರ ಪ್ರದರ್ಶನೇರ ವಾಸ ಅನ ಲಯರ ವಿಚಾರ ಕರಚ
the two princes sanga and neela were growing up under the protection of a washerman .|ದೊಯೀ ರಾಜಕುಮಾರ ಸಂಗಾ ಅನ ನೀಲ ಏಕ ಧೋಬಿರ ಕನ ಮೋಟೆ ವೇರೆತೆ|ದೀ ರಾಜಕುಮಾರಿ ಸಂಗಾ ಅನ ನೀಲ ಧೋಬಲೆಮ ಮೋಟೆ ವೇರೆತೆ
he sought their blessings and started for kamalagadon his horse hansalo .|ವೂನೂರ ಆಶೀರ್ವಾದ ಮಾಂಗೋ ಅನ ವೋರ ಘೋಡಾ ಹನ್ಸಲೋ ಕಮಲಗದೊನ್ ಗೆ|ವು ವೂನೂರ ಆಶೀರ್ವಾದ ಮಾಂಗೋ ಅನ ಘೊಡೆಪರ ಸವಾರ ವೇ
the father or the brother of the girl takes her to their house or village during the seventh month .|ಛೋರೀರ ಬಾಪ ನೀತರ್ ಭಾಯಿ ಛೋರಿನ ಸಾತನೆ ಮೀನಾ ರ ಜನಾ ವೂನೂರ್ ಘರೇನ್ ಬಲಾ ಲೇಜಾವಚ|ಛೋರೀರ್ ಭಾಯಿ ನಿತರ ಸಾತನೆ ಮೀನಾರ್ ಲಗಾ ಯಾ ಗೋಳಾವಚ
the madli is a sweet dish made by mixing wheatpowder and jaggery .|ಮಾದ್ಲಿ ಘಂವುರ ಆಟೋ ಅನ ಗೋಳ್ ಭೇಳನ ಕರ ಜೋಣ ಏಕ್ ಮಿಟೋ ಖಾಣೊ ಚ|ಮಸಾಲೆ ಯಂದುನ ರುಬ್ಬಾ ಅನ ಚಳೆರ ಮಿಟೋ ಅನ್ನ ಸವಾರಚ
the miracles and spiritual powers of his great character throw floodlight upon his greatness .|ವೊರ ಮಹಾನ್ ಚರಿತ್ರೆರ ಚಮತ್ಕಾರ ಅನ ಆಧ್ಯಾತ್ಮಿಕ ಶಕ್ತಿನೂ ವೊರ ಮಹಾನತಾ ರ ಬಗ್ಗೆ ದಕಾಳಚ|ಪವಾಡ ಆಧ್ಯಾತ್ಮಿಕ ಶಕ್ತಿ ಓರ್ ಮಹಾನ್ ಪಾತ್ರರ ಶಕ್ತಿ ತಿ ಪ್ರದರ್ಶನ ಕರೆತೆ.
a washerman promised and he arrested her with black magic and offered to motisangraj .|ಏಕ ಧೋಬಿ ವೊನ ಭರೋಸಾ ದಿನೋ ಅನ ವೊನ ಮಾಟ ಮಂತ್ರ ತಿ ಪಕಡನ ಮೋತಿಸಂಗರಾಜೇನ ದಿನೋ|ಏಕ ಧೋಬಿ ಮಾಟ ಮಂತ್ರ ತಿ ಪಕಡನ ಮೋತಿಸಂಗರಾಜೇನ ದಿನೋ
a shephard was giving a bread daily to a ghost hidden nearby the temple .|ದೇವೆರ ಗುಡಿ ರ ಕನ್ನ ಜಪಮಲೋ ಜೆ ಭೂತೇನ ಧನಗರ ದಾಡ್ಡಿ ಬಾಟಿ ದೆತೊತೊ|ಏಕ ಮಿಂಡಿರ ಡಾರ ಕನ್ನ ದಾಡ್ಡಿ ಬಾಟಿ ದಿನೋ
one day this fox saw the tiger and it began to sharpen its knife .|ಏಕ ದಾಡ ಈ ಲೋಮಡಿ ಏಕ ಬಾಘ ದೀಟೋ ಅನ ವೋರ ಚಾಕು ಅಳಾಯೆಲಗೋ|ಏಕ್ ದಾಡ ಲೋಮಾಡಿ ಬಾಘೆನ ದಿಟಿ ಅನ ಚಾಕು ಅಳಾಯೆಲಗಿ
arrayed in lines they go down on their haunches kicking their feet out .|ಸಾಲೆಮ ಜಾತೇ ಕುದತೆ ವೂನೂರ ಹತಳಿಪರ ಹುಬರಚ|ವೊ ಅಂದುರ ಟಾಂಗೆ ಪರ ವೂನೂನ ಭಾರ ಜಾರೇಚ
the romantic tales have important place in the complex folk tales of folk literature .|ಜಾನಪದ ಸಾಹಿತ್ಯರ ಜಟಿಲ ಸಾಕಿನುಮ ರೋಮ್ಯಾಂಟಿಕ್ ಸಾಕಿನುನ ಜಾಸ್ತ್ ಮಹತ್ವ ಚ|ಜಾನಪದ ಸಾಹಿತ್ಯರ ಪ್ರಕಾರೇನುಮ ಕಹಾವತೆರ ಮಹತ್ವಪೂರ್ಣ ಸ್ಥಾನ ಚ
this hut has a white flag atop it and no one is allowed to sleep in it .|ಈ ಝುಪಡಾ ಮಾಯಿ ಧೊಳೋ ಝೇಂಡಾ ಛ ಓಮಾಯಿ ಸೊಯೆನ್ ಕೇನಿ ಅನುಮತಿ ಛೆಯೀ.|ಈ ಝುನೋ ಧೊಳೋ ಝೇಂಡಾ ಛ.
noticing their interest in cattle the former nizams government had introduced same welfare schemes .|ಜಾನ್ವರೇನುಮ ವೂನೂರ್ ರುಚಿ ದೇಕನ ನಿಜಾಮ ಸರಕಾರ ಸಮಾನ ಕಲ್ಯಾಣಕಾರಿ ಯೋಜನಾ ಶುರು ಕಿದೇತೆ|ಲಾರೇರ ದಾಡ ನಿಜಾಮ ಸರಕಾರ ವೂನೂರ್ ಕಲ್ಯಾಣ ಉಪಾಯ ಶುರು ಕಿದೆ
they pray for the speedy recovery of health and strength of the newely delivered woman .|ವೊ ಪೆಹಲೆರ್ ಸಲಾ ಜಣಮಲ ಜೆ ಬಾಯಿರ ಸ್ವಾಸ್ಥ್ಯ ಅನ ಶಕ್ತಿ ಜಲ್ದಿ ಸ್ವಸ್ಥ ವೇದ ಕೇನ ಪ್ರಾರ್ಥನೆ ಕರಚ|ವೊ ನೇಕ ಆರೋಗ್ಯ ರ ಶಕ್ತಿ ಅನ ಶಕ್ತಿಶಾಲಿ ರೂಪೇಮ ಪ್ರಾರ್ಥನಾ ಕರಚ
the dead prince will be revived if his childs blood is smeared on his body|ಮರಮಲೋ ಜೋಣ ರಾಜಕುಮಾರೆರ ಶರೀರೆಪರ ವೋರ ಬೇಟಾ ರ ಲೋಯಿ ಛಣಕೆ ಕತೋ ವು ಪುನರ್ ಜಿವೀತ ವಚ|ಮರಮಲೋ ಜೋಣ ರಾಜಕುಮಾರೆರ ಶರೀರೆಪರ ವೋರ ಬೇಟಾ ರ ಲೋಯಿ ಛಣಕೆ ಕತೋ ವು ಪುನರ್ ಜಿವೀತ ವಚ
the bridegroom stayed for about two months in his father-in-laws house .|ಯೆತಡು ದೀ ಮೀನಾ ಸಸರೆರ ಘರೇಮ ರೇ|ನವಲೆರಿ ವೋರ ಸಾಸುನ ದಿ ಮೀನಾರ್ ಲಗಾ ರೇ ಮಾಯಿ ವೆತ್ತೆ.
the prince will die on the first honeymoon night by a snake bite .|ರಾಜಕುಮಾರ ಪೆಹಲೆರ ಹನಿಮೂನೇರ ರಾತ ಸಾಪ ಕಾಟನ ಮರಜಾವಚ|ರಾಜಕುಮಾರ ಜನಾವಜಾಯೆರ ಪೆಹಲೆರ ಕೋಳ ತಿ ಮರಚ
a good number of stories belonging to the class jokes and anecdotes are present .|ಘಣ ತಮಾಸೇರ ಅನ ಉಪಾಖ್ಯಾನ ಸಂಬಂಧಿತ ಸಾಕಿನೊ ಚ|ಜಾನಪದ ಸಾಕಿನುಮ ತಮಾಸೇರ ಅನ ಉಪಾಖ್ಯಾನ ಘಣಿ ಸಾಕಿನೊ ಚ
the song is accompanied with the playing of sarangi or striking of bronze plates .|ಏ ಗೀದೆ ಸಾರಂಗಿ ವಜಾತೆ ನಿತರ ಥಾಳಿ ವಜಾತೆ ಗೀದಗಾವಚ|ಈ ಗೀದ ಸಾಟಾ ರ ಅನ ಚಾಂದಿ ರಮ್ಮ ಚ
by having completed second step you are bosom pearl-like daughter to your parents .|ದೀನೇ ಚರಣ ಪೂರಾ ಕಿದಿ ಕತೋ ತು ಮಾ ಬಾಪೇರ ಮೋತಿ ಸರಿಕ್ ಬೇಟಿ|ತೀಸರಾ ಚರಣ ಪೂರಾ ಕಿದಿ ಕತೋ ತು ತಾರ ಮಾ ಬಾಪೇರ್ ನಾಯಿ ಬೇಟಿ ಚಿ
the themes of the tales of magic are about powerful opponents super human .|ಜಾದೂರ ಸಾಕಿನೊ ಶಕ್ತಿಶಾಲಿ ವಿರೋಧಿನೂರ ಸೂಪರ್ ಮಾನವತಾರ ಬಗ್ಗೆ ಚ|ಜಾದೂರ ಸಾಕಿನೊ ಶಕ್ತಿಶಾಲಿ ವಿರೋಧಿನೂರ ಬಗ್ಗೆ ಚ
holding sticks in their hands the women encircle the tub to protect it .|ಬಾಯಿಗೋಳೇ ಹಾತೆಮ ಲಕಡಿ ಲೇನ ಟಬೇರ ರಕ್ಷಾ ಕೆರೆರ ವಾಸ ವೊನ ಘೇರ ಲಚ|ಬಾಯಿಗೋಳೇ ವೂನೂರ ಹಾತೆಮ ಪಕಡೇರ ವಾಸ ಟಲಿಮ ಮೇಲಚ
the riddles are introduced with a view to remove the boredom here and there .|ಅತ ವತ ಬ್ಯಾಸರ ನ ವೇಣು ಕೇನ ಪೆಹೆಲಿಯಾ ರ ಪರಿಚಯ ಕರಮಲೆಚ|ಬ್ಯಾಸರ ನ ವೇಣು ಕೇನ ಪಹೇಲಿ ಕಚ
a giantess who was guarding the forts of the city thrashed purna .|ಗಾಮೇರ ರಖವಾಲಿ ಕರರೋ ಜೋಣ ಏಕ ರಾಕ್ಷಸ ಪೂರ್ಣಾನ ಪಿಟೊ|ಗಾಮೇರ್ ಕೋಟೆ ಲೋಗ ಪೂರ್ಣಾ ನ ಫೆಕ್ರೋತೋ
king chandan went to the palace where he was garlanded by the elephant .|ರಾಜಾ ಚಂದನ್ ವೊ ಮಹಲೆಮ ಗೋ ಜತ ವೊನ ಹಾಥಿ ಮಾಲಾ ಘಾಲಿ ತಿ|ರಾಜಾ ಚಂದನ ವೊನ ಮಹಲೇನ ಗೆ
i have thrown the severed neck of the lamb in the bathroom .|ಮ ಮಿಂಡಿರ ಪಿಲ್ಲಾರ ಕಾಟಮಲೆ ಜೋಣ ನಡ್ದಿನ ಬಾತ್ರೂಮೆಮ ಫೇಕಮಲೋಚು|ಮ ಬಾತ್ರೂಮೆಮ ಮಿಂಡಿರ ಪಿಲ್ಲಾರ ಮುಚು.
a fight was going on between these two forest dweller tribes for their survival .|ಏ ದೊಯೀ ವನವಾಸಿ ಜಾತಿನುಮ ವೂನೂರ ಅಸ್ತಿತ್ವೇರ ವಾಸ ಲಡಾಯಿ ಚಾಲರಿತಿ|ಏ ದೀ ಜಂಗಲೇರ ನಡು ಮಾರ್ಪೀಟ ವೇಗಿ
both were rulers in the northern parts of india during ghori mohammeds period .|ದೊಯೀ ಮೊಹಮ್ಮದ ಘೋರಿರ ಕಾಲೆಮ ಭಾರತೇರ ಉತ್ತರ ಭಾಗೇನುಮ ಶಾಸಕ ವೆತ್ತೆ|ಘೋರಿ ಮೊಹಮ್ಮದ ಭಾರತೇರ ಉತ್ತರ ಭಾಗೇಮ ಶಾಸಕ ವೆತ್ತೆ
he left his city and went to live in the forest where he breathed his last .|ವು ಗಾಮ ಛೋಡನ ಜಂಗಲೆಮ ರೇನ ದರಗೊ ಅನ ವತ್ತಜ ಅಂತಿಮ ಸಾಸ್ ಛೋಡೋ|ವು ವೋರ ಗಾಮ ಛೋಡೋ ಅನ ವತ್ತಜ ಅಂತಿಮ ಸಾಸ್ ಛೋಡೋ
the people who come to see the folk plays enacted at night in the villages .|ಹಳ್ಳಿನುಮ ರಾತವಣಾ ಕರಜೋಣ ಜಾನಪದ ನಾಟಕನೋ ದೇಕೇನ ಆವಜೊಣ ಲೋಗ್|ಜಾನಪದ ಸಾಕಿನುಮ ರಾತ ರಮ್ಮೆರ ವೆನಿ
the two epics ramayana and mahabharata have made an everlasting impact .|ದೊಯೀ ಮಹಾಕಾವ್ಯನೋ ರಾಮಾಯಣ ಅನ ಮಹಾಭಾರತೆರ ಶಾಶ್ವತ ಪ್ರಭಾವ ವೇಮಲಿಚ|ದೊಯೀ ಮಹಾಕಾವ್ಯ ರಾಮಾಯಣ ಅನ ಮಹಾಭಾರತ ಪ್ರಭಾವ ವೇಮಲಿಚ
i will be in carnating myself in eastern country after twelve generations .|ಮ ಬಾರಾಹ ಪಿಡಿನೂರ ಪಚ ಪೂರ್ವ ದೆಶೆ ಮ ದೇಹ ಧಾರಣ ಕರುಚು|ಮ ಬಾರಾಹ ಲೀಗೇರ ಪಚ ಪೂರ್ವ ದಿಕ್ಕೆಮ ನಿಕಳುಚು.
they made a number of narrative songs with thebackground of the epic incidents .|ವೊ ಮಹಾಕಾವ್ಯರ ಘಟನೇನೂರ ಆಧಾರೆರ ಪರ ಮಲಕೆರ್ ಗೀದ ರಚಮಲೆಚ|ವೊ ಮಹಾಕಾವ್ಯ ಘಟನೆಪರ ಘಣ ಕಥಾ ಗೀದೆ ಕರಚ
the bridegroom begs her relatives not to paste her with mehandi|ನವಲೆರಿ ವೋರ ರಿಸ್ತೇದಾರೆನುನ ಮೆಹೆಂದಿ ಲಗಾಡೋ ಮತ ಕೇನ ಭೀಕ ಮಾಂಗಚ|ನವಲೆರಿ ವೋರ ರಿಸ್ತೇದಾರೆನುನ ಕುಕು ಲಗಾಡೋ ಮತ ಕೇನ ಭೀಕ ಮಾಂಗಚ
his love of humanity is found in his distribution of the food among his companions .|ಮಾನವತಾರ ವೊರ ಪ್ರೇಮ ವೊರ ಸಾಥಿನುನ ಖಾಣೊ ವಿತರಣ ಕರ ಜೇಮ್ ದಿಕಾವಚ|ವನೂರ್ ಸಹಚರೆರ್ ನಡು ಆಹಾರ ವಿತರಣೆ ಮಾಯಿ ಮಾನವೀಯತೆರ್ ಪ್ರೀತಿ ದಕವಾಚ.
such complex stories are found in folk tales of the different countries with some changes .|ಅಸ ಜಟಿಲ ಸಾಕಿನೊ ವಿಭಿನ್ನ ದೆಶೆನೂರ ಜಾನಪದ ಸಾಕಿನುಮ ದಸೆಕ ಬದಲಾವಣೆ ಮ ಮಳಚ|ಅಸ ಸಾಕಿನುನ ವಿಭಿನ್ನ ಪ್ರಕಾರೇರ ಸಾಕಿನೂರ ಬಗ್ಗೆ ದೇಕೇನ ಮಳಚ
revived by ceremonial gifts of alcoholthey rise again on their feet .|ದಾರೂರ ಉಡುಗೊರೆತಿ ವೊ ಪುನರ್ಜಿವಿತ ವೇನ ವೂನೂರ್ ಟಾಂಗೆಪರ ಹುಬರಚ|ವೂನೂರ್ ಟಾಂಗೇನ ಅಜಿ ಪಿವ ಜೋಣ ವೂನೂರ್ ಟಾಂಗೇನ ಅಜಿ ವಾಪಸ್ ಆವಚ
polygamy system was in existence due to lack of social status and childlessness .|ಸಮಾಜೆ ಮಾಯಿ ಮಾನ ಮರ್ಯಾದಿ ಅಜಿ ಚಿಝಫರ್ ನ ರೆಕತೋ ಅಜೆಕ್ ವಾಯಾ ವೇರ್ ಚಾಲ್ತಿಮ್ ವೇತ್ತಿ.|ಸಾಮಾಜಿಕ ಸ್ಥಿತಿ ಅಜಿ ಸಾಮಾನೇರ ಕಮಿ ವೇತ್ತಿ ಕೋನಿ
all this gave rise to fluctuating figures of tribal communities and the tribal population .|ಈ ಬುಡಕಟ್ಟು ಸಮುದಾಯ ಅಜಿ ಬುಡಕಟ್ಟು ಜನಸಂಖ್ಯಾ ತಿ ಹೆಟ್ ಉಪ್ಪರ್ ವೆರಿಚ.|ವೋತ ಆದಿವಾಸಿ ಬುಡಕಟ್ಟು ಜನಾಂಗ್ ಸಂಖ್ಯಾ ಏಕ್ ನಂಬಚ್
many narrative songs have been composed on the lives of seers of the community .|ಸಮುದಾಯ ರ ಮಹಾನ್ ಸಂತೇನುಪರ್ ಕತ್ರಾಕೋ ಕಥಾಗೀದೆ ರಚನೇ ವೇಮಲಿಚ|ಸಮುದಾಯ ರ ದರ್ಶನೇತಿ ಕತ್ರಾಕೋ ಕಥಾಗೀದೆ ರಚನೇ ವೇಮಲಿಚ
they further honour the goddess by offering both jawar and tobacco .|ವೊ ದೇವಿನ ಜಾರ ಅನ ತಂಬಾಕು ಚಡಾನ ಸಮ್ಮಾನ್ ಕರಚ|ವೊ ಜಾರ್ ಅನ ಸಾಮಾನ್ ಚಡಾವಚ
there was a beautiful and virtuous princess by name sonawati .|ವತ ಸೋನಾವತಿ ನಾಮೇರ ಸುಂದರ್ ಅನ ಗುಣಿ ರಾಜಕುಮಾರಿ ವೇತ್ತಿ|ಸೋನಾವತಿ ನಾಮೇರ ಸುಂದರ್ ರಾಜಕುಮಾರಿ ವೇತ್ತಿ ಜನಾ
both son and daughter-in-law were very happy to see the rich treasure .|ಬೇಟಾ ಅನ ಬೊಡಿ ದೊಯೀ ಘಣ ಖುಷ್ ವೇಗೆ|ದೊಯೀ ಬೇಟಾ ಸೋನೋ ದೇಕನ ಘಣ ಖುಷ್ ವೇಗಿ
the women has to take a last glimpse of the holi fire .|ಬಾಯಿಗೋಳೇ ಹೋಳಿರ ಆಖರಿ ದರ್ಶನ ಕರಚ|ಬಾಯಿಗೋಳೆ ಹೋಳಿ ಅಂಗಾರ ಲಗ್ಗೋಚ
while singing drums cymbals and bronze plates are generally used .|ಗೀದಗಾವ ಜನಾ ಧೋಲ್ ಝಾನ್<<unk>> ಅನ ಥಾಳಿ ವಜಾವಚ|ಗೀದಗಾವ ಜನಾ ಭಾಂಡೆ ಅಜಿ ಚಾಂದಿ ಓ ಸೆ ರಚ್.
the present song has these elements-how he killed the bhill people .|ಏ ಗೀದೆಮ ವು ಭೀಲ ಲೋಗುನ್ ಕು ಮಾರೋ ಜೋಣ ಚ|ಏ ಗೀದೆಮ ವು ಭೀಲ ಲೋಗುನ ಮಾರಮಲೋಚ್
the characteristic elements are traced after detailed study of the narrative song .|ಕಥಾ ಗೀದೇರ ಅಧ್ಯಯನ ಕರಜೇರ ಪಚ ದೂಸರ್ ದೂಸರ್ ಅಂಶ ನೋ ಧುನ್ದಚ|ಕಥಾ ಗೀದೇನೂರ ಪ್ರಮುಖ ಅಂಶ ಛ
there are many blood-sucking insects in the jungle .|ಜಂಗಲೆಮ ಕಾತ್ರಾಕೋ ಲೋಯಿ ಪೀವಾಳೆ ಕೀಡಾನೋ ಚ|ಜಂಗಲೆಮ ಘಣ ಲೋಕ ಕೀಡಾನೋ ಚ
the songs which praise their ideals are known as heroic narrative songs .|ವೂನೂರ ಆದರ್ಶ ರ ಪ್ರಶಂಸೆ ಕರಜೋಣ ಗೀದೇನುನ ವೀರ ಕಥಾ ಗೀದ ಕಚ|ವೂನೂರ ಕಲ್ಪನೆ ರ ಪ್ರಶಂಸೆ ಕರಜೋಣ ಗೀದೇನುನ ವೀರ ಕಥಾ ಗೀದ ಕಚ
they were engaged in supplying foodgrains from one area to other area .|ವೊ ಏಕ್ ಜಾಗ ತಿ ದೂಸರ್ ಜಾಗ ಆಹಾರ ಧಾನ್ಯ ಪೂರೈಸೆಮ ಲಗಮಲೆತೇ|ವೊ ಏಕ ಜಾಗಾತಿ ದೂಸರ್ ಜಾಗಾನ ಹಿಂಡತೆ
their natural life isfilled with mirth fun prank irony and wit .|ವೂನೂರ್ ಪ್ರಾಕೃತಿಕ್ ಜೀವನ್ ಮಜಾಕ್ ತಮಾಷಾ ಅನ ಬುದ್ಧಿ ತಿ ಭರೋಚ|ವೂನೂರ ಪ್ರಕೃತಿಮ ಮಜಾ ಅನ ಮಜಾಕಿಯಾ ತಿ ಭರಚ
the dress also minimize the impact of excess heat on the body .|ಈ ಕಪಡಾ ದೇಹ ಮಾಯಿ ಜಾಸ್ತಿ ಶಾಖೆ ರ ಪ್ರಭಾವ್ ಕಮ್ ಕರಚ.|ಜಿಗಲಾರ ಕಿಮತ ಭಾಂದ
a mercantile ship which desired for a prey halted there .|ಏಕ ವ್ಯಾಪಾರಿಕ್ ಜಹಾಜ ಶಿಕಾರೇರ ತಲಾಸೆಮ ವತ ಥಾಮಮಲೋತೊ|ಏಕ ಗಂಭೀರ ವಾಸ ಏಕ ಶಿಕ್ಷೆ ದಿನೇಚ
the neighbours tried to speak to them but they felt that they might be dead .|ಆಜು ಬಾಜೂರ ವಾಳ ವೂನುತಿ ವಾತೆ ಕರೆರ ಕೊಶಿಶ್ ಕಿದೆ ಪಣ ವೊ ಮರಗೆಚ ಕಾಂಯಿಕೋ ಕೇನ ವೂನುನ ಅನಸಾಯಿ|ಆಜು ಬಾಜು ವಾಳೆರ ಜೋಡಿ ವಾತೆ ಕಿದೆ ಪಣ ವೊ ಮರಗೆಚ ಕಾಂಯಿಕೋ ಕೇನ ವೂನುನ ಅನಸಾಯಿ
the ancestors had imposed different kinds of penalties and punishments|ವೂರ ಜೀವನರ ದಾಡ್ಡಿ ಕಾಮೇರ ಅಸಹಕಾರ ಶಿಕ್ಷಾ ಚ್|ಪೂರ್ಯನುನ ನಾಳಿ ದಂಡಾ ಅನ್ ಶಿಕ್ಷಾ ದಿನೆಚ್
when they were eating the roasted flesh of the peacock .|ವೊ ಮೋರೇರ ಭುಂಜಮಲೆ ಜೋಣ ಬೋಟಿ ಖಾರೆ ಜನಾ|ವೊ ಮೋರೇರ ಭುಂಜಮಲೆ ಜೋಣ ಬೋಟಿ ಖಾರೆ ಜನಾ
o ! deepawali thou art the harbinger of a new year|ಓ! ದೀಪಾವಳಿ ತು ನವೋ ವರ್ಸೆರ ಮುನ್ನುಡಿ ಚಿ|ಓ! ದೀಪಾವಳಿ ಮಾಯಿ ತು ಏಕ್ ನವೋ ವರಸ್ ಚಿ
she was surprised to find the sympathy of the wild animals .|ಜಂಗಲಿ ಜಾನ್ವರೆನೂರ ಸಹಾನುಭೂತಿ ದೇಕನ ವೊನ ಆಶ್ಚರ್ಯ ವಿ|ವು ಜಂಗಲಿ ಜಾನ್ವರನೊ ಜಂಗಲಿ ಜಾನ್ವರೆನೂರ ಆಶ್ಚರ್ಯ ವಿ
being bewitched by her beauty sri krishna puts obstacles to her|ವೋರ ಸುಂದರತಾ ತಿ ಮೋಹಿತ್ ವೇನ ಕೃಷ್ಣಾ ವೊನ ಬಾಧಾ ಘಾಲಚ|ವೋರ ಸುಂದರತಾ ದೇಕನ ಮೋಹಿತ್ ವೇಗೋ
the ghost got down and caught hold of the shepherds wife .|ಭೂತ ಉತರನ ಧನಗರೇರ ತಾಂಡರಿನ ಪಕಡಲಿದೊ|ಭೂತ ಉತರನ ಧನಗರೇರ ತಾಂಡರಿನ ಪಕಡಲಿದೊ
a person who hears these and tells others he turns into a rock .|ಯೇನ ಸಾಮಳನ ದುಸರೇನ ಕ ಜೋಣ ಮಾಣಸ್ ಭಾಟಾ ವೇಜಾವಚ|ಯೇನ ಸಾಮಳನ ದುಸರೇನ ಕ ಜೋಣ ಮಾಣಸ್ ಭಾಟಾ ವೇಜಾವಚ
the songs have rhythm though they appear to be prosaic .|ಗೀದೆ ಮೋಟಿ ಚ ತೋಬಿ ವೂನುಮ ಲಯ ಚ|ಲಯ ರ ಗಂಭಿರತಾ ಗೀದೇರ ಖೂಬಸುರತಿಕ ರಚ
veedhi laxmi is the goddess of ill-luck .|ವೀಧಿ ಲಕ್ಷ್ಮಿ ದುರ್ಭಾಗ್ಯರ ದೇವಿ ಚ|ವೀಧಿ ಲಕ್ಷ್ಮಿ ದುರ್ಭಾಗ್ಯರ ದೇವಿ ಚ
there is quite a lot of things to do <unk> do you want some help ?|ಘಣ್ ಕಾಮ್ ಕರೆರ್ ಚ ತೋನ್ ಸಹಾಯ್ ಚಾವ ಕ?|ತಮನುನ್ ಘಣ್ ಸಹಾಯ್ ಚಾವಚ್ ಕ?
the goddess bhagyalaxmi departed from the land .|ಜನಾ ಭಾಗ್ಯ ಲಕ್ಷ್ಮಿ ವತೇತಿ ದರಗಿ|ದೇವಿ ಭಾಗ್ಯ ಲಕ್ಷ್ಮಿ ವತೇತಿ ದರಗಿ
the proverbs used by illiterate people have preserved original structure and meaning .|ಅನಪಡ ಲೋಗುರ ಕಹಾವತೆ ಮೂಲ ರಚನೇನ ಅನ ಅರ್ಥಾನ ರಕಾಡಮಲೇಚ|ಅನಪಡ ಲೋಗುರ ಕಹಾವತೆ ಮೂಲ ರಚನೇನ ರಕಾಡಮಲಿಚ
there are many such narrative songs of wondering their folk literature .|ವೂನೂರ ಜಾನಪದ ಸಾಹಿತ್ಯನ ಚಕಿತ ಕರೆವಾಳ ಘಣಿ ಕಥಾ ಗೀದೇನೋ ಛ|ಜಾನಪದ ಸಾಹಿತ್ಯರ ಪ್ರಕಾರೇನುಮ ಘಣ ಕಥಾ ಗೀದೆ ಚ
ceremonies like education social control social authority cultural continuity and judicial matter .|ಶಿಕ್ಷಣ ಸಾಮಾಜಿಕ ನಿಯಂತ್ರಣ ಸಾಮಾಜಿಕ ಅಧಿಕಾರ ಸಾಂಸ್ಕೃತಿಕ ನಿರಂತರತೆ ಅನ ನ್ಯಾಯಾಂಗ ರ ಸರಿಕ ಸಮಾರಂಭ|ಸಾಮಾಜಿಕ ಆರ್ಥಿಕ್ ಅಜಿ ಸಾಮಾನ್ಯಾಯ ಪ್ರಭಾವ ವೇಮಲಿಚ್.
they accompanied asaffan carrying his provisions during his raid into the deccan .|ವೊ ಅಸ್ಫಫ್ನರ್ ಜೋಡಿ ಭಳನ ದಕ್ಕನೆಪರ ದಾಳಿ ಕರ ಜೆ ಸಮಯ ಪರ ನಿಬಂಧನೆ ಲೇಲೇನ ಗೆ|ವೊ ವೋರ ಘೊಡೆರ ವಾಸ ವೋರ ಆಂತರಿಕ ಮಾಂಗೇನ ಲೇಜಾವಚ
the particular names of prithviraj and jayachand are not mentioned .|ಫ್ರುಥ್ವಿರಾಜ ಅನ ಜಯಚಂದೇರ ನಾಮ ಉಲ್ಲೇಖ ಕಿದೇಕೊಂತಿ|ಫ್ರುತ್ವಿರಾಜ ಚಹ್ವಾಣ ಅನ ಜಯಚಂದ ರಾಠೋಡ ನಾಮ ಕಚ
carrying food to various places have posed difficulty in identifying their original place .|ನಾಳಿ ಜಗಾಮಾಯಿ ಊಟ ವೆಚಾಜೆತಿ ವನೂರ್ ಜಾಗ ಗುರುತ್ ಕರೆಮ್ ತೊಂದರೆ ವೇಗಿಚ.|ದೂಸರ್ ಜಾಗಾನೂನ ದೂಸರ್ ಜಾಗಾನೊ ವೂನೂರ್ ಮೂಲ ಸ್ಥಾನ ಗುರುತ್ ಕರೆರ ಮುಷ್ಕಿಲ್ ಚ
her relatives told him that the courtyard was insufficient for her performance .|ವೋರ ಸಂಬಧಿಕ ನೋ ಅಂಗಳಾ ವೋರ ಪ್ರದರ್ಶನೇರ ವಾಸ ಕಮ್ ಪಡಗೋತೋ ಕೇನ ಕೆ|ವೋರ ರಿಸ್ತೇದಾರ ನೋ ವೋರ ಪ್ರದರ್ಶನ ಛೆನಿ ಕೇನ ಕೆ
this pathetic story resembles the cinderella cycle stories .|ಈ ಕರಣಾಜನಕ ಸಾಕಿ ಸಿನ್ಡ್ರೆಲ್ಲಾ ಸೈಕಲೇರ ಸಾಕಿರ ನಾಯಿ ಚ|ಈ ದುಃಖ್ ಏರ ಸಾಕಿ ದೀಟೆರ ಸಾಕಿನೊ ಚ
he recognised his two queens and children but remained tongue tied .|ವು ವೋರ ದೊಯೀ ರಾಣಿ ಅನ ಛಿಜ್ಯಪರೇನ ವೊಲ್ಕಾಣಿ ಪಕಡಲಿದೋ ಪಣ ವೋರ ಮುಂಡೊ ಬಂದ ವೆತ್ತೋ|ವು ವೋರ ದೀ ರಾಣಿ ಅನ ಬೇಟಾನುನ ಸಮ್ಜಗೋ
she was treated with contempt by her step-mother and step-brother .|ತಾರಾನ ವೋರ ಸೌತೇಲಿ ಯಾಡಿ ಅನ ಸೌತೇಲಾ ಭಾಯಿ ಅವಮಾನ ಕೀದೇತೆ|ವೊನ ವೋರ ಸೌತೇಲಿ ಯಾಡಿ ಅನ ಸೌತೇಲಾ ಭಾಯಿ ಭಾಯಿ ಘಣ ಅವಮಾನ ಕೀದೇತೆ
she takes him to heaven but there she was to chew the dust .|ಛೋರೀ ಛೋರಾನ ಸ್ವರ್ಗಾನ್ ಲೇ ಜಾವಚ ಅಜಿ ಉ ಧುಳ್ ಖೋದಚ.|ವು ವೊನ ಸ್ವರ್ಗೆಮ ಲೇಜಾವಚ ಪಣ ವೊನ ವತ ಧೂಡ ಖಾಣು ಪಡಿ
unconsciously he put his foot on the hood of the cobra .|ವು ಬಗರ್ ಮಾಲಮ್ ವೇರ ಸಾಪೇರ ಹೇಡಿ ಪರ ಟಾಂಗ ಮೇಲನಾಕೊ|ವು ವೋರ ಟಾಂಗೆಪರ ಚೋಟ ಘಾಲೊ
they swore to take revenge and to seize their state .|ವೊ ಬದಲಾ ಲೇರ ಅನ ವೂನೂರ ರಾಜ್ಯ ಪರ ಜಪ್ತಿ ಕರೆರ ಸೋಗನ ಖಾದೆ|ವೊ ಬದಲಾ ಲೇರ ಅನ ವೂನೂರ ರಾಜ್ಯ ಪರ ಜಪ್ತಿ ಕರೆರ ಸೋಗನ ಖಾದೆ
they achievemental and physical relief by such singing and dancing .|ಅಸ ಗೀದೆ ಅನ ನೃತ್ಯ ತಿ ವೂನುನ ಉಪಲಬ್ಧಿ ಅನ ಶಾರೀರಿಕ ರಾಹತ್ ಮಳಚ|ವೊ ಗೀದೆ ಗೀದಗಾವಚ ಅನ ನಾಚೆರೋ ಅರಾಮ್ ಕರಚ
they lead all fathers and their tiny sons born since the last holi|ವೊ ಲಾರೇರ ಹೋಳಿರ ಪಚ ಯೆಮಲೆಜೆ ಛಿಜ್ಯಪರ ಅನ ವೂನೂರ ಬಾಪೇನ ನೇತೃತ್ವ ದಚ|ವೊ ಸೆ ಬಾಪು ಅನ ವೂನೂರ ನಾಣಕ್ಯ ಬೇಟಾ ಅಂದೂತಿ ಜನ್ಮ ಲಚ
though they were honest and religious minded they did not bear children .|ವು ಇಮಾನ್ದಾರ ಅನ ಧಾರ್ಮಿಕ ದಿಮಾಗೆ ವಾಳೊ ವೆತ್ತೋ ಪಣ ಛಿಜ್ಯಾಪರ ಜಣೊಕೋನಿ|ವೊ ಪ್ರಾಮಾಣಿಕ್ ಅನ ಧಾರ್ಮಿಕ್ ವಿಚಾರ ಕಿದೋ ಕೋನಿ
o ! goddess i worship you with aratii worship you forever|ಓ! ದೇವಿ ಮ ಆರತಿತಿ ತಾರ ಪೂಜಾ ಕರುಚು ಅನ ಹಮೇಶಾ ತಾರ ಪೂಜಾ ಕರತೋ ರುಚು|ಓ! ದೇವಿ ಮಾರಿ ಮ ತೋನ ಕನ್ನಾಯೀಬಿ ಪೂಜಾ ಕರುಚು.
the wise girl gets in return a suitable groom as her husband .|ಸಾಣ ಛೋರಿನ ಯೆರ ಬದಲೆಮ ವೊನ ಧಣಿ ರ ರೂಪೇಮ ಏಕ ಉಪಯುಕ್ತ ವರ ಮಳಗೊ|ಸಾಣ ಛೋರಿ ಓರ್ ಧಣಿರ್ ಘರೇನ್ ಜಾವಚ.
the young men then carry out the responsibility of a day long programme of dance|ಲಾರ್ತಿ ಕುವಾರೆ ಛಿಜಯಾಪರ ಏಕ ದಾಡೆರ ನಾಚೇರ ಕಾರ್ಯಕ್ರಮೇರ ಜವಾಬ್ದಾರಿ ಪೂರಾ ಕರಚ|ಮಾಟಿನೊ ಏಕ್ ಮೋಟೋ ಡ್ಯಾನ್ಸರ್ ಚೋರಿ ಕರಚ
but each member reached the spot at the appointed time taking different paths .|ಪಣ ಹರ್ ಏಕ್ ಮಾಣಸ್ ವೊ ಜಾಗಾ ಪರ್ ಠೀಕ್ ಸಮಯ್ ಪರ್ ದೂಸರ್ ದೂಸರ್ ವಾಟೆನ್ ಜಾತೇತೆ|ಪಣ ಹರ್ ಏಕ್ ಮಾಣಸ ಅಲಗ್ ವೇಗೋ
she blessed her son suriya to be forever in the light .|ವು ವೋರ ಬೇಟಾ ಸೂರ್ಯಾ ನ ಕನ್ನಾಯೀಬಿ ವಜಾಳೆಮ ರೆದ ಕೇನ ಆಶೀರ್ವಾದ ದಿನಿ|ವು ವೋರ ಬೇಟಾ ವಜಾಳೆತಿ ರೆದ ಕೇನ ಆಶೀರ್ವಾದ ದಿನಿ
we have to take him to the hospital immediately <unk> he is seriously injured !|ಅಪಣ ವೊನ್ ಜಲ್ದಿ ದವಾಖಾನಿ ನ ಲೇಜಾಣು ವೊನ್ ಘಣ್ ಚೋಟ ಲಾಗಮಲಿಚ.|ಹಮ್ ಓನ್ ಝಲ್ದಿ ಲೇಜಾಣು.
